{"result": [{"box": [1330, 2286, 1614, 2332], "text": " Solde/Balance", "label": "question", "words": [{"box": [1330, 2286, 1614, 2332], "text": " Solde/Balance"}], "linking": [{"linking": [0, 1]}], "id": 0}, {"box": [99999, 99999, -1, -1], "text": "", "label": "answer", "words": [], "linking": [{"linking": [1, 0]}], "id": 1}, {"box": [99999, 99999, -1, -1], "text": "", "label": "question", "words": [], "linking": [{"linking": [2, 3]}], "id": 2}, {"box": [1986, 2287, 2064, 2328], "text": " 0.00", "label": "answer", "words": [{"box": [1986, 2287, 2064, 2328], "text": " 0.00"}], "linking": [{"linking": [3, 2]}], "id": 3}, {"box": [1333, 2178, 1435, 2219], "text": " Total", "label": "question", "words": [{"box": [1333, 2178, 1435, 2219], "text": " Total"}], "linking": [{"linking": [4, 5]}], "id": 4}, {"box": [99999, 99999, -1, -1], "text": "", "label": "answer", "words": [], "linking": [{"linking": [5, 4]}], "id": 5}, {"box": [99999, 99999, -1, -1], "text": "", "label": "question", "words": [], "linking": [{"linking": [6, 7]}], "id": 6}, {"box": [1912, 2180, 2063, 2222], "text": " 1,224.11", "label": "answer", "words": [{"box": [1912, 2180, 2063, 2222], "text": " 1,224.11"}], "linking": [{"linking": [7, 6]}], "id": 7}, {"box": [1268, 2565, 1499, 2603], "text": " Autres/Other", "label": "question", "words": [{"box": [1268, 2565, 1499, 2603], "text": " Autres/Other"}], "linking": [{"linking": [8, 9]}], "id": 8}, {"box": [99999, 99999, -1, -1], "text": "", "label": "answer", "words": [], "linking": [{"linking": [9, 8]}], "id": 9}, {"box": [99999, 99999, -1, -1], "text": "", "label": "question", "words": [], "linking": [{"linking": [10, 11]}], "id": 10}, {"box": [1871, 2565, 1945, 2603], "text": " 0.00", "label": "answer", "words": [{"box": [1871, 2565, 1945, 2603], "text": " 0.00"}], "linking": [{"linking": [11, 10]}], "id": 11}, {"box": [1265, 2517, 1575, 2556], "text": " Restauration/F&B", "label": "question", "words": [{"box": [1265, 2517, 1575, 2556], "text": " Restauration/F&B"}], "linking": [{"linking": [12, 13]}], "id": 12}, {"box": [99999, 99999, -1, -1], "text": "", "label": "answer", "words": [], "linking": [{"linking": [13, 12]}], "id": 13}, {"box": [99999, 99999, -1, -1], "text": "", "label": "question", "words": [], "linking": [{"linking": [14, 15]}], "id": 14}, {"box": [1864, 2519, 1944, 2554], "text": " 10.67", "label": "answer", "words": [{"box": [1864, 2519, 1944, 2554], "text": " 10.67"}], "linking": [{"linking": [15, 14]}], "id": 15}, {"box": [1266, 2471, 1532, 2510], "text": " Chambre/Room", "label": "question", "words": [{"box": [1266, 2471, 1532, 2510], "text": " Chambre/Room"}], "linking": [{"linking": [16, 17]}], "id": 16}, {"box": [99999, 99999, -1, -1], "text": "", "label": "answer", "words": [], "linking": [{"linking": [17, 16]}], "id": 17}, {"box": [99999, 99999, -1, -1], "text": "", "label": "question", "words": [], "linking": [{"linking": [18, 19]}], "id": 18}, {"box": [1849, 2469, 1944, 2508], "text": " 93.54", "label": "answer", "words": [{"box": [1849, 2469, 1944, 2508], "text": " 93.54"}], "linking": [{"linking": [19, 18]}], "id": 19}, {"box": [245, 2564, 475, 2603], "text": " Autres/Other", "label": "question", "words": [{"box": [245, 2564, 475, 2603], "text": " Autres/Other"}], "linking": [{"linking": [20, 21]}], "id": 20}, {"box": [99999, 99999, -1, -1], "text": "", "label": "answer", "words": [], "linking": [{"linking": [21, 20]}], "id": 21}, {"box": [99999, 99999, -1, -1], "text": "", "label": "question", "words": [], "linking": [{"linking": [22, 23]}], "id": 22}, {"box": [855, 2564, 923, 2597], "text": " 0.00", "label": "answer", "words": [{"box": [855, 2564, 923, 2597], "text": " 0.00"}], "linking": [{"linking": [23, 22]}], "id": 23}, {"box": [247, 2517, 553, 2555], "text": " Restauration/F&B", "label": "question", "words": [{"box": [247, 2517, 553, 2555], "text": " Restauration/F&B"}], "linking": [{"linking": [24, 25]}], "id": 24}, {"box": [99999, 99999, -1, -1], "text": "", "label": "answer", "words": [], "linking": [{"linking": [25, 24]}], "id": 25}, {"box": [99999, 99999, -1, -1], "text": "", "label": "question", "words": [], "linking": [{"linking": [26, 27]}], "id": 26}, {"box": [858, 2517, 924, 2551], "text": " 5.35", "label": "answer", "words": [{"box": [858, 2517, 924, 2551], "text": " 5.35"}], "linking": [{"linking": [27, 26]}], "id": 27}, {"box": [244, 2469, 509, 2509], "text": " Chambre/Room", "label": "question", "words": [{"box": [244, 2469, 509, 2509], "text": " Chambre/Room"}], "linking": [{"linking": [28, 29]}], "id": 28}, {"box": [99999, 99999, -1, -1], "text": "", "label": "answer", "words": [], "linking": [{"linking": [29, 28]}], "id": 29}, {"box": [99999, 99999, -1, -1], "text": "", "label": "question", "words": [], "linking": [{"linking": [30, 31]}], "id": 30}, {"box": [831, 2468, 926, 2506], "text": " 46.89", "label": "answer", "words": [{"box": [831, 2468, 926, 2506], "text": " 46.89"}], "linking": [{"linking": [31, 30]}], "id": 31}, {"box": [1264, 837, 1679, 882], "text": " Adh\u00e9sion / Member #", "label": "question", "words": [{"box": [1264, 837, 1679, 882], "text": " Adh\u00e9sion / Member #"}], "linking": [{"linking": [32, 33]}], "id": 32}, {"box": [99999, 99999, -1, -1], "text": "", "label": "answer", "words": [], "linking": [{"linking": [33, 32]}], "id": 33}, {"box": [99999, 99999, -1, -1], "text": "", "label": "question", "words": [], "linking": [{"linking": [34, 35]}], "id": 34}, {"box": [1765, 836, 1999, 880], "text": " XXXXX1417", "label": "answer", "words": [{"box": [1765, 836, 1999, 880], "text": " XXXXX1417"}], "linking": [{"linking": [35, 34]}], "id": 35}, {"box": [1263, 781, 1624, 829], "text": " D\u00e9part / Departure", "label": "question", "words": [{"box": [1263, 781, 1624, 829], "text": " D\u00e9part / Departure"}], "linking": [{"linking": [36, 37]}], "id": 36}, {"box": [99999, 99999, -1, -1], "text": "", "label": "answer", "words": [], "linking": [{"linking": [37, 36]}], "id": 37}, {"box": [99999, 99999, -1, -1], "text": "", "label": "question", "words": [], "linking": [{"linking": [38, 39]}], "id": 38}, {"box": [1776, 782, 1924, 821], "text": " 14/03/19", "label": "answer", "words": [{"box": [1776, 782, 1924, 821], "text": " 14/03/19"}], "linking": [{"linking": [39, 38]}], "id": 39}, {"box": [1264, 724, 1574, 771], "text": " Arriv\u00e9e / Arrival", "label": "question", "words": [{"box": [1264, 724, 1574, 771], "text": " Arriv\u00e9e / Arrival"}], "linking": [{"linking": [40, 41]}], "id": 40}, {"box": [99999, 99999, -1, -1], "text": "", "label": "answer", "words": [], "linking": [{"linking": [41, 40]}], "id": 41}, {"box": [99999, 99999, -1, -1], "text": "", "label": "question", "words": [], "linking": [{"linking": [42, 43]}], "id": 42}, {"box": [1771, 725, 1927, 764], "text": " 11/03/19", "label": "answer", "words": [{"box": [1771, 725, 1927, 764], "text": " 11/03/19"}], "linking": [{"linking": [43, 42]}], "id": 43}, {"box": [1260, 376, 1419, 427], "text": " N\u00ba Page", "label": "question", "words": [{"box": [1260, 376, 1419, 427], "text": " N\u00ba Page"}], "linking": [{"linking": [44, 45]}], "id": 44}, {"box": [99999, 99999, -1, -1], "text": "", "label": "answer", "words": [], "linking": [{"linking": [45, 44]}], "id": 45}, {"box": [99999, 99999, -1, -1], "text": "", "label": "question", "words": [], "linking": [{"linking": [46, 47]}], "id": 46}, {"box": [1762, 377, 1868, 420], "text": " 1 of 1", "label": "answer", "words": [{"box": [1762, 377, 1868, 420], "text": " 1 of 1"}], "linking": [{"linking": [47, 46]}], "id": 47}, {"box": [1261, 315, 1658, 362], "text": " N\u00ba Cassier / Cashier", "label": "question", "words": [{"box": [1261, 315, 1658, 362], "text": " N\u00ba Cassier / Cashier"}], "linking": [{"linking": [48, 49]}], "id": 48}, {"box": [99999, 99999, -1, -1], "text": "", "label": "answer", "words": [], "linking": [{"linking": [49, 48]}], "id": 49}, {"box": [99999, 99999, -1, -1], "text": "", "label": "question", "words": [], "linking": [{"linking": [50, 51]}], "id": 50}, {"box": [1773, 320, 1809, 355], "text": " 10", "label": "answer", "words": [{"box": [1773, 320, 1809, 355], "text": " 10"}], "linking": [{"linking": [51, 50]}], "id": 51}, {"box": [1259, 249, 1418, 296], "text": " N\u00ba Folio", "label": "question", "words": [{"box": [1259, 249, 1418, 296], "text": " N\u00ba Folio"}], "linking": [{"linking": [52, 53]}], "id": 52}, {"box": [99999, 99999, -1, -1], "text": "", "label": "answer", "words": [], "linking": [{"linking": [53, 52]}], "id": 53}, {"box": [99999, 99999, -1, -1], "text": "", "label": "question", "words": [], "linking": [{"linking": [54, 55]}], "id": 54}, {"box": [1766, 249, 1905, 293], "text": " 142425", "label": "answer", "words": [{"box": [1766, 249, 1905, 293], "text": " 142425"}], "linking": [{"linking": [55, 54]}], "id": 55}, {"box": [1264, 185, 1579, 232], "text": " Chambre / Room", "label": "question", "words": [{"box": [1264, 185, 1579, 232], "text": " Chambre / Room"}], "linking": [{"linking": [56, 57]}], "id": 56}, {"box": [99999, 99999, -1, -1], "text": "", "label": "answer", "words": [], "linking": [{"linking": [57, 56]}], "id": 57}, {"box": [99999, 99999, -1, -1], "text": "", "label": "question", "words": [], "linking": [{"linking": [58, 59]}], "id": 58}, {"box": [1764, 186, 1857, 229], "text": " 0722", "label": "answer", "words": [{"box": [1764, 186, 1857, 229], "text": " 0722"}], "linking": [{"linking": [59, 58]}], "id": 59}, {"box": [1265, 2416, 1956, 2465], "text": " T.V.Q. Sommaire / Q.S.T. Summary", "label": "header", "words": [{"box": [1265, 2416, 1956, 2465], "text": " T.V.Q. Sommaire / Q.S.T. Summary"}], "linking": [{"linking": []}], "id": 60}, {"box": [236, 2416, 923, 2466], "text": " T.P.S. Sommaire / G.S.T. Summary", "label": "header", "words": [{"box": [236, 2416, 923, 2466], "text": " T.P.S. Sommaire / G.S.T. Summary"}], "linking": [{"linking": []}], "id": 61}, {"box": [2214, 1051, 2361, 1092], "text": " Credits", "label": "header", "words": [{"box": [2214, 1051, 2361, 1092], "text": " Credits"}], "linking": [{"linking": []}], "id": 62}, {"box": [1794, 1051, 2065, 1096], "text": " Frais/Charges", "label": "header", "words": [{"box": [1794, 1051, 2065, 1096], "text": " Frais/Charges"}], "linking": [{"linking": []}], "id": 63}, {"box": [901, 1048, 1667, 1096], "text": " Suppl\u00e9mentaire/Additional Information", "label": "header", "words": [{"box": [901, 1048, 1667, 1096], "text": " Suppl\u00e9mentaire/Additional Information"}], "linking": [{"linking": []}], "id": 64}, {"box": [299, 1048, 527, 1096], "text": " Description", "label": "header", "words": [{"box": [299, 1048, 527, 1096], "text": " Description"}], "linking": [{"linking": []}], "id": 65}, {"box": [57, 1048, 145, 1090], "text": " Date", "label": "header", "words": [{"box": [57, 1048, 145, 1090], "text": " Date"}], "linking": [{"linking": []}], "id": 66}, {"box": [107, 270, 465, 364], "text": " RITZ-CARLTON Montr\u00e9al", "label": "header", "words": [{"box": [107, 270, 465, 364], "text": " RITZ-CARLTON Montr\u00e9al"}], "linking": [{"linking": []}], "id": 67}, {"box": [2200, 2066, 2352, 2105], "text": " 1,224.11", "label": "other", "words": [{"box": [2200, 2066, 2352, 2105], "text": " 1,224.11"}], "linking": [{"linking": []}], "id": 68}, {"box": [914, 2062, 1520, 2102], "text": " XXXXXXXXXXXX2606 XX/XX", "label": "other", "words": [{"box": [914, 2062, 1520, 2102], "text": " XXXXXXXXXXXX2606 XX/XX"}], "linking": [{"linking": []}], "id": 69}, {"box": [298, 2060, 376, 2096], "text": " Visa", "label": "other", "words": [{"box": [298, 2060, 376, 2096], "text": " Visa"}], "linking": [{"linking": []}], "id": 70}, {"box": [1965, 1993, 2063, 2033], "text": " 31.18", "label": "other", "words": [{"box": [1965, 1993, 2063, 2033], "text": " 31.18"}], "linking": [{"linking": []}], "id": 71}, {"box": [300, 1991, 862, 2041], "text": " QST Rooms / TVQ Chambres", "label": "other", "words": [{"box": [300, 1991, 862, 2041], "text": " QST Rooms / TVQ Chambres"}], "linking": [{"linking": []}], "id": 72}, {"box": [1970, 1933, 2067, 1972], "text": " 15.63", "label": "other", "words": [{"box": [1970, 1933, 2067, 1972], "text": " 15.63"}], "linking": [{"linking": []}], "id": 73}, {"box": [300, 1928, 854, 1975], "text": " GST Rooms / TPS Chambres", "label": "other", "words": [{"box": [300, 1928, 854, 1975], "text": " GST Rooms / TPS Chambres"}], "linking": [{"linking": []}], "id": 74}, {"box": [1971, 1866, 2068, 1906], "text": " 10.57", "label": "other", "words": [{"box": [1971, 1866, 2068, 1906], "text": " 10.57"}], "linking": [{"linking": []}], "id": 75}, {"box": [301, 1863, 906, 1910], "text": " Room Occ. Tax / Heberger", "label": "other", "words": [{"box": [301, 1863, 906, 1910], "text": " Room Occ. Tax / Heberger"}], "linking": [{"linking": []}], "id": 76}, {"box": [1945, 1798, 2064, 1840], "text": " 302.00", "label": "other", "words": [{"box": [1945, 1798, 2064, 1840], "text": " 302.00"}], "linking": [{"linking": []}], "id": 77}, {"box": [300, 1797, 635, 1845], "text": " Special Corporate", "label": "other", "words": [{"box": [300, 1797, 635, 1845], "text": " Special Corporate"}], "linking": [{"linking": []}], "id": 78}, {"box": [1966, 1732, 2065, 1775], "text": " 79.12", "label": "other", "words": [{"box": [1966, 1732, 2065, 1775], "text": " 79.12"}], "linking": [{"linking": []}], "id": 79}, {"box": [1046, 1728, 1519, 1780], "text": " 0722 : CHECK# 0049395", "label": "other", "words": [{"box": [1046, 1728, 1519, 1780], "text": " 0722 : CHECK# 0049395"}], "linking": [{"linking": []}], "id": 80}, {"box": [297, 1730, 1037, 1780], "text": " Room Service / Service chambreRoom#", "label": "other", "words": [{"box": [297, 1730, 1037, 1780], "text": " Room Service / Service chambreRoom#"}], "linking": [{"linking": []}], "id": 81}, {"box": [1966, 1666, 2064, 1707], "text": " 31.18", "label": "other", "words": [{"box": [1966, 1666, 2064, 1707], "text": " 31.18"}], "linking": [{"linking": []}], "id": 82}, {"box": [299, 1663, 859, 1712], "text": " QST Rooms / TVQ Chambres", "label": "other", "words": [{"box": [299, 1663, 859, 1712], "text": " QST Rooms / TVQ Chambres"}], "linking": [{"linking": []}], "id": 83}, {"box": [1971, 1601, 2067, 1644], "text": " 15.63", "label": "other", "words": [{"box": [1971, 1601, 2067, 1644], "text": " 15.63"}], "linking": [{"linking": []}], "id": 84}, {"box": [302, 1598, 852, 1649], "text": " GST Rooms / TPS Chambres", "label": "other", "words": [{"box": [302, 1598, 852, 1649], "text": " GST Rooms / TPS Chambres"}], "linking": [{"linking": []}], "id": 85}, {"box": [1971, 1536, 2064, 1576], "text": " 10.57", "label": "other", "words": [{"box": [1971, 1536, 2064, 1576], "text": " 10.57"}], "linking": [{"linking": []}], "id": 86}, {"box": [299, 1533, 905, 1583], "text": " Room Occ. Tax / Taxe Heberger", "label": "other", "words": [{"box": [299, 1533, 905, 1583], "text": " Room Occ. Tax / Taxe Heberger"}], "linking": [{"linking": []}], "id": 87}, {"box": [1946, 1469, 2063, 1512], "text": " 302.00", "label": "other", "words": [{"box": [1946, 1469, 2063, 1512], "text": " 302.00"}], "linking": [{"linking": []}], "id": 88}, {"box": [302, 1467, 635, 1517], "text": " Special Corporate", "label": "other", "words": [{"box": [302, 1467, 635, 1517], "text": " Special Corporate"}], "linking": [{"linking": []}], "id": 89}, {"box": [1966, 1405, 2061, 1445], "text": " 31.18", "label": "other", "words": [{"box": [1966, 1405, 2061, 1445], "text": " 31.18"}], "linking": [{"linking": []}], "id": 90}, {"box": [298, 1401, 859, 1451], "text": " QST Rooms / TVQ Chambres", "label": "other", "words": [{"box": [298, 1401, 859, 1451], "text": " QST Rooms / TVQ Chambres"}], "linking": [{"linking": []}], "id": 91}, {"box": [298, 1336, 855, 1384], "text": " GST Rooms / TPS Chambres", "label": "other", "words": [{"box": [298, 1336, 855, 1384], "text": " GST Rooms / TPS Chambres"}], "linking": [{"linking": []}], "id": 92}, {"box": [1969, 1273, 2066, 1314], "text": " 10.57", "label": "other", "words": [{"box": [1969, 1273, 2066, 1314], "text": " 10.57"}], "linking": [{"linking": []}], "id": 93}, {"box": [297, 1270, 907, 1322], "text": " Room Occ. Tax / Taxe Heberger", "label": "other", "words": [{"box": [297, 1270, 907, 1322], "text": " Room Occ. Tax / Taxe Heberger"}], "linking": [{"linking": []}], "id": 94}, {"box": [1945, 1209, 2063, 1251], "text": " 302.00", "label": "other", "words": [{"box": [1945, 1209, 2063, 1251], "text": " 302.00"}], "linking": [{"linking": []}], "id": 95}, {"box": [301, 1209, 633, 1254], "text": " Special Corporate", "label": "other", "words": [{"box": [301, 1209, 633, 1254], "text": " Special Corporate"}], "linking": [{"linking": []}], "id": 96}, {"box": [1967, 1143, 2065, 1182], "text": " 66.85", "label": "other", "words": [{"box": [1967, 1143, 2065, 1182], "text": " 66.85"}], "linking": [{"linking": []}], "id": 97}, {"box": [904, 1136, 1518, 1189], "text": " Room# 0722 : CHECK# 0049258", "label": "other", "words": [{"box": [904, 1136, 1518, 1189], "text": " Room# 0722 : CHECK# 0049258"}], "linking": [{"linking": []}], "id": 98}, {"box": [296, 1138, 895, 1189], "text": " Room Service / Service chambre", "label": "other", "words": [{"box": [296, 1138, 895, 1189], "text": " Room Service / Service chambre"}], "linking": [{"linking": []}], "id": 99}, {"box": [2201, 2179, 2355, 2223], "text": " 1,224.11", "label": "other", "words": [{"box": [2201, 2179, 2355, 2223], "text": " 1,224.11"}], "linking": [{"linking": []}], "id": 100}, {"box": [38, 2060, 197, 2097], "text": " 14/03/19", "label": "other", "words": [{"box": [38, 2060, 197, 2097], "text": " 14/03/19"}], "linking": [{"linking": []}], "id": 101}, {"box": [39, 1994, 197, 2036], "text": " 13/03/19", "label": "other", "words": [{"box": [39, 1994, 197, 2036], "text": " 13/03/19"}], "linking": [{"linking": []}], "id": 102}, {"box": [42, 1930, 197, 1970], "text": " 13/03/19", "label": "other", "words": [{"box": [42, 1930, 197, 1970], "text": " 13/03/19"}], "linking": [{"linking": []}], "id": 103}, {"box": [43, 1865, 195, 1903], "text": " 13/03/19", "label": "other", "words": [{"box": [43, 1865, 195, 1903], "text": " 13/03/19"}], "linking": [{"linking": []}], "id": 104}, {"box": [39, 1798, 196, 1837], "text": " 13/03/19", "label": "other", "words": [{"box": [39, 1798, 196, 1837], "text": " 13/03/19"}], "linking": [{"linking": []}], "id": 105}, {"box": [42, 1735, 197, 1773], "text": " 13/03/19", "label": "other", "words": [{"box": [42, 1735, 197, 1773], "text": " 13/03/19"}], "linking": [{"linking": []}], "id": 106}, {"box": [43, 1666, 197, 1707], "text": " 12/03/19", "label": "other", "words": [{"box": [43, 1666, 197, 1707], "text": " 12/03/19"}], "linking": [{"linking": []}], "id": 107}, {"box": [44, 1601, 196, 1642], "text": " 12/03/19", "label": "other", "words": [{"box": [44, 1601, 196, 1642], "text": " 12/03/19"}], "linking": [{"linking": []}], "id": 108}, {"box": [40, 1533, 199, 1574], "text": " 12/03/19", "label": "other", "words": [{"box": [40, 1533, 199, 1574], "text": " 12/03/19"}], "linking": [{"linking": []}], "id": 109}, {"box": [44, 1468, 198, 1510], "text": " 12/03/19", "label": "other", "words": [{"box": [44, 1468, 198, 1510], "text": " 12/03/19"}], "linking": [{"linking": []}], "id": 110}, {"box": [37, 1403, 197, 1444], "text": " 11/03/19", "label": "other", "words": [{"box": [37, 1403, 197, 1444], "text": " 11/03/19"}], "linking": [{"linking": []}], "id": 111}, {"box": [38, 1338, 198, 1378], "text": " 11/03/19", "label": "other", "words": [{"box": [38, 1338, 198, 1378], "text": " 11/03/19"}], "linking": [{"linking": []}], "id": 112}, {"box": [37, 1272, 195, 1314], "text": " 11/03/19", "label": "other", "words": [{"box": [37, 1272, 195, 1314], "text": " 11/03/19"}], "linking": [{"linking": []}], "id": 113}, {"box": [39, 1207, 197, 1247], "text": " 11/03/19", "label": "other", "words": [{"box": [39, 1207, 197, 1247], "text": " 11/03/19"}], "linking": [{"linking": []}], "id": 114}, {"box": [43, 1143, 197, 1182], "text": " 11/03/19", "label": "other", "words": [{"box": [43, 1143, 197, 1182], "text": " 11/03/19"}], "linking": [{"linking": []}], "id": 115}, {"box": [106, 616, 608, 864], "text": " Mc Kinsey Mr. Maxime Delvaux 50 W 34th Apt 17a11 New York, NY 10001 3088 United States", "label": "other", "words": [{"box": [106, 616, 608, 864], "text": " Mc Kinsey Mr. Maxime Delvaux 50 W 34th Apt 17a11 New York, NY 10001 3088 United States"}], "linking": [{"linking": []}], "id": 116}, {"box": [106, 378, 716, 592], "text": " 1228 Rue Sherbrooke Ouest Montreal, Qu\u00e9bec Canada H3G 1H6 514-842-4212 514-842-3383 T.P.S. / G.S.T. # 848037560 T.V.Q. / Q.S.T. # 1212082569", "label": "other", "words": [{"box": [106, 378, 716, 592], "text": " 1228 Rue Sherbrooke Ouest Montreal, Qu\u00e9bec Canada H3G 1H6 514-842-4212 514-842-3383 T.P.S. / G.S.T. # 848037560 T.V.Q. / Q.S.T. # 1212082569"}], "linking": [{"linking": []}], "id": 117}]}