{"form": [{"box": [1149, 153, 1354, 216], "text": "Speedy", "label": "header", "words": [{"text": "Speedy", "box": [1149, 153, 1354, 216]}], "linking": [[]], "id": 0}, {"box": [1366, 152, 1532, 216], "text": "Asset", "label": "header", "words": [{"text": "Asset", "box": [1366, 152, 1532, 216]}], "linking": [[]], "id": 1}, {"box": [1545, 151, 1782, 213], "text": "Services", "label": "header", "words": [{"text": "Services", "box": [1545, 151, 1782, 213]}], "linking": [[]], "id": 2}, {"box": [1796, 150, 2010, 209], "text": "Limited", "label": "header", "words": [{"text": "Limited", "box": [1796, 150, 2010, 209]}], "linking": [[]], "id": 3}, {"box": [3033, 157, 3223, 210], "text": "Invoice", "label": "other", "words": [{"text": "Invoice", "box": [3033, 157, 3223, 210]}], "linking": [[]], "id": 4}, {"box": [183, 223, 508, 327], "text": "Speedy", "label": "other", "words": [{"text": "Speedy", "box": [183, 223, 508, 327]}], "linking": [[]], "id": 5}, {"box": [662, 253, 854, 294], "text": "Registered", "label": "question", "words": [{"text": "Registered", "box": [662, 253, 854, 294]}], "linking": [[]], "id": 6}, {"box": [862, 250, 1019, 294], "text": "Address", "label": "question", "words": [{"text": "Address", "box": [862, 250, 1019, 294]}], "linking": [[]], "id": 7}, {"box": [1034, 249, 1163, 293], "text": "CHASE", "label": "answer", "words": [{"text": "CHASE", "box": [1034, 249, 1163, 293]}], "linking": [[]], "id": 8}, {"box": [1172, 248, 1324, 293], "text": "HOUSE,", "label": "answer", "words": [{"text": "HOUSE,", "box": [1172, 248, 1324, 293]}], "linking": [[]], "id": 9}, {"box": [1332, 247, 1374, 293], "text": "16", "label": "answer", "words": [{"text": "16", "box": [1332, 247, 1374, 293]}], "linking": [[]], "id": 10}, {"box": [1384, 247, 1456, 293], "text": "THE", "label": "answer", "words": [{"text": "THE", "box": [1384, 247, 1456, 293]}], "linking": [[]], "id": 11}, {"box": [1466, 247, 1594, 294], "text": "PARKS", "label": "answer", "words": [{"text": "PARKS", "box": [1466, 247, 1594, 294]}], "linking": [[]], "id": 12}, {"box": [1612, 247, 2041, 295], "text": "NEWTON-LE-WILLOWS,", "label": "answer", "words": [{"text": "NEWTON-LE-WILLOWS,", "box": [1612, 247, 2041, 295]}], "linking": [[]], "id": 13}, {"box": [2050, 248, 2152, 295], "text": "WA12", "label": "answer", "words": [{"text": "WA12", "box": [2050, 248, 2152, 295]}], "linking": [[]], "id": 14}, {"box": [2161, 248, 2227, 295], "text": "0JQ", "label": "answer", "words": [{"text": "0JQ", "box": [2161, 248, 2227, 295]}], "linking": [[]], "id": 15}, {"box": [2766, 255, 2858, 298], "text": "Page", "label": "question", "words": [{"text": "Page", "box": [2766, 255, 2858, 298]}], "linking": [[]], "id": 16}, {"box": [2866, 255, 2941, 297], "text": "No.", "label": "question", "words": [{"text": "No.", "box": [2866, 255, 2941, 297]}], "linking": [[]], "id": 17}, {"box": [3137, 256, 3149, 293], "text": "1", "label": "other", "words": [{"text": "1", "box": [3137, 256, 3149, 293]}], "linking": [[]], "id": 18}, {"box": [3156, 256, 3200, 292], "text": "of", "label": "other", "words": [{"text": "of", "box": [3156, 256, 3200, 292]}], "linking": [[]], "id": 19}, {"box": [3207, 255, 3228, 292], "text": "1", "label": "other", "words": [{"text": "1", "box": [3207, 255, 3228, 292]}], "linking": [[]], "id": 20}, {"box": [683, 309, 847, 356], "text": "Company", "label": "question", "words": [{"text": "Company", "box": [683, 309, 847, 356]}], "linking": [[]], "id": 21}, {"box": [858, 310, 940, 356], "text": "Reg.", "label": "question", "words": [{"text": "Reg.", "box": [858, 310, 940, 356]}], "linking": [[]], "id": 22}, {"box": [950, 310, 1023, 355], "text": "No:", "label": "question", "words": [{"text": "No:", "box": [950, 310, 1023, 355]}], "linking": [[]], "id": 23}, {"box": [1033, 309, 1210, 351], "text": "06847930", "label": "answer", "words": [{"text": "06847930", "box": [1033, 309, 1210, 351]}], "linking": [[]], "id": 24}, {"box": [792, 371, 851, 413], "text": "A/R", "label": "question", "words": [{"text": "A/R", "box": [792, 371, 851, 413]}], "linking": [[]], "id": 25}, {"box": [859, 371, 1026, 413], "text": "Contact:", "label": "question", "words": [{"text": "Contact:", "box": [859, 371, 1026, 413]}], "linking": [[]], "id": 26}, {"box": [1033, 371, 1141, 414], "text": "emma", "label": "answer", "words": [{"text": "emma", "box": [1033, 371, 1141, 414]}], "linking": [[]], "id": 27}, {"box": [1148, 372, 1249, 414], "text": "ayres", "label": "answer", "words": [{"text": "ayres", "box": [1148, 372, 1249, 414]}], "linking": [[]], "id": 28}, {"box": [2387, 340, 2515, 375], "text": "Invoice", "label": "question", "words": [{"text": "Invoice", "box": [2387, 340, 2515, 375]}], "linking": [[]], "id": 29}, {"box": [2526, 340, 2590, 375], "text": "No.", "label": "question", "words": [{"text": "No.", "box": [2526, 340, 2590, 375]}], "linking": [[]], "id": 30}, {"box": [2634, 336, 2841, 377], "text": "7111913301", "label": "answer", "words": [{"text": "7111913301", "box": [2634, 336, 2841, 377]}], "linking": [[]], "id": 31}, {"box": [817, 431, 1023, 473], "text": "Telephone:", "label": "question", "words": [{"text": "Telephone:", "box": [817, 431, 1023, 473]}], "linking": [[]], "id": 32}, {"box": [1032, 430, 1143, 473], "text": "01942", "label": "answer", "words": [{"text": "01942", "box": [1032, 430, 1143, 473]}], "linking": [[]], "id": 33}, {"box": [1153, 429, 1279, 473], "text": "327313", "label": "answer", "words": [{"text": "327313", "box": [1153, 429, 1279, 473]}], "linking": [[]], "id": 34}, {"box": [2636, 397, 2820, 435], "text": "170022858", "label": "answer", "words": [{"text": "170022858", "box": [2636, 397, 2820, 435]}], "linking": [[]], "id": 35}, {"box": [1690, 434, 1768, 473], "text": "Fax:", "label": "question", "words": [{"text": "Fax:", "box": [1690, 434, 1768, 473]}], "linking": [[]], "id": 36}, {"box": [1882, 429, 1983, 474], "text": "01942", "label": "answer", "words": [{"text": "01942", "box": [1882, 429, 1983, 474]}], "linking": [[]], "id": 37}, {"box": [1991, 430, 2126, 472], "text": "508780", "label": "answer", "words": [{"text": "508780", "box": [1991, 430, 2126, 472]}], "linking": [[]], "id": 38}, {"box": [2374, 398, 2518, 438], "text": "Account", "label": "question", "words": [{"text": "Account", "box": [2374, 398, 2518, 438]}], "linking": [[]], "id": 39}, {"box": [2528, 399, 2589, 439], "text": "No.", "label": "question", "words": [{"text": "No.", "box": [2528, 399, 2589, 439]}], "linking": [[]], "id": 40}, {"box": [2377, 460, 2498, 494], "text": "Invoice", "label": "question", "words": [{"text": "Invoice", "box": [2377, 460, 2498, 494]}], "linking": [[]], "id": 41}, {"box": [2510, 459, 2587, 494], "text": "date", "label": "question", "words": [{"text": "date", "box": [2510, 459, 2587, 494]}], "linking": [[]], "id": 42}, {"box": [2633, 459, 2816, 495], "text": "10/07/2018", "label": "answer", "words": [{"text": "10/07/2018", "box": [2633, 459, 2816, 495]}], "linking": [[]], "id": 43}, {"box": [77, 499, 533, 540], "text": "www.speedyservices.com", "label": "other", "words": [{"text": "www.speedyservices.com", "box": [77, 499, 533, 540]}], "linking": [[]], "id": 44}, {"box": [904, 496, 1026, 537], "text": "Email:", "label": "question", "words": [{"text": "Email:", "box": [904, 496, 1026, 537]}], "linking": [[]], "id": 45}, {"box": [1034, 496, 1612, 537], "text": "emma.ayres@speedyservices.com", "label": "other", "words": [{"text": "emma.ayres@speedyservices.com", "box": [1034, 496, 1612, 537]}], "linking": [[]], "id": 46}, {"box": [325, 565, 426, 605], "text": "Order", "label": "question", "words": [{"text": "Order", "box": [325, 565, 426, 605]}], "linking": [[]], "id": 47}, {"box": [435, 566, 493, 604], "text": "No.", "label": "question", "words": [{"text": "No.", "box": [435, 566, 493, 604]}], "linking": [[]], "id": 48}, {"box": [839, 572, 993, 614], "text": "Contract", "label": "question", "words": [{"text": "Contract", "box": [839, 572, 993, 614]}], "linking": [[]], "id": 49}, {"box": [1004, 570, 1064, 614], "text": "No.", "label": "question", "words": [{"text": "No.", "box": [1004, 570, 1064, 614]}], "linking": [[]], "id": 50}, {"box": [1200, 565, 1281, 604], "text": "Start", "label": "question", "words": [{"text": "Start", "box": [1200, 565, 1281, 604]}], "linking": [[]], "id": 51}, {"box": [1291, 567, 1373, 605], "text": "Date", "label": "question", "words": [{"text": "Date", "box": [1291, 567, 1373, 605]}], "linking": [[]], "id": 52}, {"box": [1505, 568, 1633, 605], "text": "Invoice", "label": "question", "words": [{"text": "Invoice", "box": [1505, 568, 1633, 605]}], "linking": [[]], "id": 53}, {"box": [1644, 568, 1687, 606], "text": "on", "label": "question", "words": [{"text": "on", "box": [1644, 568, 1687, 606]}], "linking": [[]], "id": 54}, {"box": [1699, 568, 1862, 606], "text": "Contract", "label": "question", "words": [{"text": "Contract", "box": [1699, 568, 1862, 606]}], "linking": [[]], "id": 55}, {"box": [2031, 569, 2107, 603], "text": "Last", "label": "question", "words": [{"text": "Last", "box": [2031, 569, 2107, 603]}], "linking": [[]], "id": 56}, {"box": [2114, 569, 2244, 605], "text": "invoice", "label": "question", "words": [{"text": "invoice", "box": [2114, 569, 2244, 605]}], "linking": [[]], "id": 57}, {"box": [2254, 568, 2317, 605], "text": "No.", "label": "question", "words": [{"text": "No.", "box": [2254, 568, 2317, 605]}], "linking": [[]], "id": 58}, {"box": [2472, 571, 2543, 603], "text": "Last", "label": "question", "words": [{"text": "Last", "box": [2472, 571, 2543, 603]}], "linking": [[]], "id": 59}, {"box": [2552, 570, 2677, 604], "text": "invoice", "label": "question", "words": [{"text": "invoice", "box": [2552, 570, 2677, 604]}], "linking": [[]], "id": 60}, {"box": [2691, 570, 2772, 604], "text": "Date", "label": "question", "words": [{"text": "Date", "box": [2691, 570, 2772, 604]}], "linking": [[]], "id": 61}, {"box": [2909, 567, 3008, 604], "text": "Name", "label": "question", "words": [{"text": "Name", "box": [2909, 567, 3008, 604]}], "linking": [[]], "id": 62}, {"box": [3017, 568, 3054, 605], "text": "of", "label": "question", "words": [{"text": "of", "box": [3017, 568, 3054, 605]}], "linking": [[]], "id": 63}, {"box": [3063, 568, 3157, 607], "text": "Hirer", "label": "question", "words": [{"text": "Hirer", "box": [3063, 568, 3157, 607]}], "linking": [[]], "id": 64}, {"box": [333, 610, 498, 647], "text": "L1005759", "label": "answer", "words": [{"text": "L1005759", "box": [333, 610, 498, 647]}], "linking": [[]], "id": 65}, {"box": [840, 620, 1073, 657], "text": "1445-1003927", "label": "answer", "words": [{"text": "1445-1003927", "box": [840, 620, 1073, 657]}], "linking": [[]], "id": 66}, {"box": [1192, 609, 1377, 647], "text": "23/05/2018", "label": "answer", "words": [{"text": "23/05/2018", "box": [1192, 609, 1377, 647]}], "linking": [[]], "id": 67}, {"box": [1638, 613, 1656, 648], "text": "3", "label": "answer", "words": [{"text": "3", "box": [1638, 613, 1656, 648]}], "linking": [[]], "id": 68}, {"box": [1663, 613, 1707, 648], "text": "of", "label": "answer", "words": [{"text": "of", "box": [1663, 613, 1707, 648]}], "linking": [[]], "id": 69}, {"box": [1717, 613, 1739, 648], "text": "3", "label": "answer", "words": [{"text": "3", "box": [1717, 613, 1739, 648]}], "linking": [[]], "id": 70}, {"box": [2071, 610, 2276, 647], "text": "7111869882", "label": "answer", "words": [{"text": "7111869882", "box": [2071, 610, 2276, 647]}], "linking": [[]], "id": 71}, {"box": [2529, 610, 2709, 648], "text": "30/06/2018", "label": "answer", "words": [{"text": "30/06/2018", "box": [2529, 610, 2709, 648]}], "linking": [[]], "id": 72}, {"box": [2838, 608, 2930, 647], "text": "JOHN", "label": "answer", "words": [{"text": "JOHN", "box": [2838, 608, 2930, 647]}], "linking": [[]], "id": 73}, {"box": [2944, 608, 3042, 648], "text": "PAUL", "label": "answer", "words": [{"text": "PAUL", "box": [2944, 608, 3042, 648]}], "linking": [[]], "id": 74}, {"box": [3050, 608, 3222, 647], "text": "O'ROUKE", "label": "answer", "words": [{"text": "O'ROUKE", "box": [3050, 608, 3222, 647]}], "linking": [[]], "id": 75}, {"box": [75, 696, 205, 736], "text": "Invoice", "label": "question", "words": [{"text": "Invoice", "box": [75, 696, 205, 736]}], "linking": [[]], "id": 76}, {"box": [217, 696, 281, 737], "text": "To:", "label": "question", "words": [{"text": "To:", "box": [217, 696, 281, 737]}], "linking": [[]], "id": 77}, {"box": [1149, 697, 1215, 734], "text": "Site", "label": "question", "words": [{"text": "Site", "box": [1149, 697, 1215, 734]}], "linking": [[]], "id": 78}, {"box": [1223, 697, 1394, 737], "text": "Address:", "label": "question", "words": [{"text": "Address:", "box": [1223, 697, 1394, 737]}], "linking": [[]], "id": 79}, {"box": [1710, 695, 1771, 734], "text": "Site", "label": "question", "words": [{"text": "Site", "box": [1710, 695, 1771, 734]}], "linking": [[]], "id": 80}, {"box": [1781, 697, 1937, 734], "text": "Number:", "label": "question", "words": [{"text": "Number:", "box": [1781, 697, 1937, 734]}], "linking": [[]], "id": 81}, {"box": [2221, 694, 2353, 737], "text": "Issuing", "label": "question", "words": [{"text": "Issuing", "box": [2221, 694, 2353, 737]}], "linking": [[]], "id": 82}, {"box": [2363, 698, 2478, 737], "text": "Depot", "label": "question", "words": [{"text": "Depot", "box": [2363, 698, 2478, 737]}], "linking": [[]], "id": 83}, {"box": [90, 756, 189, 796], "text": "VBMS", "label": "answer", "words": [{"text": "VBMS", "box": [90, 756, 189, 796]}], "linking": [[]], "id": 84}, {"box": [197, 756, 250, 795], "text": "BV", "label": "answer", "words": [{"text": "BV", "box": [197, 756, 250, 795]}], "linking": [[]], "id": 85}, {"box": [1708, 760, 1891, 796], "text": "006067393", "label": "answer", "words": [{"text": "006067393", "box": [1708, 760, 1891, 796]}], "linking": [[]], "id": 86}, {"box": [2230, 747, 2319, 788], "text": "HULL", "label": "answer", "words": [{"text": "HULL", "box": [2230, 747, 2319, 788]}], "linking": [[]], "id": 87}, {"box": [2328, 747, 2455, 786], "text": "PLANT", "label": "answer", "words": [{"text": "PLANT", "box": [2328, 747, 2455, 786]}], "linking": [[]], "id": 88}, {"box": [82, 820, 355, 853], "text": "RIETGORSWEG", "label": "answer", "words": [{"text": "RIETGORSWEG", "box": [82, 820, 355, 853]}], "linking": [[]], "id": 89}, {"box": [377, 819, 395, 852], "text": "4", "label": "answer", "words": [{"text": "4", "box": [377, 819, 395, 852]}], "linking": [[]], "id": 90}, {"box": [1151, 813, 1428, 848], "text": "GAMEKEEPERS", "label": "answer", "words": [{"text": "GAMEKEEPERS", "box": [1151, 813, 1428, 848]}], "linking": [[]], "id": 91}, {"box": [1443, 814, 1637, 850], "text": "COTTAGE,", "label": "answer", "words": [{"text": "COTTAGE,", "box": [1443, 814, 1637, 850]}], "linking": [[]], "id": 92}, {"box": [2227, 814, 2314, 850], "text": "UNIT", "label": "answer", "words": [{"text": "UNIT", "box": [2227, 814, 2314, 850]}], "linking": [[]], "id": 93}, {"box": [2320, 814, 2365, 850], "text": "B,", "label": "answer", "words": [{"text": "B,", "box": [2320, 814, 2365, 850]}], "linking": [[]], "id": 94}, {"box": [2371, 814, 2493, 849], "text": "THERM", "label": "answer", "words": [{"text": "THERM", "box": [2371, 814, 2493, 849]}], "linking": [[]], "id": 95}, {"box": [2512, 814, 2617, 848], "text": "ROAD", "label": "answer", "words": [{"text": "ROAD", "box": [2512, 814, 2617, 848]}], "linking": [[]], "id": 96}, {"box": [84, 862, 163, 895], "text": "3356", "label": "answer", "words": [{"text": "3356", "box": [84, 862, 163, 895]}], "linking": [[]], "id": 97}, {"box": [172, 862, 212, 895], "text": "LJ", "label": "answer", "words": [{"text": "LJ", "box": [172, 862, 212, 895]}], "linking": [[]], "id": 98}, {"box": [221, 861, 508, 895], "text": "PAPENDRECHT", "label": "answer", "words": [{"text": "PAPENDRECHT", "box": [221, 861, 508, 895]}], "linking": [[]], "id": 99}, {"box": [1150, 855, 1269, 887], "text": "NORTH", "label": "answer", "words": [{"text": "NORTH", "box": [1150, 855, 1269, 887]}], "linking": [[]], "id": 100}, {"box": [1286, 855, 1382, 887], "text": "LANE", "label": "answer", "words": [{"text": "LANE", "box": [1286, 855, 1382, 887]}], "linking": [[]], "id": 101}, {"box": [2231, 857, 2317, 889], "text": "HULL", "label": "answer", "words": [{"text": "HULL", "box": [2231, 857, 2317, 889]}], "linking": [[]], "id": 102}, {"box": [84, 903, 147, 935], "text": "NLD", "label": "answer", "words": [{"text": "NLD", "box": [84, 903, 147, 935]}], "linking": [[]], "id": 103}, {"box": [1149, 897, 1427, 931], "text": "MARSHCHAPEL", "label": "answer", "words": [{"text": "MARSHCHAPEL", "box": [1149, 897, 1427, 931]}], "linking": [[]], "id": 104}, {"box": [2231, 898, 2271, 931], "text": "UK", "label": "answer", "words": [{"text": "UK", "box": [2231, 898, 2271, 931]}], "linking": [[]], "id": 105}, {"box": [2286, 898, 2475, 930], "text": "COUNTIES", "label": "answer", "words": [{"text": "COUNTIES", "box": [2286, 898, 2475, 930]}], "linking": [[]], "id": 106}, {"box": [1153, 940, 1316, 969], "text": "GRIMSBY", "label": "answer", "words": [{"text": "GRIMSBY", "box": [1153, 940, 1316, 969]}], "linking": [[]], "id": 107}, {"box": [2232, 941, 2299, 971], "text": "HU8", "label": "answer", "words": [{"text": "HU8", "box": [2232, 941, 2299, 971]}], "linking": [[]], "id": 108}, {"box": [2314, 940, 2377, 972], "text": "7BF", "label": "answer", "words": [{"text": "7BF", "box": [2314, 940, 2377, 972]}], "linking": [[]], "id": 109}, {"box": [1147, 978, 1193, 1015], "text": "UK", "label": "answer", "words": [{"text": "UK", "box": [1147, 978, 1193, 1015]}], "linking": [[]], "id": 110}, {"box": [1206, 978, 1398, 1014], "text": "COUNTIES", "label": "answer", "words": [{"text": "COUNTIES", "box": [1206, 978, 1398, 1014]}], "linking": [[]], "id": 111}, {"box": [1151, 1023, 1239, 1055], "text": "DN36", "label": "answer", "words": [{"text": "DN36", "box": [1151, 1023, 1239, 1055]}], "linking": [[]], "id": 112}, {"box": [1250, 1023, 1317, 1056], "text": "5UF", "label": "answer", "words": [{"text": "5UF", "box": [1250, 1023, 1317, 1056]}], "linking": [[]], "id": 113}, {"box": [2228, 1098, 2278, 1143], "text": "Tel", "label": "answer", "words": [{"text": "Tel", "box": [2228, 1098, 2278, 1143]}], "linking": [[]], "id": 114}, {"box": [2287, 1099, 2394, 1142], "text": "01482", "label": "answer", "words": [{"text": "01482", "box": [2287, 1099, 2394, 1142]}], "linking": [[]], "id": 115}, {"box": [2404, 1100, 2466, 1142], "text": "300", "label": "answer", "words": [{"text": "300", "box": [2404, 1100, 2466, 1142]}], "linking": [[]], "id": 116}, {"box": [2475, 1100, 2545, 1141], "text": "853", "label": "answer", "words": [{"text": "853", "box": [2475, 1100, 2545, 1141]}], "linking": [[]], "id": 117}, {"box": [79, 1173, 146, 1203], "text": "Line", "label": "question", "words": [{"text": "Line", "box": [79, 1173, 146, 1203]}], "linking": [[]], "id": 118}, {"box": [309, 1173, 452, 1206], "text": "Product", "label": "question", "words": [{"text": "Product", "box": [309, 1173, 452, 1206]}], "linking": [[]], "id": 119}, {"box": [549, 1172, 651, 1207], "text": "Asset", "label": "question", "words": [{"text": "Asset", "box": [549, 1172, 651, 1207]}], "linking": [[]], "id": 120}, {"box": [1359, 1175, 1431, 1208], "text": "From", "label": "question", "words": [{"text": "From", "box": [1359, 1175, 1431, 1208]}], "linking": [[]], "id": 121}, {"box": [1612, 1180, 1677, 1211], "text": "Rate", "label": "question", "words": [{"text": "Rate", "box": [1612, 1180, 1677, 1211]}], "linking": [[]], "id": 122}, {"box": [2160, 1173, 2228, 1205], "text": "Unit", "label": "question", "words": [{"text": "Unit", "box": [2160, 1173, 2228, 1205]}], "linking": [[]], "id": 123}, {"box": [2547, 1176, 2610, 1204], "text": "Free", "label": "question", "words": [{"text": "Free", "box": [2547, 1176, 2610, 1204]}], "linking": [[]], "id": 124}, {"box": [77, 1215, 118, 1245], "text": "No", "label": "question", "words": [{"text": "No", "box": [77, 1215, 118, 1245]}], "linking": [[]], "id": 125}, {"box": [202, 1213, 260, 1249], "text": "Qty", "label": "question", "words": [{"text": "Qty", "box": [202, 1213, 260, 1249]}], "linking": [[]], "id": 126}, {"box": [304, 1215, 398, 1248], "text": "Code", "label": "question", "words": [{"text": "Code", "box": [304, 1215, 398, 1248]}], "linking": [[]], "id": 127}, {"box": [550, 1213, 691, 1252], "text": "Number", "label": "question", "words": [{"text": "Number", "box": [550, 1213, 691, 1252]}], "linking": [[]], "id": 128}, {"box": [740, 1211, 939, 1252], "text": "Description", "label": "question", "words": [{"text": "Description", "box": [740, 1211, 939, 1252]}], "linking": [[]], "id": 129}, {"box": [1361, 1219, 1394, 1246], "text": "To", "label": "header", "words": [{"text": "To", "box": [1361, 1219, 1394, 1246]}], "linking": [[]], "id": 130}, {"box": [1613, 1219, 1666, 1248], "text": "Per", "label": "question", "words": [{"text": "Per", "box": [1613, 1219, 1666, 1248]}], "linking": [[]], "id": 131}, {"box": [1844, 1213, 1940, 1250], "text": "Disc.", "label": "question", "words": [{"text": "Disc.", "box": [1844, 1213, 1940, 1250]}], "linking": [[]], "id": 132}, {"box": [1954, 1216, 1977, 1250], "text": "%", "label": "question", "words": [{"text": "%", "box": [1954, 1216, 1977, 1250]}], "linking": [[]], "id": 133}, {"box": [2035, 1218, 2075, 1247], "text": "SR", "label": "question", "words": [{"text": "SR", "box": [2035, 1218, 2075, 1247]}], "linking": [[]], "id": 134}, {"box": [2159, 1214, 2213, 1251], "text": "Net", "label": "question", "words": [{"text": "Net", "box": [2159, 1214, 2213, 1251]}], "linking": [[]], "id": 135}, {"box": [2223, 1215, 2306, 1252], "text": "Rate", "label": "question", "words": [{"text": "Rate", "box": [2223, 1215, 2306, 1252]}], "linking": [[]], "id": 136}, {"box": [2382, 1215, 2444, 1246], "text": "W/D", "label": "question", "words": [{"text": "W/D", "box": [2382, 1215, 2444, 1246]}], "linking": [[]], "id": 137}, {"box": [2536, 1219, 2589, 1248], "text": "D/U", "label": "question", "words": [{"text": "D/U", "box": [2536, 1219, 2589, 1248]}], "linking": [[]], "id": 138}, {"box": [2720, 1216, 2741, 1246], "text": "S", "label": "question", "words": [{"text": "S", "box": [2720, 1216, 2741, 1246]}], "linking": [[]], "id": 139}, {"box": [2883, 1215, 2953, 1247], "text": "VAT", "label": "question", "words": [{"text": "VAT", "box": [2883, 1215, 2953, 1247]}], "linking": [[]], "id": 140}, {"box": [3046, 1214, 3142, 1251], "text": "Value", "label": "question", "words": [{"text": "Value", "box": [3046, 1214, 3142, 1251]}], "linking": [[]], "id": 141}, {"box": [123, 1270, 132, 1289], "text": "1", "label": "answer", "words": [{"text": "1", "box": [123, 1270, 132, 1289]}], "linking": [[]], "id": 142}, {"box": [271, 1266, 290, 1295], "text": "1", "label": "answer", "words": [{"text": "1", "box": [271, 1266, 290, 1295]}], "linking": [[]], "id": 143}, {"box": [305, 1265, 464, 1295], "text": "9930102-s", "label": "answer", "words": [{"text": "9930102-s", "box": [305, 1265, 464, 1295]}], "linking": [[]], "id": 144}, {"box": [739, 1261, 968, 1301], "text": "COLLECTION", "label": "answer", "words": [{"text": "COLLECTION", "box": [739, 1261, 968, 1301]}], "linking": [[]], "id": 145}, {"box": [981, 1260, 1142, 1303], "text": "CHARGE", "label": "answer", "words": [{"text": "CHARGE", "box": [981, 1260, 1142, 1303]}], "linking": [[]], "id": 146}, {"box": [1614, 1269, 1699, 1298], "text": "50.00", "label": "answer", "words": [{"text": "50.00", "box": [1614, 1269, 1699, 1298]}], "linking": [[]], "id": 147}, {"box": [1839, 1268, 1908, 1299], "text": "0.00", "label": "answer", "words": [{"text": "0.00", "box": [1839, 1268, 1908, 1299]}], "linking": [[]], "id": 148}, {"box": [2155, 1268, 2247, 1298], "text": "50.00", "label": "answer", "words": [{"text": "50.00", "box": [2155, 1268, 2247, 1298]}], "linking": [[]], "id": 149}, {"box": [2882, 1263, 2919, 1300], "text": "T1", "label": "answer", "words": [{"text": "T1", "box": [2882, 1263, 2919, 1300]}], "linking": [[]], "id": 150}, {"box": [3136, 1265, 3226, 1297], "text": "50.00", "label": "answer", "words": [{"text": "50.00", "box": [3136, 1265, 3226, 1297]}], "linking": [[]], "id": 151}, {"box": [1614, 1344, 1652, 1375], "text": "Ea", "label": "answer", "words": [{"text": "Ea", "box": [1614, 1344, 1652, 1375]}], "linking": [[]], "id": 152}, {"box": [118, 1413, 139, 1449], "text": "2", "label": "answer", "words": [{"text": "2", "box": [118, 1413, 139, 1449]}], "linking": [[]], "id": 153}, {"box": [277, 1413, 294, 1451], "text": "1", "label": "answer", "words": [{"text": "1", "box": [277, 1413, 294, 1451]}], "linking": [[]], "id": 154}, {"box": [304, 1412, 459, 1453], "text": "22/0087-h", "label": "answer", "words": [{"text": "22/0087-h", "box": [304, 1412, 459, 1453]}], "linking": [[]], "id": 155}, {"box": [544, 1408, 722, 1455], "text": "C09130387", "label": "answer", "words": [{"text": "C09130387", "box": [544, 1408, 722, 1455]}], "linking": [[]], "id": 156}, {"box": [730, 1409, 802, 1455], "text": "VB9", "label": "answer", "words": [{"text": "VB9", "box": [730, 1409, 802, 1455]}], "linking": [[]], "id": 157}, {"box": [810, 1409, 989, 1455], "text": "LIGHTING", "label": "answer", "words": [{"text": "LIGHTING", "box": [810, 1409, 989, 1455]}], "linking": [[]], "id": 158}, {"box": [1004, 1409, 1140, 1452], "text": "TOWER", "label": "answer", "words": [{"text": "TOWER", "box": [1004, 1409, 1140, 1452]}], "linking": [[]], "id": 159}, {"box": [1152, 1409, 1200, 1451], "text": "9M", "label": "answer", "words": [{"text": "9M", "box": [1152, 1409, 1200, 1451]}], "linking": [[]], "id": 160}, {"box": [1357, 1415, 1540, 1453], "text": "29/06/2018", "label": "answer", "words": [{"text": "29/06/2018", "box": [1357, 1415, 1540, 1453]}], "linking": [[]], "id": 161}, {"box": [1616, 1414, 1723, 1451], "text": "120.00", "label": "answer", "words": [{"text": "120.00", "box": [1616, 1414, 1723, 1451]}], "linking": [[]], "id": 162}, {"box": [1844, 1414, 1905, 1452], "text": "0.00", "label": "answer", "words": [{"text": "0.00", "box": [1844, 1414, 1905, 1452]}], "linking": [[]], "id": 163}, {"box": [2159, 1412, 2270, 1452], "text": "120.00", "label": "answer", "words": [{"text": "120.00", "box": [2159, 1412, 2270, 1452]}], "linking": [[]], "id": 164}, {"box": [2385, 1415, 2433, 1447], "text": "0/1", "label": "answer", "words": [{"text": "0/1", "box": [2385, 1415, 2433, 1447]}], "linking": [[]], "id": 165}, {"box": [2881, 1414, 2924, 1452], "text": "T1", "label": "answer", "words": [{"text": "T1", "box": [2881, 1414, 2924, 1452]}], "linking": [[]], "id": 166}, {"box": [3137, 1414, 3222, 1449], "text": "24.00", "label": "answer", "words": [{"text": "24.00", "box": [3137, 1414, 3222, 1449]}], "linking": [[]], "id": 167}, {"box": [544, 1451, 566, 1484], "text": "1", "label": "answer", "words": [{"text": "1", "box": [544, 1451, 566, 1484]}], "linking": [[]], "id": 168}, {"box": [1408, 1488, 1595, 1528], "text": "30/06/2018", "label": "answer", "words": [{"text": "30/06/2018", "box": [1408, 1488, 1595, 1528]}], "linking": [[]], "id": 169}, {"box": [1606, 1488, 1701, 1528], "text": "MWK", "label": "answer", "words": [{"text": "MWK", "box": [1606, 1488, 1701, 1528]}], "linking": [[]], "id": 170}, {"box": [2156, 1487, 2323, 1522], "text": "Terminated", "label": "question", "words": [{"text": "Terminated", "box": [2156, 1487, 2323, 1522]}], "linking": [[]], "id": 171}, {"box": [117, 1563, 140, 1596], "text": "3", "label": "answer", "words": [{"text": "3", "box": [117, 1563, 140, 1596]}], "linking": [[]], "id": 172}, {"box": [277, 1564, 295, 1602], "text": "1", "label": "answer", "words": [{"text": "1", "box": [277, 1564, 295, 1602]}], "linking": [[]], "id": 173}, {"box": [304, 1564, 458, 1598], "text": "22/0087-h", "label": "answer", "words": [{"text": "22/0087-h", "box": [304, 1564, 458, 1598]}], "linking": [[]], "id": 174}, {"box": [551, 1560, 721, 1603], "text": "C09130387", "label": "answer", "words": [{"text": "C09130387", "box": [551, 1560, 721, 1603]}], "linking": [[]], "id": 175}, {"box": [731, 1561, 801, 1604], "text": "VB9", "label": "answer", "words": [{"text": "VB9", "box": [731, 1561, 801, 1604]}], "linking": [[]], "id": 176}, {"box": [811, 1560, 986, 1604], "text": "LIGHTING", "label": "answer", "words": [{"text": "LIGHTING", "box": [811, 1560, 986, 1604]}], "linking": [[]], "id": 177}, {"box": [1004, 1560, 1137, 1602], "text": "TOWER", "label": "answer", "words": [{"text": "TOWER", "box": [1004, 1560, 1137, 1602]}], "linking": [[]], "id": 178}, {"box": [1152, 1560, 1197, 1602], "text": "9M", "label": "answer", "words": [{"text": "9M", "box": [1152, 1560, 1197, 1602]}], "linking": [[]], "id": 179}, {"box": [1356, 1563, 1539, 1601], "text": "01/07/2018", "label": "answer", "words": [{"text": "01/07/2018", "box": [1356, 1563, 1539, 1601]}], "linking": [[]], "id": 180}, {"box": [1619, 1563, 1725, 1599], "text": "120.00", "label": "answer", "words": [{"text": "120.00", "box": [1619, 1563, 1725, 1599]}], "linking": [[]], "id": 181}, {"box": [1846, 1565, 1908, 1601], "text": "0.00", "label": "answer", "words": [{"text": "0.00", "box": [1846, 1565, 1908, 1601]}], "linking": [[]], "id": 182}, {"box": [2156, 1563, 2269, 1600], "text": "120.00", "label": "answer", "words": [{"text": "120.00", "box": [2156, 1563, 2269, 1600]}], "linking": [[]], "id": 183}, {"box": [2389, 1564, 2434, 1597], "text": "0/3", "label": "answer", "words": [{"text": "0/3", "box": [2389, 1564, 2434, 1597]}], "linking": [[]], "id": 184}, {"box": [2882, 1562, 2921, 1604], "text": "T1", "label": "answer", "words": [{"text": "T1", "box": [2882, 1562, 2921, 1604]}], "linking": [[]], "id": 185}, {"box": [3134, 1562, 3224, 1598], "text": "72.00", "label": "answer", "words": [{"text": "72.00", "box": [3134, 1562, 3224, 1598]}], "linking": [[]], "id": 186}, {"box": [545, 1603, 564, 1634], "text": "1", "label": "question", "words": [{"text": "1", "box": [545, 1603, 564, 1634]}], "linking": [[]], "id": 187}, {"box": [1409, 1639, 1591, 1678], "text": "04/07/2018", "label": "answer", "words": [{"text": "04/07/2018", "box": [1409, 1639, 1591, 1678]}], "linking": [[]], "id": 188}, {"box": [1606, 1639, 1697, 1679], "text": "MWK", "label": "answer", "words": [{"text": "MWK", "box": [1606, 1639, 1697, 1679]}], "linking": [[]], "id": 189}, {"box": [2158, 1637, 2326, 1670], "text": "Terminated", "label": "question", "words": [{"text": "Terminated", "box": [2158, 1637, 2326, 1670]}], "linking": [[]], "id": 190}, {"box": [214, 1806, 272, 1841], "text": "VAT", "label": "question", "words": [{"text": "VAT", "box": [214, 1806, 272, 1841]}], "linking": [[]], "id": 191}, {"box": [280, 1807, 420, 1844], "text": "Analysis", "label": "question", "words": [{"text": "Analysis", "box": [280, 1807, 420, 1844]}], "linking": [[]], "id": 192}, {"box": [2842, 1807, 2865, 1833], "text": "CH", "label": "question", "words": [{"text": "CH", "box": [2842, 1807, 2865, 1833]}], "linking": [[]], "id": 193}, {"box": [2417, 1808, 2511, 1840], "text": "Goods", "label": "question", "words": [{"text": "Goods", "box": [2417, 1808, 2511, 1840]}], "linking": [[]], "id": 194}, {"box": [2519, 1807, 2606, 1840], "text": "Value", "label": "question", "words": [{"text": "Value", "box": [2519, 1807, 2606, 1840]}], "linking": [[]], "id": 195}, {"box": [3141, 1809, 3212, 1843], "text": "96.00", "label": "answer", "words": [{"text": "96.00", "box": [3141, 1809, 3212, 1843]}], "linking": [[]], "id": 196}, {"box": [207, 1884, 292, 1917], "text": "Code", "label": "question", "words": [{"text": "Code", "box": [207, 1884, 292, 1917]}], "linking": [[]], "id": 197}, {"box": [432, 1886, 530, 1916], "text": "Rate%", "label": "question", "words": [{"text": "Rate%", "box": [432, 1886, 530, 1916]}], "linking": [[]], "id": 198}, {"box": [680, 1883, 802, 1917], "text": "Taxable", "label": "question", "words": [{"text": "Taxable", "box": [680, 1883, 802, 1917]}], "linking": [[]], "id": 199}, {"box": [926, 1885, 1051, 1918], "text": "Amount", "label": "question", "words": [{"text": "Amount", "box": [926, 1885, 1051, 1918]}], "linking": [[]], "id": 200}, {"box": [1622, 1881, 1684, 1921], "text": "VAT", "label": "question", "words": [{"text": "VAT", "box": [1622, 1881, 1684, 1921]}], "linking": [[]], "id": 201}, {"box": [1693, 1882, 1768, 1921], "text": "Reg.", "label": "question", "words": [{"text": "Reg.", "box": [1693, 1882, 1768, 1921]}], "linking": [[]], "id": 202}, {"box": [1776, 1883, 1826, 1920], "text": "No", "label": "question", "words": [{"text": "No", "box": [1776, 1883, 1826, 1920]}], "linking": [[]], "id": 203}, {"box": [1854, 1884, 2127, 1930], "text": "GB151629570", "label": "answer", "words": [{"text": "GB151629570", "box": [1854, 1884, 2127, 1930]}], "linking": [[]], "id": 204}, {"box": [2416, 1865, 2526, 1900], "text": "Speedy", "label": "question", "words": [{"text": "Speedy", "box": [2416, 1865, 2526, 1900]}], "linking": [[]], "id": 205}, {"box": [2534, 1865, 2627, 1899], "text": "Shield", "label": "question", "words": [{"text": "Shield", "box": [2534, 1865, 2627, 1899]}], "linking": [[]], "id": 206}, {"box": [2636, 1864, 2722, 1899], "text": "Value", "label": "question", "words": [{"text": "Value", "box": [2636, 1864, 2722, 1899]}], "linking": [[]], "id": 207}, {"box": [3155, 1866, 3222, 1899], "text": "0.00", "label": "answer", "words": [{"text": "0.00", "box": [3155, 1866, 3222, 1899]}], "linking": [[]], "id": 208}, {"box": [1605, 1946, 1741, 1984], "text": "Payment", "label": "question", "words": [{"text": "Payment", "box": [1605, 1946, 1741, 1984]}], "linking": [[]], "id": 209}, {"box": [1749, 1950, 1828, 1980], "text": "Due:", "label": "question", "words": [{"text": "Due:", "box": [1749, 1950, 1828, 1980]}], "linking": [[]], "id": 210}, {"box": [1921, 1948, 2126, 1991], "text": "31/08/2018", "label": "answer", "words": [{"text": "31/08/2018", "box": [1921, 1948, 2126, 1991]}], "linking": [[]], "id": 211}, {"box": [2424, 1925, 2489, 1960], "text": "Total", "label": "question", "words": [{"text": "Total", "box": [2424, 1925, 2489, 1960]}], "linking": [[]], "id": 212}, {"box": [2497, 1926, 2639, 1961], "text": "Transport", "label": "question", "words": [{"text": "Transport", "box": [2497, 1926, 2639, 1961]}], "linking": [[]], "id": 213}, {"box": [2645, 1926, 2735, 1960], "text": "Value", "label": "question", "words": [{"text": "Value", "box": [2645, 1926, 2735, 1960]}], "linking": [[]], "id": 214}, {"box": [2846, 1934, 2859, 1959], "text": "\u00a3", "label": "answer", "words": [{"text": "\u00a3", "box": [2846, 1934, 2859, 1959]}], "linking": [[]], "id": 215}, {"box": [208, 1957, 248, 1996], "text": "T1", "label": "answer", "words": [{"text": "T1", "box": [208, 1957, 248, 1996]}], "linking": [[]], "id": 216}, {"box": [3138, 1928, 3223, 1961], "text": "50.00", "label": "answer", "words": [{"text": "50.00", "box": [3138, 1928, 3223, 1961]}], "linking": [[]], "id": 217}, {"box": [430, 1962, 563, 1992], "text": "20.00000", "label": "answer", "words": [{"text": "20.00000", "box": [430, 1962, 563, 1992]}], "linking": [[]], "id": 218}, {"box": [680, 1960, 777, 1988], "text": "146.00", "label": "answer", "words": [{"text": "146.00", "box": [680, 1960, 777, 1988]}], "linking": [[]], "id": 219}, {"box": [919, 1958, 998, 1990], "text": "29.20", "label": "answer", "words": [{"text": "29.20", "box": [919, 1958, 998, 1990]}], "linking": [[]], "id": 220}, {"box": [2841, 1985, 2865, 2014], "text": "CH", "label": "question", "words": [{"text": "CH", "box": [2841, 1985, 2865, 2014]}], "linking": [[]], "id": 221}, {"box": [1563, 2009, 1700, 2045], "text": "Contract", "label": "question", "words": [{"text": "Contract", "box": [1563, 2009, 1700, 2045]}], "linking": [[]], "id": 222}, {"box": [1709, 2012, 1826, 2044], "text": "Status:", "label": "question", "words": [{"text": "Status:", "box": [1709, 2012, 1826, 2044]}], "linking": [[]], "id": 223}, {"box": [1917, 2011, 2128, 2053], "text": "Terminated", "label": "answer", "words": [{"text": "Terminated", "box": [1917, 2011, 2128, 2053]}], "linking": [[]], "id": 224}, {"box": [2423, 1987, 2486, 2019], "text": "Total", "label": "question", "words": [{"text": "Total", "box": [2423, 1987, 2486, 2019]}], "linking": [[]], "id": 225}, {"box": [2493, 1985, 2550, 2019], "text": "Net", "label": "question", "words": [{"text": "Net", "box": [2493, 1985, 2550, 2019]}], "linking": [[]], "id": 226}, {"box": [2557, 1985, 2642, 2021], "text": "Value", "label": "question", "words": [{"text": "Value", "box": [2557, 1985, 2642, 2021]}], "linking": [[]], "id": 227}, {"box": [3123, 1989, 3220, 2018], "text": "146.00", "label": "answer", "words": [{"text": "146.00", "box": [3123, 1989, 3220, 2018]}], "linking": [[]], "id": 228}, {"box": [2422, 2043, 2489, 2077], "text": "Total", "label": "question", "words": [{"text": "Total", "box": [2422, 2043, 2489, 2077]}], "linking": [[]], "id": 229}, {"box": [2496, 2043, 2559, 2076], "text": "VAT", "label": "question", "words": [{"text": "VAT", "box": [2496, 2043, 2559, 2076]}], "linking": [[]], "id": 230}, {"box": [3139, 2047, 3213, 2081], "text": "29.20", "label": "answer", "words": [{"text": "29.20", "box": [3139, 2047, 3213, 2081]}], "linking": [[]], "id": 231}, {"box": [209, 2101, 242, 2147], "text": "To", "label": "other", "words": [{"text": "To", "box": [209, 2101, 242, 2147]}], "linking": [[]], "id": 232}, {"box": [250, 2102, 304, 2147], "text": "log", "label": "other", "words": [{"text": "log", "box": [250, 2102, 304, 2147]}], "linking": [[]], "id": 233}, {"box": [312, 2102, 352, 2147], "text": "an", "label": "other", "words": [{"text": "an", "box": [312, 2102, 352, 2147]}], "linking": [[]], "id": 234}, {"box": [360, 2102, 477, 2147], "text": "invoice", "label": "other", "words": [{"text": "invoice", "box": [360, 2102, 477, 2147]}], "linking": [[]], "id": 235}, {"box": [485, 2102, 575, 2147], "text": "query", "label": "other", "words": [{"text": "query", "box": [485, 2102, 575, 2147]}], "linking": [[]], "id": 236}, {"box": [583, 2102, 688, 2148], "text": "please", "label": "other", "words": [{"text": "please", "box": [583, 2102, 688, 2148]}], "linking": [[]], "id": 237}, {"box": [696, 2104, 786, 2148], "text": "email", "label": "other", "words": [{"text": "email", "box": [696, 2104, 786, 2148]}], "linking": [[]], "id": 238}, {"box": [795, 2104, 1303, 2146], "text": "arqueries@speedyservices.com", "label": "other", "words": [{"text": "arqueries@speedyservices.com", "box": [795, 2104, 1303, 2146]}], "linking": [[]], "id": 239}, {"box": [2425, 2105, 2525, 2140], "text": "nvoice", "label": "question", "words": [{"text": "nvoice", "box": [2425, 2105, 2525, 2140]}], "linking": [[]], "id": 240}, {"box": [2532, 2104, 2614, 2139], "text": "total", "label": "question", "words": [{"text": "total", "box": [2532, 2104, 2614, 2139]}], "linking": [[]], "id": 241}, {"box": [3123, 2107, 3220, 2139], "text": "175.20", "label": "answer", "words": [{"text": "175.20", "box": [3123, 2107, 3220, 2139]}], "linking": [[]], "id": 242}]}