{"result": [{"box": [189, 707, 317, 728], "text": " VAT NUMBER:", "label": "question", "words": [{"box": [189, 707, 227, 728], "text": "VAT"}, {"box": [231, 707, 317, 725], "text": "NUMBER:"}], "linking": [{"linking": [0, 1]}], "id": 0}, {"box": [332, 702, 456, 725], "text": " 884 2579 78", "label": "answer", "words": [{"box": [332, 703, 370, 725], "text": "884"}, {"box": [375, 703, 422, 724], "text": "2579"}, {"box": [429, 702, 456, 724], "text": "78"}], "linking": [{"linking": [1, 0]}], "id": 1}, {"box": [133, 629, 215, 644], "text": " Payment", "label": "question", "words": [{"box": [133, 629, 215, 644], "text": "Payment"}], "linking": [{"linking": [2, 3]}], "id": 2}, {"box": [450, 622, 495, 641], "text": " 4.94", "label": "answer", "words": [{"box": [450, 622, 495, 641], "text": "4.94"}], "linking": [{"linking": [3, 2]}], "id": 3}, {"box": [137, 602, 226, 617], "text": " Subtotal", "label": "question", "words": [{"box": [137, 602, 226, 617], "text": "Subtotal"}], "linking": [{"linking": [4, 5]}], "id": 4}, {"box": [447, 597, 491, 615], "text": " 4.94", "label": "answer", "words": [{"box": [447, 597, 491, 615], "text": "4.94"}], "linking": [{"linking": [5, 4]}], "id": 5}, {"box": [139, 576, 216, 595], "text": " Net TTL", "label": "question", "words": [{"box": [139, 576, 175, 595], "text": "Net"}, {"box": [182, 576, 216, 595], "text": "TTL"}], "linking": [{"linking": [6, 7]}], "id": 6}, {"box": [445, 573, 487, 591], "text": " 4.51", "label": "answer", "words": [{"box": [445, 573, 487, 591], "text": "4.51"}], "linking": [{"linking": [7, 6]}], "id": 7}, {"box": [138, 549, 269, 570], "text": " 0.43 VAT TTL", "label": "question", "words": [{"box": [138, 550, 185, 570], "text": "0.43"}, {"box": [192, 550, 229, 569], "text": "VAT"}, {"box": [235, 549, 269, 569], "text": "TTL"}], "linking": [{"linking": [8, 9]}], "id": 8}, {"box": [445, 550, 485, 567], "text": " 4.94", "label": "answer", "words": [{"box": [445, 550, 485, 567], "text": "4.94"}], "linking": [{"linking": [9, 8]}], "id": 9}, {"box": [134, 477, 271, 493], "text": " Credit/Debit", "label": "question", "words": [{"box": [134, 477, 271, 493], "text": "Credit/Debit"}], "linking": [{"linking": [10, 11]}], "id": 10}, {"box": [447, 475, 492, 495], "text": " 4.94", "label": "answer", "words": [{"box": [447, 475, 492, 495], "text": "4.94"}], "linking": [{"linking": [11, 10]}], "id": 11}, {"box": [114, 448, 245, 470], "text": " 1 American G", "label": "question", "words": [{"box": [114, 448, 125, 468], "text": "1"}, {"box": [133, 449, 224, 468], "text": "American"}, {"box": [234, 449, 245, 470], "text": "G"}], "linking": [{"linking": [12, 13]}], "id": 12}, {"box": [450, 448, 495, 469], "text": " 2.55", "label": "answer", "words": [{"box": [450, 448, 495, 469], "text": "2.55"}], "linking": [{"linking": [13, 12]}], "id": 13}, {"box": [111, 420, 248, 442], "text": " 1 Lemon Loaf", "label": "question", "words": [{"box": [111, 420, 126, 442], "text": "1"}, {"box": [130, 421, 193, 442], "text": "Lemon"}, {"box": [199, 421, 248, 442], "text": "Loaf"}], "linking": [{"linking": [14, 15]}], "id": 14}, {"box": [451, 422, 496, 442], "text": " 2.39", "label": "answer", "words": [{"box": [451, 422, 496, 442], "text": "2.39"}], "linking": [{"linking": [15, 14]}], "id": 15}, {"box": [224, 396, 370, 414], "text": " Reprint", "label": "header", "words": [{"box": [224, 396, 370, 414], "text": "Reprint"}], "linking": [{"linking": []}], "id": 16}, {"box": [175, 364, 437, 390], "text": " Closed Check", "label": "header", "words": [{"box": [175, 364, 307, 389], "text": "Closed"}, {"box": [329, 364, 437, 390], "text": "Check"}], "linking": [{"linking": []}], "id": 17}, {"box": [132, 336, 324, 362], "text": " Take Away", "label": "header", "words": [{"box": [132, 336, 213, 359], "text": "Take"}, {"box": [243, 338, 324, 362], "text": "Away"}], "linking": [{"linking": []}], "id": 18}, {"box": [175, 136, 449, 162], "text": " Starbucks, Heathrow T5 A", "label": "header", "words": [{"box": [175, 136, 294, 158], "text": "Starbucks,"}, {"box": [299, 138, 395, 160], "text": "Heathrow"}, {"box": [403, 138, 428, 162], "text": "T5"}, {"box": [435, 138, 449, 162], "text": "A"}], "linking": [{"linking": []}], "id": 19}, {"box": [244, 105, 376, 134], "text": " SSP UK", "label": "header", "words": [{"box": [244, 105, 306, 132], "text": "SSP"}, {"box": [330, 107, 376, 134], "text": "UK"}], "linking": [{"linking": []}], "id": 20}, {"box": [126, 847, 447, 930], "text": " 169 Euston Road London NW1 Any comments please visit www.eatonthemove.com", "label": "other", "words": [{"box": [126, 857, 165, 883], "text": "169"}, {"box": [169, 855, 246, 880], "text": "Euston"}, {"box": [250, 853, 308, 878], "text": "Road"}, {"box": [311, 851, 387, 874], "text": "London"}, {"box": [390, 847, 434, 873], "text": "NW1"}, {"box": [148, 889, 188, 913], "text": "Any"}, {"box": [193, 890, 296, 907], "text": "comments"}, {"box": [300, 884, 378, 905], "text": "please"}, {"box": [382, 881, 446, 901], "text": "visit"}, {"box": [208, 924, 447, 930], "text": "www.eatonthemove.com"}], "linking": [{"linking": []}], "id": 21}, {"box": [196, 818, 456, 846], "text": " Select Service Partner", "label": "other", "words": [{"box": [196, 824, 272, 846], "text": "Select"}, {"box": [276, 820, 360, 843], "text": "Service"}, {"box": [365, 818, 456, 842], "text": "Partner"}], "linking": [{"linking": []}], "id": 22}, {"box": [131, 732, 491, 759], "text": " Thank you. Please visit us again", "label": "other", "words": [{"box": [131, 738, 191, 759], "text": "Thank"}, {"box": [198, 737, 250, 757], "text": "you."}, {"box": [254, 735, 327, 756], "text": "Please"}, {"box": [332, 734, 392, 754], "text": "visit"}, {"box": [396, 732, 424, 754], "text": "us"}, {"box": [430, 733, 491, 751], "text": "again"}], "linking": [{"linking": []}], "id": 23}, {"box": [181, 647, 444, 675], "text": " 1037 Check Closed 11:12-", "label": "other", "words": [{"box": [181, 649, 226, 675], "text": "1037"}, {"box": [230, 648, 291, 674], "text": "Check"}, {"box": [295, 648, 369, 673], "text": "Closed"}, {"box": [373, 647, 444, 674], "text": "11:12-"}], "linking": [{"linking": []}], "id": 24}, {"box": [464, 284, 531, 306], "text": " Gst 0", "label": "other", "words": [{"box": [464, 284, 503, 305], "text": "Gst"}, {"box": [518, 284, 531, 306], "text": "0"}], "linking": [{"linking": []}], "id": 25}, {"box": [390, 283, 449, 304], "text": " 11:11", "label": "other", "words": [{"box": [390, 283, 449, 304], "text": "11:11"}], "linking": [{"linking": []}], "id": 26}, {"box": [289, 282, 379, 303], "text": " 08Apr'18", "label": "other", "words": [{"box": [289, 282, 379, 303], "text": "08Apr'18"}], "linking": [{"linking": []}], "id": 27}, {"box": [85, 277, 179, 300], "text": " Chk 4766", "label": "other", "words": [{"box": [85, 277, 119, 300], "text": "Chk"}, {"box": [131, 278, 179, 300], "text": "4766"}], "linking": [{"linking": []}], "id": 28}, {"box": [98, 219, 233, 246], "text": " 1037 Kajal R", "label": "other", "words": [{"box": [98, 219, 143, 243], "text": "1037"}, {"box": [148, 221, 213, 244], "text": "Kajal"}, {"box": [218, 221, 233, 246], "text": "R"}], "linking": [{"linking": []}], "id": 29}, {"box": [267, 167, 362, 187], "text": " 18351454", "label": "other", "words": [{"box": [267, 167, 362, 187], "text": "18351454"}], "linking": [{"linking": []}], "id": 30}]}