{"result": [{"box": [10, 800, 87, 821], "text": " Balance:", "label": "question", "words": [{"box": [10, 800, 87, 821], "text": "Balance:"}], "linking": [{"linking": [0, 1]}], "id": 0}, {"box": [373, 800, 394, 819], "text": " 28", "label": "answer", "words": [{"box": [373, 800, 394, 819], "text": "28"}], "linking": [{"linking": [1, 0]}], "id": 1}, {"box": [10, 777, 118, 798], "text": " Loyalty no.", "label": "question", "words": [{"box": [10, 777, 78, 797], "text": "Loyalty"}, {"box": [82, 777, 118, 798], "text": "no."}], "linking": [{"linking": [2, 3]}], "id": 2}, {"box": [239, 775, 390, 798], "text": " 9794024111587939", "label": "answer", "words": [{"box": [239, 775, 390, 798], "text": "9794024111587939"}], "linking": [{"linking": [3, 2]}], "id": 3}, {"box": [10, 753, 162, 774], "text": " Transaction no .:", "label": "question", "words": [{"box": [10, 753, 117, 773], "text": "Transaction"}, {"box": [121, 754, 141, 773], "text": "no"}, {"box": [145, 754, 162, 774], "text": ".:"}], "linking": [{"linking": [4, 5]}], "id": 4}, {"box": [335, 752, 392, 773], "text": " 021816", "label": "answer", "words": [{"box": [335, 752, 392, 773], "text": "021816"}], "linking": [{"linking": [5, 4]}], "id": 5}, {"box": [10, 729, 135, 749], "text": " Terminal ID .:", "label": "question", "words": [{"box": [10, 729, 88, 749], "text": "Terminal"}, {"box": [93, 729, 112, 749], "text": "ID"}, {"box": [116, 729, 135, 749], "text": ".:"}], "linking": [{"linking": [6, 7]}], "id": 6}, {"box": [314, 729, 393, 748], "text": " 20248971", "label": "answer", "words": [{"box": [314, 729, 393, 748], "text": "20248971"}], "linking": [{"linking": [7, 6]}], "id": 7}, {"box": [10, 705, 58, 725], "text": " VISA:", "label": "question", "words": [{"box": [10, 705, 58, 725], "text": "VISA:"}], "linking": [{"linking": [8, 9]}], "id": 8}, {"box": [239, 707, 391, 725], "text": " ************ 7476", "label": "answer", "words": [{"box": [239, 708, 352, 724], "text": "************"}, {"box": [357, 707, 391, 725], "text": "7476"}], "linking": [{"linking": [9, 8]}], "id": 9}, {"box": [13, 632, 51, 654], "text": " Visa", "label": "question", "words": [{"box": [13, 632, 51, 654], "text": "Visa"}], "linking": [{"linking": [10, 11]}], "id": 10}, {"box": [325, 634, 395, 654], "text": " \u00a3 69.01", "label": "answer", "words": [{"box": [325, 634, 336, 654], "text": "\u00a3"}, {"box": [343, 634, 395, 654], "text": "69.01"}], "linking": [{"linking": [11, 10]}], "id": 11}, {"box": [33, 586, 118, 607], "text": " TOTAL", "label": "question", "words": [{"box": [33, 586, 118, 607], "text": "TOTAL"}], "linking": [{"linking": [12, 13]}], "id": 12}, {"box": [259, 586, 389, 608], "text": " \u00a3 69.01", "label": "answer", "words": [{"box": [259, 587, 270, 607], "text": "\u00a3"}, {"box": [293, 586, 389, 608], "text": "69.01"}], "linking": [{"linking": [13, 12]}], "id": 13}, {"box": [13, 397, 167, 419], "text": " VAT Code (Fuels)", "label": "question", "words": [{"box": [13, 397, 43, 418], "text": "VAT"}, {"box": [47, 397, 91, 419], "text": "Code"}, {"box": [96, 398, 167, 418], "text": "(Fuels)"}], "linking": [{"linking": [14, 15]}], "id": 14}, {"box": [192, 397, 299, 418], "text": " 115 116 459", "label": "answer", "words": [{"box": [192, 398, 222, 418], "text": "115"}, {"box": [229, 397, 259, 417], "text": "116"}, {"box": [266, 397, 299, 416], "text": "459"}], "linking": [{"linking": [15, 14]}], "id": 15}, {"box": [12, 371, 196, 397], "text": " VAT Code (Articles)", "label": "question", "words": [{"box": [12, 371, 41, 396], "text": "VAT"}, {"box": [46, 371, 90, 397], "text": "Code"}, {"box": [95, 373, 196, 396], "text": "(Articles)"}], "linking": [{"linking": [16, 17]}], "id": 16}, {"box": [217, 370, 329, 396], "text": " 261 86 4684", "label": "answer", "words": [{"box": [217, 372, 250, 396], "text": "261"}, {"box": [254, 371, 281, 395], "text": "86"}, {"box": [286, 370, 329, 394], "text": "4684"}], "linking": [{"linking": [17, 16]}], "id": 17}, {"box": [13, 350, 167, 372], "text": " Telephone Number", "label": "question", "words": [{"box": [13, 350, 100, 372], "text": "Telephone"}, {"box": [104, 351, 167, 371], "text": "Number"}], "linking": [{"linking": [18, 19]}], "id": 18}, {"box": [189, 350, 307, 370], "text": " 01472 362921", "label": "answer", "words": [{"box": [189, 350, 241, 370], "text": "01472"}, {"box": [248, 350, 307, 369], "text": "362921"}], "linking": [{"linking": [19, 18]}], "id": 19}, {"box": [11, 326, 80, 347], "text": " Site ID", "label": "question", "words": [{"box": [11, 326, 51, 347], "text": "Site"}, {"box": [56, 327, 80, 347], "text": "ID"}], "linking": [{"linking": [20, 21]}], "id": 20}, {"box": [105, 327, 147, 347], "text": " 6407", "label": "answer", "words": [{"box": [105, 327, 147, 347], "text": "6407"}], "linking": [{"linking": [21, 20]}], "id": 21}, {"box": [10, 849, 78, 869], "text": " VISA", "label": "header", "words": [{"box": [10, 849, 78, 869], "text": "VISA"}], "linking": [{"linking": []}], "id": 22}, {"box": [336, 491, 396, 510], "text": " AMOUNT", "label": "header", "words": [{"box": [336, 491, 396, 510], "text": "AMOUNT"}], "linking": [{"linking": []}], "id": 23}, {"box": [229, 491, 259, 510], "text": " VAT", "label": "header", "words": [{"box": [229, 491, 259, 510], "text": "VAT"}], "linking": [{"linking": []}], "id": 24}, {"box": [23, 492, 89, 511], "text": " ARTICLE", "label": "header", "words": [{"box": [23, 492, 89, 511], "text": "ARTICLE"}], "linking": [{"linking": []}], "id": 25}, {"box": [50, 444, 349, 465], "text": " CUSTOMER RECEIPT", "label": "header", "words": [{"box": [50, 445, 192, 465], "text": "CUSTOMER"}, {"box": [216, 444, 349, 464], "text": "RECEIPT"}], "linking": [{"linking": []}], "id": 26}, {"box": [119, 115, 277, 144], "text": " RONTEC", "label": "header", "words": [{"box": [119, 115, 277, 144], "text": "RONTEC"}], "linking": [{"linking": []}], "id": 27}, {"box": [9, 1040, 212, 1067], "text": " Thank-You For Calling", "label": "other", "words": [{"box": [9, 1040, 96, 1063], "text": "Thank-You"}, {"box": [100, 1042, 134, 1064], "text": "For"}, {"box": [139, 1042, 212, 1067], "text": "Calling"}], "linking": [{"linking": []}], "id": 28}, {"box": [8, 969, 398, 1014], "text": " 28-12-2017 13:53 5843 05 1537110336 11-040752-62618104", "label": "other", "words": [{"box": [8, 970, 106, 990], "text": "28-12-2017"}, {"box": [113, 970, 163, 990], "text": "13:53"}, {"box": [180, 971, 222, 991], "text": "5843"}, {"box": [256, 969, 282, 994], "text": "05"}, {"box": [296, 971, 398, 994], "text": "1537110336"}, {"box": [9, 993, 183, 1014], "text": "11-040752-62618104"}], "linking": [{"linking": []}], "id": 29}, {"box": [325, 923, 395, 944], "text": " \u00a3 11.50", "label": "other", "words": [{"box": [325, 923, 337, 944], "text": "\u00a3"}, {"box": [344, 923, 395, 943], "text": "11.50"}], "linking": [{"linking": []}], "id": 30}, {"box": [198, 920, 267, 944], "text": " \u00a3 57.51", "label": "other", "words": [{"box": [198, 920, 212, 944], "text": "\u00a3"}, {"box": [217, 920, 267, 944], "text": "57.51"}], "linking": [{"linking": []}], "id": 31}, {"box": [95, 922, 144, 942], "text": " 20.00", "label": "other", "words": [{"box": [95, 922, 144, 942], "text": "20.00"}], "linking": [{"linking": []}], "id": 32}, {"box": [50, 923, 56, 938], "text": " 1", "label": "other", "words": [{"box": [50, 923, 56, 938], "text": "1"}], "linking": [{"linking": []}], "id": 33}, {"box": [295, 897, 396, 919], "text": " VAT amount", "label": "other", "words": [{"box": [295, 897, 328, 919], "text": "VAT"}, {"box": [333, 898, 396, 919], "text": "amount"}], "linking": [{"linking": []}], "id": 34}, {"box": [228, 897, 270, 917], "text": " Nett", "label": "other", "words": [{"box": [228, 897, 270, 917], "text": "Nett"}], "linking": [{"linking": []}], "id": 35}, {"box": [124, 899, 132, 918], "text": " %", "label": "other", "words": [{"box": [124, 899, 132, 918], "text": "%"}], "linking": [{"linking": []}], "id": 36}, {"box": [9, 896, 88, 919], "text": " VAT type", "label": "other", "words": [{"box": [9, 896, 40, 919], "text": "VAT"}, {"box": [45, 897, 88, 919], "text": "type"}], "linking": [{"linking": []}], "id": 37}, {"box": [11, 681, 68, 704], "text": " GemPay", "label": "other", "words": [{"box": [11, 681, 68, 704], "text": "GemPay"}], "linking": [{"linking": []}], "id": 38}, {"box": [35, 536, 334, 563], "text": " (PUMP 1; 56.61 @ * \u00a3 1.219/ \u20a1 ) *", "label": "other", "words": [{"box": [35, 538, 83, 563], "text": "(PUMP"}, {"box": [96, 537, 119, 563], "text": "1;"}, {"box": [124, 537, 175, 562], "text": "56.61"}, {"box": [180, 536, 193, 562], "text": "@"}, {"box": [198, 536, 212, 562], "text": "*"}, {"box": [217, 536, 231, 562], "text": "\u00a3"}, {"box": [237, 536, 291, 562], "text": "1.219/"}, {"box": [297, 536, 303, 561], "text": "\u20a1"}, {"box": [308, 536, 318, 561], "text": ")"}, {"box": [327, 539, 334, 556], "text": "*"}], "linking": [{"linking": []}], "id": 39}, {"box": [326, 516, 395, 535], "text": " \u00a3 69.01", "label": "other", "words": [{"box": [326, 516, 336, 535], "text": "\u00a3"}, {"box": [344, 516, 395, 535], "text": "69.01"}], "linking": [{"linking": []}], "id": 40}, {"box": [242, 516, 248, 533], "text": " 1", "label": "other", "words": [{"box": [242, 516, 248, 533], "text": "1"}], "linking": [{"linking": []}], "id": 41}, {"box": [13, 517, 81, 536], "text": " *Diesel", "label": "other", "words": [{"box": [13, 517, 81, 536], "text": "*Diesel"}], "linking": [{"linking": []}], "id": 42}, {"box": [9, 181, 145, 299], "text": " RSS East Marsh East Marsh Albion Street Grimsby DN32 7DX", "label": "other", "words": [{"box": [9, 182, 41, 202], "text": "RSS"}, {"box": [44, 182, 88, 202], "text": "East"}, {"box": [92, 181, 145, 203], "text": "Marsh"}, {"box": [10, 206, 51, 227], "text": "East"}, {"box": [54, 206, 108, 226], "text": "Marsh"}, {"box": [11, 230, 70, 251], "text": "Albion"}, {"box": [74, 231, 137, 251], "text": "Street"}, {"box": [9, 253, 79, 278], "text": "Grimsby"}, {"box": [12, 279, 51, 299], "text": "DN32"}, {"box": [59, 279, 89, 299], "text": "7DX"}], "linking": [{"linking": []}], "id": 43}]}