{"form": [{"box": [1269, 97, 1396, 155], "text": "SSP", "label": "other", "words": [{"text": "SSP", "box": [1269, 97, 1396, 155]}], "linking": [[]], "id": 0}, {"box": [1452, 97, 1542, 151], "text": "UK", "label": "other", "words": [{"text": "UK", "box": [1452, 97, 1542, 151]}], "linking": [[]], "id": 1}, {"box": [898, 145, 1271, 218], "text": "dg\\no3.91", "label": "answer", "words": [{"text": "dg\\no3.91", "box": [898, 145, 1271, 218]}], "linking": [[]], "id": 2}, {"box": [1290, 152, 1501, 215], "text": "Starbucks", "label": "other", "words": [{"text": "Starbucks", "box": [1290, 152, 1501, 215]}], "linking": [[]], "id": 3}, {"box": [1514, 157, 1879, 220], "text": "10389.VWY", "label": "other", "words": [{"text": "10389.VWY", "box": [1514, 157, 1879, 220]}], "linking": [[]], "id": 4}, {"box": [1220, 217, 1419, 271], "text": "Heathrow", "label": "answer", "words": [{"text": "Heathrow", "box": [1220, 217, 1419, 271]}], "linking": [[]], "id": 5}, {"box": [1430, 216, 1609, 271], "text": "Airport", "label": "answer", "words": [{"text": "Airport", "box": [1430, 216, 1609, 271]}], "linking": [[]], "id": 6}, {"box": [1211, 273, 1297, 325], "text": "TUO", "label": "answer", "words": [{"text": "TUO", "box": [1211, 273, 1297, 325]}], "linking": [[]], "id": 7}, {"box": [1315, 274, 1513, 327], "text": "18351453", "label": "answer", "words": [{"text": "18351453", "box": [1315, 274, 1513, 327]}], "linking": [[]], "id": 8}, {"box": [961, 384, 1056, 441], "text": "1007", "label": "answer", "words": [{"text": "1007", "box": [961, 384, 1056, 441]}], "linking": [[]], "id": 9}, {"box": [1067, 386, 1206, 442], "text": "Mahdi", "label": "answer", "words": [{"text": "Mahdi", "box": [1067, 386, 1206, 442]}], "linking": [[]], "id": 10}, {"box": [1217, 384, 1249, 441], "text": "T", "label": "answer", "words": [{"text": "T", "box": [1217, 384, 1249, 441]}], "linking": [[]], "id": 11}, {"box": [931, 504, 1004, 559], "text": "Chk", "label": "other", "words": [{"text": "Chk", "box": [931, 504, 1004, 559]}], "linking": [[]], "id": 12}, {"box": [1025, 506, 1130, 558], "text": "3609", "label": "answer", "words": [{"text": "3609", "box": [1025, 506, 1130, 558]}], "linking": [[]], "id": 13}, {"box": [1366, 507, 1562, 561], "text": "17Jun'17", "label": "answer", "words": [{"text": "17Jun'17", "box": [1366, 507, 1562, 561]}], "linking": [[]], "id": 14}, {"box": [1578, 505, 1706, 561], "text": "10:33", "label": "answer", "words": [{"text": "10:33", "box": [1578, 505, 1706, 561]}], "linking": [[]], "id": 15}, {"box": [1739, 505, 1831, 560], "text": "Gst", "label": "other", "words": [{"text": "Gst", "box": [1739, 505, 1831, 560]}], "linking": [[]], "id": 16}, {"box": [1862, 507, 1893, 559], "text": "(", "label": "other", "words": [{"text": "(", "box": [1862, 507, 1893, 559]}], "linking": [[]], "id": 17}, {"box": [1026, 624, 1151, 677], "text": "Eat", "label": "answer", "words": [{"text": "Eat", "box": [1026, 624, 1151, 677]}], "linking": [[]], "id": 18}, {"box": [1210, 626, 1290, 676], "text": "In", "label": "answer", "words": [{"text": "In", "box": [1210, 626, 1290, 676]}], "linking": [[]], "id": 19}, {"box": [979, 681, 1004, 736], "text": "1", "label": "answer", "words": [{"text": "1", "box": [979, 681, 1004, 736]}], "linking": [[]], "id": 20}, {"box": [1018, 681, 1169, 737], "text": "Triple", "label": "answer", "words": [{"text": "Triple", "box": [1018, 681, 1169, 737]}], "linking": [[]], "id": 21}, {"box": [1182, 682, 1296, 738], "text": "Chse", "label": "answer", "words": [{"text": "Chse", "box": [1182, 682, 1296, 738]}], "linking": [[]], "id": 22}, {"box": [1309, 683, 1410, 738], "text": "Tost", "label": "answer", "words": [{"text": "Tost", "box": [1309, 683, 1410, 738]}], "linking": [[]], "id": 23}, {"box": [1720, 689, 1824, 736], "text": "2.99", "label": "answer", "words": [{"text": "2.99", "box": [1720, 689, 1824, 736]}], "linking": [[]], "id": 24}, {"box": [985, 739, 1003, 792], "text": "1", "label": "answer", "words": [{"text": "1", "box": [985, 739, 1003, 792]}], "linking": [[]], "id": 25}, {"box": [1017, 741, 1197, 793], "text": "Bananas", "label": "answer", "words": [{"text": "Bananas", "box": [1017, 741, 1197, 793]}], "linking": [[]], "id": 26}, {"box": [978, 796, 1001, 853], "text": "1", "label": "answer", "words": [{"text": "1", "box": [978, 796, 1001, 853]}], "linking": [[]], "id": 27}, {"box": [1015, 797, 1171, 855], "text": "Almond", "label": "answer", "words": [{"text": "Almond", "box": [1015, 797, 1171, 855]}], "linking": [[]], "id": 28}, {"box": [1184, 800, 1387, 852], "text": "Biscotti", "label": "answer", "words": [{"text": "Biscotti", "box": [1184, 800, 1387, 852]}], "linking": [[]], "id": 29}, {"box": [1720, 745, 1824, 796], "text": "0.55", "label": "answer", "words": [{"text": "0.55", "box": [1720, 745, 1824, 796]}], "linking": [[]], "id": 30}, {"box": [1728, 806, 1821, 854], "text": "1.20", "label": "answer", "words": [{"text": "1.20", "box": [1728, 806, 1821, 854]}], "linking": [[]], "id": 31}, {"box": [983, 857, 1001, 910], "text": "1", "label": "answer", "words": [{"text": "1", "box": [983, 857, 1001, 910]}], "linking": [[]], "id": 32}, {"box": [1013, 857, 1148, 912], "text": "Mocha", "label": "answer", "words": [{"text": "Mocha", "box": [1013, 857, 1148, 912]}], "linking": [[]], "id": 33}, {"box": [1159, 859, 1267, 912], "text": "Cafe", "label": "answer", "words": [{"text": "Cafe", "box": [1159, 859, 1267, 912]}], "linking": [[]], "id": 34}, {"box": [1279, 859, 1308, 913], "text": "G", "label": "answer", "words": [{"text": "G", "box": [1279, 859, 1308, 913]}], "linking": [[]], "id": 35}, {"box": [1018, 918, 1318, 975], "text": "Credit/Debit", "label": "question", "words": [{"text": "Credit/Debit", "box": [1018, 918, 1318, 975]}], "linking": [[]], "id": 36}, {"box": [1718, 865, 1819, 917], "text": "3.25", "label": "answer", "words": [{"text": "3.25", "box": [1718, 865, 1819, 917]}], "linking": [[]], "id": 37}, {"box": [1719, 920, 1823, 971], "text": "7.99", "label": "answer", "words": [{"text": "7.99", "box": [1719, 920, 1823, 971]}], "linking": [[]], "id": 38}, {"box": [1139, 1094, 1242, 1149], "text": "1.33", "label": "answer", "words": [{"text": "1.33", "box": [1139, 1094, 1242, 1149]}], "linking": [[]], "id": 39}, {"box": [1252, 1092, 1340, 1149], "text": "VAT", "label": "question", "words": [{"text": "VAT", "box": [1252, 1092, 1340, 1149]}], "linking": [[]], "id": 40}, {"box": [1355, 1091, 1434, 1149], "text": "TTL", "label": "question", "words": [{"text": "TTL", "box": [1355, 1091, 1434, 1149]}], "linking": [[]], "id": 41}, {"box": [1770, 1096, 1871, 1149], "text": "7.99", "label": "answer", "words": [{"text": "7.99", "box": [1770, 1096, 1871, 1149]}], "linking": [[]], "id": 42}, {"box": [1137, 1153, 1220, 1206], "text": "Net", "label": "question", "words": [{"text": "Net", "box": [1137, 1153, 1220, 1206]}], "linking": [[]], "id": 43}, {"box": [1231, 1153, 1314, 1205], "text": "TTL", "label": "question", "words": [{"text": "TTL", "box": [1231, 1153, 1314, 1205]}], "linking": [[]], "id": 44}, {"box": [1769, 1153, 1863, 1211], "text": "6.66", "label": "answer", "words": [{"text": "6.66", "box": [1769, 1153, 1863, 1211]}], "linking": [[]], "id": 45}, {"box": [1020, 1212, 1210, 1263], "text": "Subtotal", "label": "question", "words": [{"text": "Subtotal", "box": [1020, 1212, 1210, 1263]}], "linking": [[]], "id": 46}, {"box": [1718, 1211, 1818, 1275], "text": "7.99", "label": "answer", "words": [{"text": "7.99", "box": [1718, 1211, 1818, 1275]}], "linking": [[]], "id": 47}, {"box": [1014, 1273, 1191, 1326], "text": "Payment", "label": "question", "words": [{"text": "Payment", "box": [1014, 1273, 1191, 1326]}], "linking": [[]], "id": 48}, {"box": [1724, 1258, 1814, 1323], "text": "7.99", "label": "answer", "words": [{"text": "7.99", "box": [1724, 1258, 1814, 1323]}], "linking": [[]], "id": 49}, {"box": [1134, 1389, 1216, 1442], "text": "VAT", "label": "question", "words": [{"text": "VAT", "box": [1134, 1389, 1216, 1442]}], "linking": [[]], "id": 50}, {"box": [1224, 1387, 1415, 1445], "text": "NUMBER:", "label": "question", "words": [{"text": "NUMBER:", "box": [1224, 1387, 1415, 1445]}], "linking": [[]], "id": 51}, {"box": [1445, 1387, 1531, 1446], "text": "884", "label": "answer", "words": [{"text": "884", "box": [1445, 1387, 1531, 1446]}], "linking": [[]], "id": 52}, {"box": [1542, 1388, 1647, 1446], "text": "2579", "label": "answer", "words": [{"text": "2579", "box": [1542, 1388, 1647, 1446]}], "linking": [[]], "id": 53}, {"box": [1666, 1388, 1719, 1445], "text": "78", "label": "answer", "words": [{"text": "78", "box": [1666, 1388, 1719, 1445]}], "linking": [[]], "id": 54}, {"box": [1015, 1449, 1141, 1504], "text": "Thank", "label": "question", "words": [{"text": "Thank", "box": [1015, 1449, 1141, 1504]}], "linking": [[]], "id": 55}, {"box": [1152, 1448, 1263, 1504], "text": "you.", "label": "other", "words": [{"text": "you.", "box": [1152, 1448, 1263, 1504]}], "linking": [[]], "id": 56}, {"box": [1276, 1448, 1432, 1505], "text": "Please", "label": "other", "words": [{"text": "Please", "box": [1276, 1448, 1432, 1505]}], "linking": [[]], "id": 57}, {"box": [1443, 1449, 1573, 1505], "text": "visit", "label": "other", "words": [{"text": "visit", "box": [1443, 1449, 1573, 1505]}], "linking": [[]], "id": 58}, {"box": [1584, 1450, 1647, 1506], "text": "us", "label": "other", "words": [{"text": "us", "box": [1584, 1450, 1647, 1506]}], "linking": [[]], "id": 59}, {"box": [1659, 1450, 1792, 1507], "text": "again", "label": "other", "words": [{"text": "again", "box": [1659, 1450, 1792, 1507]}], "linking": [[]], "id": 60}, {"box": [1159, 1621, 1307, 1676], "text": "Select", "label": "answer", "words": [{"text": "Select", "box": [1159, 1621, 1307, 1676]}], "linking": [[]], "id": 61}, {"box": [1322, 1623, 1497, 1679], "text": "Service", "label": "answer", "words": [{"text": "Service", "box": [1322, 1623, 1497, 1679]}], "linking": [[]], "id": 62}, {"box": [1510, 1628, 1695, 1680], "text": "Partner", "label": "answer", "words": [{"text": "Partner", "box": [1510, 1628, 1695, 1680]}], "linking": [[]], "id": 63}, {"box": [1019, 1678, 1091, 1737], "text": "169", "label": "answer", "words": [{"text": "169", "box": [1019, 1678, 1091, 1737]}], "linking": [[]], "id": 64}, {"box": [1103, 1679, 1257, 1738], "text": "Euston", "label": "answer", "words": [{"text": "Euston", "box": [1103, 1679, 1257, 1738]}], "linking": [[]], "id": 65}, {"box": [1268, 1682, 1405, 1738], "text": "Road,", "label": "answer", "words": [{"text": "Road,", "box": [1268, 1682, 1405, 1738]}], "linking": [[]], "id": 66}, {"box": [1416, 1683, 1574, 1739], "text": "London", "label": "answer", "words": [{"text": "London", "box": [1416, 1683, 1574, 1739]}], "linking": [[]], "id": 67}, {"box": [1585, 1683, 1671, 1740], "text": "NW1", "label": "answer", "words": [{"text": "NW1", "box": [1585, 1683, 1671, 1740]}], "linking": [[]], "id": 68}, {"box": [1682, 1683, 1769, 1740], "text": "2AE", "label": "answer", "words": [{"text": "2AE", "box": [1682, 1683, 1769, 1740]}], "linking": [[]], "id": 69}, {"box": [1064, 1743, 1138, 1798], "text": "Any", "label": "question", "words": [{"text": "Any", "box": [1064, 1743, 1138, 1798]}], "linking": [[]], "id": 70}, {"box": [1152, 1744, 1379, 1799], "text": "comments,", "label": "question", "words": [{"text": "comments,", "box": [1152, 1744, 1379, 1799]}], "linking": [[]], "id": 71}, {"box": [1391, 1746, 1549, 1798], "text": "please", "label": "question", "words": [{"text": "please", "box": [1391, 1746, 1549, 1798]}], "linking": [[]], "id": 72}, {"box": [1561, 1745, 1695, 1795], "text": "visit", "label": "question", "words": [{"text": "visit", "box": [1561, 1745, 1695, 1795]}], "linking": [[]], "id": 73}, {"box": [1056, 1805, 1548, 1858], "text": "www.eatonthemove.com", "label": "other", "words": [{"text": "www.eatonthemove.com", "box": [1056, 1805, 1548, 1858]}], "linking": [[]], "id": 74}]}