{"result": [{"box": [468, 993, 512, 1013], "text": " Items:", "label": "question", "words": [{"box": [468, 993, 512, 1013], "text": "Items:"}], "linking": [{"linking": [0, 1]}], "id": 0}, {"box": [547, 996, 556, 1012], "text": " 3", "label": "answer", "words": [{"box": [547, 996, 556, 1012], "text": "3"}], "linking": [{"linking": [1, 0]}], "id": 1}, {"box": [273, 825, 343, 844], "text": " EMV DATA ::", "label": "question", "words": [{"box": [273, 825, 293, 844], "text": "EMV"}, {"box": [297, 825, 325, 844], "text": "DATA"}, {"box": [329, 825, 343, 844], "text": "::"}], "linking": [{"linking": [2, 3]}], "id": 2}, {"box": [347, 825, 450, 845], "text": " FC00/410302/05", "label": "answer", "words": [{"box": [347, 825, 450, 845], "text": "FC00/410302/05"}], "linking": [{"linking": [3, 2]}], "id": 3}, {"box": [442, 766, 469, 784], "text": " TDS:", "label": "question", "words": [{"box": [442, 766, 469, 784], "text": "TDS:"}], "linking": [{"linking": [4, 5]}], "id": 4}, {"box": [472, 766, 497, 784], "text": " ICC", "label": "answer", "words": [{"box": [472, 766, 497, 784], "text": "ICC"}], "linking": [{"linking": [5, 4]}], "id": 5}, {"box": [273, 766, 345, 784], "text": " Issuer No:", "label": "question", "words": [{"box": [273, 766, 317, 784], "text": "Issuer"}, {"box": [321, 766, 345, 784], "text": "No:"}], "linking": [{"linking": [6, 7]}], "id": 6}, {"box": [349, 766, 358, 784], "text": " 5", "label": "answer", "words": [{"box": [349, 766, 358, 784], "text": "5"}], "linking": [{"linking": [7, 6]}], "id": 7}, {"box": [276, 747, 325, 765], "text": " Expiry:", "label": "question", "words": [{"box": [276, 747, 325, 765], "text": "Expiry:"}], "linking": [{"linking": [8, 9]}], "id": 8}, {"box": [460, 746, 496, 764], "text": " 03/19", "label": "answer", "words": [{"box": [460, 746, 496, 764], "text": "03/19"}], "linking": [{"linking": [9, 8]}], "id": 9}, {"box": [274, 727, 312, 743], "text": " Card:", "label": "question", "words": [{"box": [274, 727, 312, 743], "text": "Card:"}], "linking": [{"linking": [10, 11]}], "id": 10}, {"box": [384, 730, 496, 745], "text": " xxxxxxxxxxxx0190", "label": "answer", "words": [{"box": [384, 730, 496, 745], "text": "xxxxxxxxxxxx0190"}], "linking": [{"linking": [11, 10]}], "id": 11}, {"box": [275, 708, 324, 726], "text": " App-ID:", "label": "question", "words": [{"box": [275, 708, 324, 726], "text": "App-ID:"}], "linking": [{"linking": [12, 13]}], "id": 12}, {"box": [400, 707, 495, 726], "text": " A0000000031010", "label": "answer", "words": [{"box": [400, 707, 495, 726], "text": "A0000000031010"}], "linking": [{"linking": [13, 12]}], "id": 13}, {"box": [275, 689, 301, 706], "text": " Auth", "label": "question", "words": [{"box": [275, 689, 301, 706], "text": "Auth"}], "linking": [{"linking": [14, 15]}], "id": 14}, {"box": [457, 689, 498, 706], "text": " 009772", "label": "answer", "words": [{"box": [457, 689, 498, 706], "text": "009772"}], "linking": [{"linking": [15, 14]}], "id": 15}, {"box": [274, 670, 332, 686], "text": " Receipt:", "label": "question", "words": [{"box": [274, 670, 332, 686], "text": "Receipt:"}], "linking": [{"linking": [16, 17]}], "id": 16}, {"box": [414, 669, 496, 688], "text": " 01/0488/0061", "label": "answer", "words": [{"box": [414, 669, 496, 688], "text": "01/0488/0061"}], "linking": [{"linking": [17, 16]}], "id": 17}, {"box": [369, 651, 400, 668], "text": " Act.", "label": "question", "words": [{"box": [369, 651, 400, 668], "text": "Act."}], "linking": [{"linking": [18, 19]}], "id": 18}, {"box": [403, 651, 498, 669], "text": " code:00000000", "label": "answer", "words": [{"box": [403, 651, 498, 669], "text": "code:00000000"}], "linking": [{"linking": [19, 18]}], "id": 19}, {"box": [274, 651, 326, 668], "text": " Trx. no.", "label": "question", "words": [{"box": [274, 651, 302, 668], "text": "Trx."}, {"box": [306, 651, 326, 668], "text": "no."}], "linking": [{"linking": [20, 21]}], "id": 20}, {"box": [336, 651, 365, 668], "text": " 8428", "label": "answer", "words": [{"box": [336, 651, 365, 668], "text": "8428"}], "linking": [{"linking": [21, 20]}], "id": 21}, {"box": [274, 632, 393, 650], "text": " Term. ID:71044413", "label": "question", "words": [{"box": [274, 632, 309, 649], "text": "Term."}, {"box": [313, 632, 393, 650], "text": "ID:71044413"}], "linking": [{"linking": [22, 23]}], "id": 22}, {"box": [404, 632, 497, 650], "text": " TA no 565544", "label": "answer", "words": [{"box": [404, 632, 420, 650], "text": "TA"}, {"box": [424, 632, 438, 650], "text": "no"}, {"box": [454, 632, 497, 649], "text": "565544"}], "linking": [{"linking": [23, 22]}], "id": 23}, {"box": [274, 614, 344, 630], "text": " 06.11.2017", "label": "question", "words": [{"box": [274, 614, 344, 630], "text": "06.11.2017"}], "linking": [{"linking": [24, 25]}], "id": 24}, {"box": [438, 614, 497, 632], "text": " 07:01:00", "label": "answer", "words": [{"box": [438, 614, 497, 632], "text": "07:01:00"}], "linking": [{"linking": [25, 24]}], "id": 25}, {"box": [278, 507, 332, 526], "text": " Paid by:", "label": "question", "words": [{"box": [278, 507, 307, 526], "text": "Paid"}, {"box": [311, 509, 332, 526], "text": "by:"}], "linking": [{"linking": [26, 27]}], "id": 26}, {"box": [419, 508, 546, 526], "text": " EFT \u00a342.99", "label": "answer", "words": [{"box": [419, 508, 439, 526], "text": "EFT"}, {"box": [506, 508, 546, 525], "text": "\u00a342.99"}], "linking": [{"linking": [27, 26]}], "id": 27}, {"box": [284, 349, 355, 366], "text": " Total:", "label": "question", "words": [{"box": [284, 349, 355, 366], "text": "Total:"}], "linking": [{"linking": [28, 29]}], "id": 28}, {"box": [465, 348, 537, 365], "text": " \u00a342.99", "label": "answer", "words": [{"box": [465, 348, 537, 365], "text": "\u00a342.99"}], "linking": [{"linking": [29, 28]}], "id": 29}, {"box": [362, 227, 405, 242], "text": " VAT:647", "label": "question", "words": [{"box": [362, 227, 405, 242], "text": "VAT:647"}], "linking": [{"linking": [30, 31]}], "id": 30}, {"box": [409, 227, 457, 242], "text": " 3966 92", "label": "answer", "words": [{"box": [409, 227, 438, 242], "text": "3966"}, {"box": [442, 227, 457, 242], "text": "92"}], "linking": [{"linking": [31, 30]}], "id": 31}, {"box": [362, 211, 376, 226], "text": " TEL", "label": "question", "words": [{"box": [362, 211, 376, 226], "text": "TEL"}], "linking": [{"linking": [32, 33]}], "id": 32}, {"box": [378, 211, 462, 226], "text": " :01482 307954", "label": "answer", "words": [{"box": [378, 211, 418, 226], "text": ":01482"}, {"box": [422, 211, 462, 225], "text": "307954"}], "linking": [{"linking": [33, 32]}], "id": 33}, {"box": [263, 1039, 549, 1060], "text": " www.sewellonthego.co", "label": "header", "words": [{"box": [263, 1039, 549, 1060], "text": "www.sewellonthego.co"}], "linking": [{"linking": []}], "id": 34}, {"box": [309, 146, 506, 195], "text": " SEWELL ON THE GO WILLERBY BEVERLEY ROAD", "label": "header", "words": [{"box": [309, 146, 380, 164], "text": "SEWELL"}, {"box": [394, 148, 417, 164], "text": "ON"}, {"box": [435, 149, 469, 164], "text": "THE"}, {"box": [483, 149, 506, 165], "text": "GO"}, {"box": [359, 164, 457, 179], "text": "WILLERBY"}, {"box": [319, 179, 419, 195], "text": "BEVERLEY"}, {"box": [432, 180, 480, 195], "text": "ROAD"}], "linking": [{"linking": []}], "id": 35}, {"box": [286, 70, 424, 121], "text": " sewell onthego MAJOR PARTNER", "label": "header", "words": [{"box": [288, 70, 351, 87], "text": "sewell"}, {"box": [287, 87, 424, 117], "text": "onthego"}, {"box": [286, 106, 319, 121], "text": "MAJOR"}, {"box": [321, 109, 369, 121], "text": "PARTNER"}], "linking": [{"linking": []}], "id": 36}, {"box": [315, 1080, 506, 1104], "text": " Tweet us at @sewellonthego", "label": "other", "words": [{"box": [315, 1080, 350, 1101], "text": "Tweet"}, {"box": [355, 1080, 373, 1101], "text": "us"}, {"box": [378, 1081, 394, 1102], "text": "at"}, {"box": [399, 1081, 506, 1104], "text": "@sewellonthego"}], "linking": [{"linking": []}], "id": 37}, {"box": [301, 1060, 521, 1082], "text": " www.facebook.com/sewell.retail", "label": "other", "words": [{"box": [301, 1060, 521, 1082], "text": "www.facebook.com/sewell.retail"}], "linking": [{"linking": []}], "id": 38}, {"box": [451, 972, 549, 992], "text": " 001-01-781804", "label": "other", "words": [{"box": [451, 972, 549, 992], "text": "001-01-781804"}], "linking": [{"linking": []}], "id": 39}, {"box": [265, 969, 383, 1013], "text": " 06-11-2017 07:01 00385: Justine M", "label": "other", "words": [{"box": [265, 969, 339, 990], "text": "06-11-2017"}, {"box": [343, 970, 383, 991], "text": "07:01"}, {"box": [265, 991, 305, 1011], "text": "00385:"}, {"box": [309, 992, 360, 1012], "text": "Justine"}, {"box": [365, 992, 376, 1013], "text": "M"}], "linking": [{"linking": []}], "id": 40}, {"box": [270, 845, 498, 929], "text": " Please debit my account with the total amount Please retain receipt", "label": "other", "words": [{"box": [271, 845, 313, 866], "text": "Please"}, {"box": [318, 846, 356, 866], "text": "debit"}, {"box": [360, 847, 378, 866], "text": "my"}, {"box": [382, 847, 433, 866], "text": "account"}, {"box": [437, 847, 469, 866], "text": "with"}, {"box": [473, 848, 498, 866], "text": "the"}, {"box": [271, 887, 305, 907], "text": "total"}, {"box": [309, 888, 356, 906], "text": "amount"}, {"box": [270, 907, 312, 928], "text": "Please"}, {"box": [316, 907, 363, 928], "text": "retain"}, {"box": [367, 908, 421, 929], "text": "receipt"}], "linking": [{"linking": []}], "id": 41}, {"box": [274, 786, 476, 825], "text": " Amount:42.99GBP Approved", "label": "other", "words": [{"box": [274, 786, 476, 804], "text": "Amount:42.99GBP"}, {"box": [357, 807, 462, 825], "text": "Approved"}], "linking": [{"linking": []}], "id": 42}, {"box": [385, 579, 441, 612], "text": " Purchase isa", "label": "other", "words": [{"box": [385, 579, 441, 596], "text": "Purchase"}, {"box": [408, 598, 427, 612], "text": "isa"}], "linking": [{"linking": []}], "id": 43}, {"box": [386, 544, 449, 560], "text": " NO CHANGE", "label": "other", "words": [{"box": [386, 544, 400, 560], "text": "NO"}, {"box": [404, 544, 449, 560], "text": "CHANGE"}], "linking": [{"linking": []}], "id": 44}, {"box": [515, 455, 542, 472], "text": " 6.67", "label": "other", "words": [{"box": [515, 455, 542, 472], "text": "6.67"}], "linking": [{"linking": []}], "id": 45}, {"box": [464, 455, 500, 472], "text": " 33.34", "label": "other", "words": [{"box": [464, 455, 500, 472], "text": "33.34"}], "linking": [{"linking": []}], "id": 46}, {"box": [419, 454, 448, 471], "text": " 7.17", "label": "other", "words": [{"box": [419, 454, 448, 471], "text": "7.17"}], "linking": [{"linking": []}], "id": 47}, {"box": [360, 455, 393, 471], "text": " 35.82", "label": "other", "words": [{"box": [360, 455, 393, 471], "text": "35.82"}], "linking": [{"linking": []}], "id": 48}, {"box": [282, 455, 344, 472], "text": " 2> 20.00%", "label": "other", "words": [{"box": [282, 455, 297, 472], "text": "2>"}, {"box": [300, 456, 344, 472], "text": "20.00%"}], "linking": [{"linking": []}], "id": 49}, {"box": [522, 419, 543, 434], "text": " Vat", "label": "other", "words": [{"box": [522, 419, 543, 434], "text": "Vat"}], "linking": [{"linking": []}], "id": 50}, {"box": [471, 420, 500, 435], "text": " Fuel", "label": "other", "words": [{"box": [471, 420, 500, 435], "text": "Fuel"}], "linking": [{"linking": []}], "id": 51}, {"box": [424, 419, 449, 434], "text": " Vai:", "label": "other", "words": [{"box": [424, 419, 449, 434], "text": "Vai:"}], "linking": [{"linking": []}], "id": 52}, {"box": [367, 420, 395, 435], "text": " Nett", "label": "other", "words": [{"box": [367, 420, 395, 435], "text": "Nett"}], "linking": [{"linking": []}], "id": 53}, {"box": [318, 421, 342, 435], "text": " Rate", "label": "other", "words": [{"box": [318, 421, 342, 435], "text": "Rate"}], "linking": [{"linking": []}], "id": 54}, {"box": [282, 293, 542, 327], "text": " METCALFES SKINNY 20 \u00a31.49 \u00a32.98", "label": "other", "words": [{"box": [282, 293, 341, 311], "text": "METCALFES"}, {"box": [344, 294, 386, 310], "text": "SKINNY"}, {"box": [393, 313, 404, 327], "text": "20"}, {"box": [437, 311, 470, 327], "text": "\u00a31.49"}, {"box": [510, 311, 542, 327], "text": "\u00a32.98"}], "linking": [{"linking": []}], "id": 55}, {"box": [282, 259, 541, 292], "text": " P:04 DIESEL ( 1 32.03L @ \u00a3 1.249 \u00a340.01", "label": "other", "words": [{"box": [282, 260, 308, 274], "text": "P:04"}, {"box": [337, 259, 379, 275], "text": "DIESEL"}, {"box": [383, 259, 391, 275], "text": "("}, {"box": [411, 260, 420, 275], "text": "1"}, {"box": [351, 276, 392, 292], "text": "32.03L"}, {"box": [395, 276, 405, 292], "text": "@"}, {"box": [421, 276, 430, 292], "text": "\u00a3"}, {"box": [437, 275, 471, 292], "text": "1.249"}, {"box": [500, 275, 541, 291], "text": "\u00a340.01"}], "linking": [{"linking": []}], "id": 56}, {"box": [383, 196, 437, 210], "text": " HU10 6AW", "label": "other", "words": [{"box": [383, 196, 411, 210], "text": "HU10"}, {"box": [414, 196, 437, 209], "text": "6AW"}], "linking": [{"linking": []}], "id": 57}]}