{"form": [{"box": [1642, 16, 2479, 65], "text": "E991058EED5749FE8140_003", "label": "other", "words": [{"text": "E991058EED5749FE8140_003", "box": [1642, 16, 2479, 65]}], "linking": [[]], "id": 0}, {"box": [220, 106, 611, 204], "text": "TESCO", "label": "header", "words": [{"text": "TESCO", "box": [220, 106, 611, 204]}], "linking": [[]], "id": 1}, {"box": [210, 270, 335, 355], "text": "Pay", "label": "header", "words": [{"text": "Pay", "box": [210, 270, 335, 355]}], "linking": [[]], "id": 2}, {"box": [354, 273, 430, 355], "text": "at", "label": "header", "words": [{"text": "at", "box": [354, 273, 430, 355]}], "linking": [[]], "id": 3}, {"box": [449, 275, 675, 359], "text": "Pump", "label": "header", "words": [{"text": "Pump", "box": [449, 275, 675, 359]}], "linking": [[]], "id": 4}, {"box": [267, 389, 432, 433], "text": "CATTERICK", "label": "answer", "words": [{"text": "CATTERICK", "box": [267, 389, 432, 433]}], "linking": [[]], "id": 5}, {"box": [441, 392, 595, 433], "text": "GARRISON", "label": "answer", "words": [{"text": "GARRISON", "box": [441, 392, 595, 433]}], "linking": [[]], "id": 6}, {"box": [199, 435, 250, 471], "text": "any", "label": "question", "words": [{"text": "any", "box": [199, 435, 250, 471]}], "linking": [[]], "id": 7}, {"box": [264, 436, 432, 470], "text": "questions", "label": "question", "words": [{"text": "questions", "box": [264, 436, 432, 470]}], "linking": [[]], "id": 8}, {"box": [440, 435, 557, 472], "text": "please", "label": "question", "words": [{"text": "please", "box": [440, 435, 557, 472]}], "linking": [[]], "id": 9}, {"box": [568, 433, 664, 473], "text": "visit", "label": "question", "words": [{"text": "visit", "box": [568, 433, 664, 473]}], "linking": [[]], "id": 10}, {"box": [192, 474, 659, 509], "text": "www.tesco.com/storelocator", "label": "other", "words": [{"text": "www.tesco.com/storelocator", "box": [192, 474, 659, 509]}], "linking": [[]], "id": 11}, {"box": [74, 506, 144, 546], "text": "PUMP", "label": "question", "words": [{"text": "PUMP", "box": [74, 506, 144, 546]}], "linking": [[]], "id": 12}, {"box": [173, 508, 233, 545], "text": "#10", "label": "question", "words": [{"text": "#10", "box": [173, 508, 233, 545]}], "linking": [[]], "id": 13}, {"box": [243, 508, 393, 546], "text": "UNLEADED", "label": "question", "words": [{"text": "UNLEADED", "box": [243, 508, 393, 546]}], "linking": [[]], "id": 14}, {"box": [106, 623, 201, 663], "text": "33.27", "label": "answer", "words": [{"text": "33.27", "box": [106, 623, 201, 663]}], "linking": [[]], "id": 15}, {"box": [212, 622, 307, 663], "text": "litre", "label": "answer", "words": [{"text": "litre", "box": [212, 622, 307, 663]}], "linking": [[]], "id": 16}, {"box": [316, 623, 339, 663], "text": "@", "label": "answer", "words": [{"text": "@", "box": [316, 623, 339, 663]}], "linking": [[]], "id": 17}, {"box": [356, 623, 449, 664], "text": "127.9", "label": "answer", "words": [{"text": "127.9", "box": [356, 623, 449, 664]}], "linking": [[]], "id": 18}, {"box": [457, 624, 524, 666], "text": "P/L", "label": "answer", "words": [{"text": "P/L", "box": [457, 624, 524, 666]}], "linking": [[]], "id": 19}, {"box": [614, 625, 630, 664], "text": "\u00a3", "label": "answer", "words": [{"text": "\u00a3", "box": [614, 625, 630, 664]}], "linking": [[]], "id": 20}, {"box": [641, 626, 737, 662], "text": "42.55", "label": "answer", "words": [{"text": "42.55", "box": [641, 626, 737, 662]}], "linking": [[]], "id": 21}, {"box": [746, 625, 768, 661], "text": "C", "label": "answer", "words": [{"text": "C", "box": [746, 625, 768, 661]}], "linking": [[]], "id": 22}, {"box": [69, 700, 158, 737], "text": "TOTAL", "label": "question", "words": [{"text": "TOTAL", "box": [69, 700, 158, 737]}], "linking": [[]], "id": 23}, {"box": [72, 738, 143, 775], "text": "AMEX", "label": "question", "words": [{"text": "AMEX", "box": [72, 738, 143, 775]}], "linking": [[]], "id": 24}, {"box": [605, 705, 627, 740], "text": "\u00a3", "label": "answer", "words": [{"text": "\u00a3", "box": [605, 705, 627, 740]}], "linking": [[]], "id": 25}, {"box": [639, 704, 734, 738], "text": "42.55", "label": "answer", "words": [{"text": "42.55", "box": [639, 704, 734, 738]}], "linking": [[]], "id": 26}, {"box": [499, 742, 571, 775], "text": "SALE", "label": "answer", "words": [{"text": "SALE", "box": [499, 742, 571, 775]}], "linking": [[]], "id": 27}, {"box": [604, 741, 626, 777], "text": "\u00a3", "label": "answer", "words": [{"text": "\u00a3", "box": [604, 741, 626, 777]}], "linking": [[]], "id": 28}, {"box": [639, 740, 735, 774], "text": "42.55", "label": "answer", "words": [{"text": "42.55", "box": [639, 740, 735, 774]}], "linking": [[]], "id": 29}, {"box": [103, 783, 159, 817], "text": "AID", "label": "question", "words": [{"text": "AID", "box": [103, 783, 159, 817]}], "linking": [[]], "id": 30}, {"box": [309, 779, 312, 814], "text": ":", "label": "question", "words": [{"text": ":", "box": [309, 779, 312, 814]}], "linking": [[]], "id": 31}, {"box": [320, 779, 610, 814], "text": "A000000025010801", "label": "answer", "words": [{"text": "A000000025010801", "box": [320, 779, 610, 814]}], "linking": [[]], "id": 32}, {"box": [103, 816, 212, 852], "text": "NUMBER", "label": "question", "words": [{"text": "NUMBER", "box": [103, 816, 212, 852]}], "linking": [[]], "id": 33}, {"box": [306, 825, 317, 847], "text": "*", "label": "question", "words": [{"text": "*", "box": [306, 825, 317, 847]}], "linking": [[]], "id": 34}, {"box": [321, 824, 515, 850], "text": "***********", "label": "other", "words": [{"text": "***********", "box": [321, 824, 515, 850]}], "linking": [[]], "id": 35}, {"box": [522, 822, 584, 851], "text": "1006", "label": "other", "words": [{"text": "1006", "box": [522, 822, 584, 851]}], "linking": [[]], "id": 36}, {"box": [705, 818, 783, 854], "text": "(ICC)", "label": "answer", "words": [{"text": "(ICC)", "box": [705, 818, 783, 854]}], "linking": [[]], "id": 37}, {"box": [105, 858, 159, 891], "text": "PAN", "label": "question", "words": [{"text": "PAN", "box": [105, 858, 159, 891]}], "linking": [[]], "id": 38}, {"box": [172, 858, 229, 890], "text": "SEQ", "label": "question", "words": [{"text": "SEQ", "box": [172, 858, 229, 890]}], "linking": [[]], "id": 39}, {"box": [244, 857, 286, 890], "text": "NO", "label": "question", "words": [{"text": "NO", "box": [244, 857, 286, 890]}], "linking": [[]], "id": 40}, {"box": [318, 859, 356, 890], "text": "00", "label": "answer", "words": [{"text": "00", "box": [318, 859, 356, 890]}], "linking": [[]], "id": 41}, {"box": [106, 896, 176, 928], "text": "AUTH", "label": "question", "words": [{"text": "AUTH", "box": [106, 896, 176, 928]}], "linking": [[]], "id": 42}, {"box": [190, 895, 268, 928], "text": "CODE", "label": "question", "words": [{"text": "CODE", "box": [190, 895, 268, 928]}], "linking": [[]], "id": 43}, {"box": [303, 897, 395, 926], "text": ":0021", "label": "question", "words": [{"text": ":0021", "box": [303, 897, 395, 926]}], "linking": [[]], "id": 44}, {"box": [106, 936, 251, 967], "text": "MERCHANT", "label": "question", "words": [{"text": "MERCHANT", "box": [106, 936, 251, 967]}], "linking": [[]], "id": 45}, {"box": [310, 935, 481, 969], "text": ":426416525", "label": "question", "words": [{"text": ":426416525", "box": [310, 935, 481, 969]}], "linking": [[]], "id": 46}, {"box": [109, 972, 198, 1008], "text": "START", "label": "question", "words": [{"text": "START", "box": [109, 972, 198, 1008]}], "linking": [[]], "id": 47}, {"box": [209, 972, 286, 1008], "text": "DATE", "label": "question", "words": [{"text": "DATE", "box": [209, 972, 286, 1008]}], "linking": [[]], "id": 48}, {"box": [304, 973, 413, 1008], "text": ":04/17", "label": "question", "words": [{"text": ":04/17", "box": [304, 973, 413, 1008]}], "linking": [[]], "id": 49}, {"box": [103, 1011, 285, 1045], "text": "Cardholder", "label": "question", "words": [{"text": "Cardholder", "box": [103, 1011, 285, 1045]}], "linking": [[]], "id": 50}, {"box": [298, 1010, 356, 1045], "text": "PIN", "label": "answer", "words": [{"text": "PIN", "box": [298, 1010, 356, 1045]}], "linking": [[]], "id": 51}, {"box": [372, 1010, 519, 1046], "text": "Verified", "label": "answer", "words": [{"text": "Verified", "box": [372, 1010, 519, 1046]}], "linking": [[]], "id": 52}, {"box": [111, 1048, 216, 1086], "text": "Please", "label": "other", "words": [{"text": "Please", "box": [111, 1048, 216, 1086]}], "linking": [[]], "id": 53}, {"box": [227, 1049, 340, 1087], "text": "retain", "label": "other", "words": [{"text": "retain", "box": [227, 1049, 340, 1087]}], "linking": [[]], "id": 54}, {"box": [355, 1050, 414, 1088], "text": "for", "label": "other", "words": [{"text": "for", "box": [355, 1050, 414, 1088]}], "linking": [[]], "id": 55}, {"box": [424, 1050, 503, 1088], "text": "your", "label": "other", "words": [{"text": "your", "box": [424, 1050, 503, 1088]}], "linking": [[]], "id": 56}, {"box": [515, 1050, 647, 1087], "text": "records", "label": "other", "words": [{"text": "records", "box": [515, 1050, 647, 1087]}], "linking": [[]], "id": 57}, {"box": [270, 1125, 324, 1164], "text": "VAT", "label": "question", "words": [{"text": "VAT", "box": [270, 1125, 324, 1164]}], "linking": [[]], "id": 58}, {"box": [335, 1125, 468, 1165], "text": "RECEIPT", "label": "header", "words": [{"text": "RECEIPT", "box": [335, 1125, 468, 1165]}], "linking": [[]], "id": 59}, {"box": [480, 1125, 611, 1164], "text": "SUMMARY", "label": "header", "words": [{"text": "SUMMARY", "box": [480, 1125, 611, 1164]}], "linking": [[]], "id": 60}, {"box": [393, 1168, 480, 1201], "text": "GOODS", "label": "question", "words": [{"text": "GOODS", "box": [393, 1168, 480, 1201]}], "linking": [[]], "id": 61}, {"box": [105, 1203, 178, 1236], "text": "Rate", "label": "question", "words": [{"text": "Rate", "box": [105, 1203, 178, 1236]}], "linking": [[]], "id": 62}, {"box": [408, 1205, 465, 1238], "text": "NET", "label": "question", "words": [{"text": "NET", "box": [408, 1205, 465, 1238]}], "linking": [[]], "id": 63}, {"box": [608, 1201, 665, 1237], "text": "VAT", "label": "question", "words": [{"text": "VAT", "box": [608, 1201, 665, 1237]}], "linking": [[]], "id": 64}, {"box": [70, 1243, 89, 1278], "text": "C", "label": "answer", "words": [{"text": "C", "box": [70, 1243, 89, 1278]}], "linking": [[]], "id": 65}, {"box": [104, 1243, 198, 1277], "text": "20.0%", "label": "answer", "words": [{"text": "20.0%", "box": [104, 1243, 198, 1277]}], "linking": [[]], "id": 66}, {"box": [210, 1242, 270, 1277], "text": "VAT", "label": "question", "words": [{"text": "VAT", "box": [210, 1242, 270, 1277]}], "linking": [[]], "id": 67}, {"box": [394, 1246, 411, 1279], "text": "\u00a3", "label": "answer", "words": [{"text": "\u00a3", "box": [394, 1246, 411, 1279]}], "linking": [[]], "id": 68}, {"box": [428, 1246, 518, 1278], "text": "35.46", "label": "answer", "words": [{"text": "35.46", "box": [428, 1246, 518, 1278]}], "linking": [[]], "id": 69}, {"box": [288, 1277, 342, 1315], "text": "VAT", "label": "question", "words": [{"text": "VAT", "box": [288, 1277, 342, 1315]}], "linking": [[]], "id": 70}, {"box": [350, 1279, 414, 1317], "text": "NO:", "label": "question", "words": [{"text": "NO:", "box": [350, 1279, 414, 1317]}], "linking": [[]], "id": 71}, {"box": [427, 1280, 590, 1315], "text": "220430231", "label": "answer", "words": [{"text": "220430231", "box": [427, 1280, 590, 1315]}], "linking": [[]], "id": 72}, {"box": [610, 1243, 627, 1278], "text": "\u00a3", "label": "answer", "words": [{"text": "\u00a3", "box": [610, 1243, 627, 1278]}], "linking": [[]], "id": 73}, {"box": [641, 1243, 716, 1279], "text": "7.09", "label": "answer", "words": [{"text": "7.09", "box": [641, 1243, 716, 1279]}], "linking": [[]], "id": 74}, {"box": [66, 1321, 520, 1358], "text": "=========================", "label": "question", "words": [{"text": "=========================", "box": [66, 1321, 520, 1358]}], "linking": [[]], "id": 75}, {"box": [69, 1350, 201, 1396], "text": "SIGN", "label": "header", "words": [{"text": "SIGN", "box": [69, 1350, 201, 1396]}], "linking": [[]], "id": 76}, {"box": [242, 1352, 310, 1397], "text": "UP", "label": "header", "words": [{"text": "UP", "box": [242, 1352, 310, 1397]}], "linking": [[]], "id": 77}, {"box": [351, 1353, 452, 1398], "text": "FOR", "label": "header", "words": [{"text": "FOR", "box": [351, 1353, 452, 1398]}], "linking": [[]], "id": 78}, {"box": [496, 1355, 775, 1400], "text": "CLUBCARD", "label": "header", "words": [{"text": "CLUBCARD", "box": [496, 1355, 775, 1400]}], "linking": [[]], "id": 79}, {"box": [674, 1321, 790, 1358], "text": "=======", "label": "other", "words": [{"text": "=======", "box": [674, 1321, 790, 1358]}], "linking": [[]], "id": 80}, {"box": [215, 1396, 270, 1434], "text": "You", "label": "question", "words": [{"text": "You", "box": [215, 1396, 270, 1434]}], "linking": [[]], "id": 81}, {"box": [282, 1397, 377, 1435], "text": "could", "label": "question", "words": [{"text": "could", "box": [282, 1397, 377, 1435]}], "linking": [[]], "id": 82}, {"box": [389, 1398, 467, 1435], "text": "have", "label": "question", "words": [{"text": "have", "box": [389, 1398, 467, 1435]}], "linking": [[]], "id": 83}, {"box": [481, 1399, 594, 1436], "text": "earned", "label": "question", "words": [{"text": "earned", "box": [481, 1399, 594, 1436]}], "linking": [[]], "id": 84}, {"box": [606, 1400, 645, 1435], "text": "21", "label": "question", "words": [{"text": "21", "box": [606, 1400, 645, 1435]}], "linking": [[]], "id": 85}, {"box": [109, 1435, 253, 1472], "text": "Clubcard", "label": "question", "words": [{"text": "Clubcard", "box": [109, 1435, 253, 1472]}], "linking": [[]], "id": 86}, {"box": [263, 1435, 377, 1473], "text": "Points", "label": "question", "words": [{"text": "Points", "box": [263, 1435, 377, 1473]}], "linking": [[]], "id": 87}, {"box": [393, 1436, 430, 1473], "text": "in", "label": "question", "words": [{"text": "in", "box": [393, 1436, 430, 1473]}], "linking": [[]], "id": 88}, {"box": [446, 1437, 522, 1473], "text": "this", "label": "question", "words": [{"text": "this", "box": [446, 1437, 522, 1473]}], "linking": [[]], "id": 89}, {"box": [537, 1437, 731, 1474], "text": "transaction", "label": "question", "words": [{"text": "transaction", "box": [537, 1437, 731, 1474]}], "linking": [[]], "id": 90}, {"box": [72, 1730, 217, 1770], "text": "22/08/18", "label": "other", "words": [{"text": "22/08/18", "box": [72, 1730, 217, 1770]}], "linking": [[]], "id": 91}, {"box": [232, 1732, 328, 1770], "text": "15:36", "label": "other", "words": [{"text": "15:36", "box": [232, 1732, 328, 1770]}], "linking": [[]], "id": 92}, {"box": [375, 1732, 451, 1769], "text": "4009", "label": "answer", "words": [{"text": "4009", "box": [375, 1732, 451, 1769]}], "linking": [[]], "id": 93}, {"box": [461, 1733, 522, 1770], "text": "080", "label": "answer", "words": [{"text": "080", "box": [461, 1733, 522, 1770]}], "linking": [[]], "id": 94}, {"box": [536, 1734, 575, 1770], "text": "10", "label": "answer", "words": [{"text": "10", "box": [536, 1734, 575, 1770]}], "linking": [[]], "id": 95}, {"box": [623, 1730, 702, 1768], "text": "9964", "label": "answer", "words": [{"text": "9964", "box": [623, 1730, 702, 1768]}], "linking": [[]], "id": 96}]}