{"form": [{"box": [336, 121, 401, 161], "text": "SSP", "label": "other", "words": [{"text": "SSP", "box": [336, 121, 401, 161]}], "linking": [[]], "id": 0}, {"box": [410, 119, 463, 161], "text": "UK", "label": "other", "words": [{"text": "UK", "box": [410, 119, 463, 161]}], "linking": [[]], "id": 1}, {"box": [257, 169, 382, 215], "text": "Burger", "label": "other", "words": [{"text": "Burger", "box": [257, 169, 382, 215]}], "linking": [[]], "id": 2}, {"box": [391, 167, 481, 215], "text": "King", "label": "other", "words": [{"text": "King", "box": [391, 167, 481, 215]}], "linking": [[]], "id": 3}, {"box": [490, 167, 642, 213], "text": "Belfast", "label": "other", "words": [{"text": "Belfast", "box": [490, 167, 642, 213]}], "linking": [[]], "id": 4}, {"box": [651, 164, 802, 212], "text": "Airport", "label": "other", "words": [{"text": "Airport", "box": [651, 164, 802, 212]}], "linking": [[]], "id": 5}, {"box": [811, 163, 864, 213], "text": "T1", "label": "other", "words": [{"text": "T1", "box": [811, 163, 864, 213]}], "linking": [[]], "id": 6}, {"box": [341, 218, 403, 261], "text": "903", "label": "answer", "words": [{"text": "903", "box": [341, 218, 403, 261]}], "linking": [[]], "id": 7}, {"box": [413, 218, 525, 261], "text": "Kiosk", "label": "answer", "words": [{"text": "Kiosk", "box": [413, 218, 525, 261]}], "linking": [[]], "id": 8}, {"box": [534, 216, 579, 261], "text": "03", "label": "other", "words": [{"text": "03", "box": [534, 216, 579, 261]}], "linking": [[]], "id": 9}, {"box": [343, 316, 406, 361], "text": "Tb1", "label": "other", "words": [{"text": "Tb1", "box": [343, 316, 406, 361]}], "linking": [[]], "id": 10}, {"box": [414, 315, 527, 361], "text": "903/1", "label": "other", "words": [{"text": "903/1", "box": [414, 315, 527, 361]}], "linking": [[]], "id": 11}, {"box": [569, 314, 643, 360], "text": "Chk", "label": "other", "words": [{"text": "Chk", "box": [569, 314, 643, 360]}], "linking": [[]], "id": 12}, {"box": [652, 313, 739, 358], "text": "6977", "label": "other", "words": [{"text": "6977", "box": [652, 313, 739, 358]}], "linking": [[]], "id": 13}, {"box": [339, 367, 502, 409], "text": "Aug22'18", "label": "other", "words": [{"text": "Aug22'18", "box": [339, 367, 502, 409]}], "linking": [[]], "id": 14}, {"box": [513, 363, 664, 405], "text": "04:57PM", "label": "other", "words": [{"text": "04:57PM", "box": [513, 363, 664, 405]}], "linking": [[]], "id": 15}, {"box": [342, 463, 404, 506], "text": "Eat", "label": "question", "words": [{"text": "Eat", "box": [342, 463, 404, 506]}], "linking": [[]], "id": 16}, {"box": [413, 463, 461, 507], "text": "In", "label": "question", "words": [{"text": "In", "box": [413, 463, 461, 507]}], "linking": [[]], "id": 17}, {"box": [280, 516, 303, 562], "text": "1", "label": "answer", "words": [{"text": "1", "box": [280, 516, 303, 562]}], "linking": [[]], "id": 18}, {"box": [312, 517, 462, 562], "text": "Whopper", "label": "answer", "words": [{"text": "Whopper", "box": [312, 517, 462, 562]}], "linking": [[]], "id": 19}, {"box": [471, 516, 541, 561], "text": "Reg", "label": "answer", "words": [{"text": "Reg", "box": [471, 516, 541, 561]}], "linking": [[]], "id": 20}, {"box": [550, 514, 603, 560], "text": "MD", "label": "answer", "words": [{"text": "MD", "box": [550, 514, 603, 560]}], "linking": [[]], "id": 21}, {"box": [739, 512, 814, 554], "text": "7.39", "label": "answer", "words": [{"text": "7.39", "box": [739, 512, 814, 554]}], "linking": [[]], "id": 22}, {"box": [338, 566, 476, 608], "text": "Whopper", "label": "answer", "words": [{"text": "Whopper", "box": [338, 566, 476, 608]}], "linking": [[]], "id": 23}, {"box": [337, 616, 399, 660], "text": "Reg", "label": "answer", "words": [{"text": "Reg", "box": [337, 616, 399, 660]}], "linking": [[]], "id": 24}, {"box": [412, 616, 524, 658], "text": "Fries", "label": "answer", "words": [{"text": "Fries", "box": [412, 616, 524, 658]}], "linking": [[]], "id": 25}, {"box": [336, 666, 400, 708], "text": "Reg", "label": "answer", "words": [{"text": "Reg", "box": [336, 666, 400, 708]}], "linking": [[]], "id": 26}, {"box": [410, 664, 500, 706], "text": "Coke", "label": "answer", "words": [{"text": "Coke", "box": [410, 664, 500, 706]}], "linking": [[]], "id": 27}, {"box": [281, 712, 298, 757], "text": "1", "label": "answer", "words": [{"text": "1", "box": [281, 712, 298, 757]}], "linking": [[]], "id": 28}, {"box": [309, 713, 377, 758], "text": "Ckn", "label": "answer", "words": [{"text": "Ckn", "box": [309, 713, 377, 758]}], "linking": [[]], "id": 29}, {"box": [388, 712, 498, 757], "text": "Royal", "label": "answer", "words": [{"text": "Royal", "box": [388, 712, 498, 757]}], "linking": [[]], "id": 30}, {"box": [508, 711, 577, 757], "text": "Reg", "label": "answer", "words": [{"text": "Reg", "box": [508, 711, 577, 757]}], "linking": [[]], "id": 31}, {"box": [587, 711, 637, 757], "text": "MD", "label": "answer", "words": [{"text": "MD", "box": [587, 711, 637, 757]}], "linking": [[]], "id": 32}, {"box": [732, 709, 814, 755], "text": "7.19", "label": "answer", "words": [{"text": "7.19", "box": [732, 709, 814, 755]}], "linking": [[]], "id": 33}, {"box": [333, 761, 420, 808], "text": "Chkn", "label": "answer", "words": [{"text": "Chkn", "box": [333, 761, 420, 808]}], "linking": [[]], "id": 34}, {"box": [428, 763, 561, 808], "text": "Royale", "label": "answer", "words": [{"text": "Royale", "box": [428, 763, 561, 808]}], "linking": [[]], "id": 35}, {"box": [339, 813, 397, 858], "text": "Reg", "label": "answer", "words": [{"text": "Reg", "box": [339, 813, 397, 858]}], "linking": [[]], "id": 36}, {"box": [411, 814, 517, 859], "text": "Fries", "label": "answer", "words": [{"text": "Fries", "box": [411, 814, 517, 859]}], "linking": [[]], "id": 37}, {"box": [335, 863, 394, 908], "text": "Reg", "label": "answer", "words": [{"text": "Reg", "box": [335, 863, 394, 908]}], "linking": [[]], "id": 38}, {"box": [405, 862, 495, 907], "text": "Diet", "label": "answer", "words": [{"text": "Diet", "box": [405, 862, 495, 907]}], "linking": [[]], "id": 39}, {"box": [506, 862, 598, 906], "text": "Coke", "label": "answer", "words": [{"text": "Coke", "box": [506, 862, 598, 906]}], "linking": [[]], "id": 40}, {"box": [276, 909, 296, 956], "text": "1", "label": "answer", "words": [{"text": "1", "box": [276, 909, 296, 956]}], "linking": [[]], "id": 41}, {"box": [306, 910, 378, 957], "text": "Ckn", "label": "answer", "words": [{"text": "Ckn", "box": [306, 910, 378, 957]}], "linking": [[]], "id": 42}, {"box": [386, 911, 499, 957], "text": "Royal", "label": "answer", "words": [{"text": "Royal", "box": [386, 911, 499, 957]}], "linking": [[]], "id": 43}, {"box": [507, 911, 578, 957], "text": "Reg", "label": "answer", "words": [{"text": "Reg", "box": [507, 911, 578, 957]}], "linking": [[]], "id": 44}, {"box": [585, 912, 638, 957], "text": "MD", "label": "answer", "words": [{"text": "MD", "box": [585, 912, 638, 957]}], "linking": [[]], "id": 45}, {"box": [732, 907, 815, 954], "text": "7.19", "label": "answer", "words": [{"text": "7.19", "box": [732, 907, 815, 954]}], "linking": [[]], "id": 46}, {"box": [331, 960, 416, 1006], "text": "Chkn", "label": "answer", "words": [{"text": "Chkn", "box": [331, 960, 416, 1006]}], "linking": [[]], "id": 47}, {"box": [426, 959, 557, 1008], "text": "Royale", "label": "answer", "words": [{"text": "Royale", "box": [426, 959, 557, 1008]}], "linking": [[]], "id": 48}, {"box": [332, 1010, 398, 1055], "text": "Reg", "label": "answer", "words": [{"text": "Reg", "box": [332, 1010, 398, 1055]}], "linking": [[]], "id": 49}, {"box": [408, 1009, 515, 1054], "text": "Fries", "label": "answer", "words": [{"text": "Fries", "box": [408, 1009, 515, 1054]}], "linking": [[]], "id": 50}, {"box": [335, 1057, 394, 1108], "text": "Reg", "label": "answer", "words": [{"text": "Reg", "box": [335, 1057, 394, 1108]}], "linking": [[]], "id": 51}, {"box": [404, 1058, 494, 1107], "text": "Diet", "label": "answer", "words": [{"text": "Diet", "box": [404, 1058, 494, 1107]}], "linking": [[]], "id": 52}, {"box": [505, 1058, 598, 1102], "text": "Coke", "label": "answer", "words": [{"text": "Coke", "box": [505, 1058, 598, 1102]}], "linking": [[]], "id": 53}, {"box": [280, 1107, 298, 1151], "text": "1", "label": "answer", "words": [{"text": "1", "box": [280, 1107, 298, 1151]}], "linking": [[]], "id": 54}, {"box": [307, 1108, 518, 1155], "text": "XLDb1Whppr", "label": "answer", "words": [{"text": "XLDb1Whppr", "box": [307, 1108, 518, 1155]}], "linking": [[]], "id": 55}, {"box": [524, 1108, 637, 1155], "text": "LrgMD", "label": "answer", "words": [{"text": "LrgMD", "box": [524, 1108, 637, 1155]}], "linking": [[]], "id": 56}, {"box": [731, 1108, 816, 1149], "text": "8.99", "label": "answer", "words": [{"text": "8.99", "box": [731, 1108, 816, 1149]}], "linking": [[]], "id": 57}, {"box": [339, 1156, 375, 1202], "text": "XL", "label": "answer", "words": [{"text": "XL", "box": [339, 1156, 375, 1202]}], "linking": [[]], "id": 58}, {"box": [387, 1156, 455, 1204], "text": "Dbl", "label": "answer", "words": [{"text": "Dbl", "box": [387, 1156, 455, 1204]}], "linking": [[]], "id": 59}, {"box": [466, 1158, 555, 1206], "text": "Whop", "label": "answer", "words": [{"text": "Whop", "box": [466, 1158, 555, 1206]}], "linking": [[]], "id": 60}, {"box": [332, 1209, 439, 1255], "text": "Large", "label": "answer", "words": [{"text": "Large", "box": [332, 1209, 439, 1255]}], "linking": [[]], "id": 61}, {"box": [446, 1209, 560, 1255], "text": "Fries", "label": "answer", "words": [{"text": "Fries", "box": [446, 1209, 560, 1255]}], "linking": [[]], "id": 62}, {"box": [335, 1258, 433, 1305], "text": "Large", "label": "answer", "words": [{"text": "Large", "box": [335, 1258, 433, 1305]}], "linking": [[]], "id": 63}, {"box": [445, 1258, 532, 1304], "text": "Diet", "label": "answer", "words": [{"text": "Diet", "box": [445, 1258, 532, 1304]}], "linking": [[]], "id": 64}, {"box": [544, 1258, 632, 1304], "text": "Coke", "label": "answer", "words": [{"text": "Coke", "box": [544, 1258, 632, 1304]}], "linking": [[]], "id": 65}, {"box": [1479, 1213, 1930, 1345], "text": "DINNER", "label": "other", "words": [{"text": "DINNER", "box": [1479, 1213, 1930, 1345]}], "linking": [[]], "id": 66}, {"box": [293, 1305, 530, 1353], "text": "Credit/Debit", "label": "question", "words": [{"text": "Credit/Debit", "box": [293, 1305, 530, 1353]}], "linking": [[]], "id": 67}, {"box": [689, 1306, 793, 1351], "text": "30.76", "label": "answer", "words": [{"text": "30.76", "box": [689, 1306, 793, 1351]}], "linking": [[]], "id": 68}, {"box": [297, 1404, 376, 1453], "text": "5.13", "label": "question", "words": [{"text": "5.13", "box": [297, 1404, 376, 1453]}], "linking": [[]], "id": 69}, {"box": [387, 1405, 458, 1455], "text": "VAT", "label": "question", "words": [{"text": "VAT", "box": [387, 1405, 458, 1455]}], "linking": [[]], "id": 70}, {"box": [469, 1406, 535, 1455], "text": "TTL", "label": "question", "words": [{"text": "TTL", "box": [469, 1406, 535, 1455]}], "linking": [[]], "id": 71}, {"box": [691, 1407, 794, 1454], "text": "30.76", "label": "answer", "words": [{"text": "30.76", "box": [691, 1407, 794, 1454]}], "linking": [[]], "id": 72}, {"box": [295, 1457, 355, 1502], "text": "Net", "label": "question", "words": [{"text": "Net", "box": [295, 1457, 355, 1502]}], "linking": [[]], "id": 73}, {"box": [368, 1457, 433, 1504], "text": "TTL", "label": "question", "words": [{"text": "TTL", "box": [368, 1457, 433, 1504]}], "linking": [[]], "id": 74}, {"box": [689, 1456, 795, 1503], "text": "25.63", "label": "answer", "words": [{"text": "25.63", "box": [689, 1456, 795, 1503]}], "linking": [[]], "id": 75}, {"box": [291, 1506, 457, 1550], "text": "Subtotal", "label": "question", "words": [{"text": "Subtotal", "box": [291, 1506, 457, 1550]}], "linking": [[]], "id": 76}, {"box": [687, 1509, 787, 1550], "text": "30.76", "label": "answer", "words": [{"text": "30.76", "box": [687, 1509, 787, 1550]}], "linking": [[]], "id": 77}, {"box": [1435, 1478, 1910, 1620], "text": "J.LAIRD", "label": "answer", "words": [{"text": "J.LAIRD", "box": [1435, 1478, 1910, 1620]}], "linking": [[]], "id": 78}, {"box": [290, 1556, 435, 1604], "text": "Payment", "label": "question", "words": [{"text": "Payment", "box": [290, 1556, 435, 1604]}], "linking": [[]], "id": 79}, {"box": [689, 1555, 791, 1597], "text": "30.76", "label": "answer", "words": [{"text": "30.76", "box": [689, 1555, 791, 1597]}], "linking": [[]], "id": 80}, {"box": [374, 1601, 452, 1651], "text": "-903", "label": "other", "words": [{"text": "-903", "box": [374, 1601, 452, 1651]}], "linking": [[]], "id": 81}, {"box": [460, 1604, 571, 1651], "text": "Check", "label": "other", "words": [{"text": "Check", "box": [460, 1604, 571, 1651]}], "linking": [[]], "id": 82}, {"box": [580, 1604, 717, 1650], "text": "Closed-", "label": "other", "words": [{"text": "Closed-", "box": [580, 1604, 717, 1650]}], "linking": [[]], "id": 83}, {"box": [411, 1655, 572, 1701], "text": "22Aug'18", "label": "other", "words": [{"text": "22Aug'18", "box": [411, 1655, 572, 1701]}], "linking": [[]], "id": 84}, {"box": [587, 1654, 679, 1698], "text": "16:57", "label": "other", "words": [{"text": "16:57", "box": [587, 1654, 679, 1698]}], "linking": [[]], "id": 85}, {"box": [689, 1653, 732, 1697], "text": "--", "label": "other", "words": [{"text": "--", "box": [689, 1653, 732, 1697]}], "linking": [[]], "id": 86}, {"box": [1429, 1684, 1786, 1816], "text": "DUSAN", "label": "answer", "words": [{"text": "DUSAN", "box": [1429, 1684, 1786, 1816]}], "linking": [[]], "id": 87}, {"box": [1864, 1701, 2336, 1814], "text": "KOKOSKA.", "label": "answer", "words": [{"text": "KOKOSKA.", "box": [1864, 1701, 2336, 1814]}], "linking": [[]], "id": 88}, {"box": [313, 1753, 371, 1800], "text": "VAT", "label": "question", "words": [{"text": "VAT", "box": [313, 1753, 371, 1800]}], "linking": [[]], "id": 89}, {"box": [382, 1753, 539, 1801], "text": "NUMBER:", "label": "question", "words": [{"text": "NUMBER:", "box": [382, 1753, 539, 1801]}], "linking": [[]], "id": 90}, {"box": [562, 1753, 634, 1801], "text": "884", "label": "answer", "words": [{"text": "884", "box": [562, 1753, 634, 1801]}], "linking": [[]], "id": 91}, {"box": [645, 1753, 731, 1800], "text": "2579", "label": "answer", "words": [{"text": "2579", "box": [645, 1753, 731, 1800]}], "linking": [[]], "id": 92}, {"box": [746, 1752, 791, 1799], "text": "78", "label": "answer", "words": [{"text": "78", "box": [746, 1752, 791, 1799]}], "linking": [[]], "id": 93}, {"box": [328, 1805, 533, 1850], "text": "Restaurant", "label": "question", "words": [{"text": "Restaurant", "box": [328, 1805, 533, 1850]}], "linking": [[]], "id": 94}, {"box": [540, 1806, 709, 1849], "text": "ID:11763", "label": "question", "words": [{"text": "ID:11763", "box": [540, 1806, 709, 1849]}], "linking": [[]], "id": 95}, {"box": [209, 1952, 272, 1998], "text": "***", "label": "other", "words": [{"text": "***", "box": [209, 1952, 272, 1998]}], "linking": [[]], "id": 96}, {"box": [279, 1951, 489, 1999], "text": "CARDHOLDER", "label": "other", "words": [{"text": "CARDHOLDER", "box": [279, 1951, 489, 1999]}], "linking": [[]], "id": 97}, {"box": [497, 1951, 591, 1997], "text": "COPY", "label": "other", "words": [{"text": "COPY", "box": [497, 1951, 591, 1997]}], "linking": [[]], "id": 98}, {"box": [599, 1950, 672, 1995], "text": "***", "label": "other", "words": [{"text": "***", "box": [599, 1950, 672, 1995]}], "linking": [[]], "id": 99}, {"box": [1395, 1932, 1635, 2026], "text": "JACK", "label": "answer", "words": [{"text": "JACK", "box": [1395, 1932, 1635, 2026]}], "linking": [[]], "id": 100}, {"box": [1730, 1919, 2057, 2028], "text": "TERNERA", "label": "answer", "words": [{"text": "TERNERA", "box": [1730, 1919, 2057, 2028]}], "linking": [[]], "id": 101}, {"box": [148, 2053, 211, 2090], "text": "SSP", "label": "header", "words": [{"text": "SSP", "box": [148, 2053, 211, 2090]}], "linking": [[]], "id": 102}, {"box": [145, 2109, 267, 2152], "text": "Burger", "label": "question", "words": [{"text": "Burger", "box": [145, 2109, 267, 2152]}], "linking": [[]], "id": 103}, {"box": [279, 2105, 369, 2151], "text": "King", "label": "question", "words": [{"text": "King", "box": [279, 2105, 369, 2151]}], "linking": [[]], "id": 104}, {"box": [1438, 2085, 1753, 2165], "text": "HAZEL", "label": "answer", "words": [{"text": "HAZEL", "box": [1438, 2085, 1753, 2165]}], "linking": [[]], "id": 105}, {"box": [1827, 2067, 2203, 2159], "text": "MCHARG", "label": "answer", "words": [{"text": "MCHARG", "box": [1827, 2067, 2203, 2159]}], "linking": [[]], "id": 106}, {"box": [146, 2157, 189, 2196], "text": "AS", "label": "question", "words": [{"text": "AS", "box": [146, 2157, 189, 2196]}], "linking": [[]], "id": 107}, {"box": [149, 2202, 287, 2250], "text": "Belfast", "label": "question", "words": [{"text": "Belfast", "box": [149, 2202, 287, 2250]}], "linking": [[]], "id": 108}, {"box": [298, 2203, 447, 2250], "text": "Airport", "label": "question", "words": [{"text": "Airport", "box": [298, 2203, 447, 2250]}], "linking": [[]], "id": 109}, {"box": [1435, 2278, 1560, 2406], "text": "22", "label": "answer", "words": [{"text": "22", "box": [1435, 2278, 1560, 2406]}], "linking": [[]], "id": 110}, {"box": [1579, 2276, 1730, 2405], "text": "/8/", "label": "answer", "words": [{"text": "/8/", "box": [1579, 2276, 1730, 2405]}], "linking": [[]], "id": 111}, {"box": [1750, 2274, 1996, 2401], "text": "2018", "label": "answer", "words": [{"text": "2018", "box": [1750, 2274, 1996, 2401]}], "linking": [[]], "id": 112}, {"box": [143, 2350, 344, 2397], "text": "P:W3604729", "label": "answer", "words": [{"text": "P:W3604729", "box": [143, 2350, 344, 2397]}], "linking": [[]], "id": 113}, {"box": [560, 2349, 572, 2396], "text": "T", "label": "question", "words": [{"text": "T", "box": [560, 2349, 572, 2396]}], "linking": [[]], "id": 114}, {"box": [581, 2349, 671, 2396], "text": ":****", "label": "question", "words": [{"text": ":****", "box": [581, 2349, 671, 2396]}], "linking": [[]], "id": 115}, {"box": [680, 2349, 764, 2396], "text": "4317", "label": "answer", "words": [{"text": "4317", "box": [680, 2349, 764, 2396]}], "linking": [[]], "id": 116}, {"box": [142, 2402, 159, 2447], "text": "M", "label": "question", "words": [{"text": "M", "box": [142, 2402, 159, 2447]}], "linking": [[]], "id": 117}, {"box": [168, 2402, 236, 2445], "text": ":***", "label": "question", "words": [{"text": ":***", "box": [168, 2402, 236, 2445]}], "linking": [[]], "id": 118}, {"box": [245, 2400, 343, 2446], "text": "70043", "label": "other", "words": [{"text": "70043", "box": [245, 2400, 343, 2446]}], "linking": [[]], "id": 119}, {"box": [246, 2451, 425, 2498], "text": "8/22/2018", "label": "other", "words": [{"text": "8/22/2018", "box": [246, 2451, 425, 2498]}], "linking": [[]], "id": 120}, {"box": [438, 2450, 583, 2497], "text": "4:57:23", "label": "other", "words": [{"text": "4:57:23", "box": [438, 2450, 583, 2497]}], "linking": [[]], "id": 121}, {"box": [592, 2449, 646, 2497], "text": "PM", "label": "other", "words": [{"text": "PM", "box": [592, 2449, 646, 2497]}], "linking": [[]], "id": 122}, {"box": [150, 2554, 225, 2590], "text": "VISA", "label": "question", "words": [{"text": "VISA", "box": [150, 2554, 225, 2590]}], "linking": [[]], "id": 123}, {"box": [147, 2600, 375, 2642], "text": "************", "label": "question", "words": [{"text": "************", "box": [147, 2600, 375, 2642]}], "linking": [[]], "id": 124}, {"box": [384, 2603, 459, 2645], "text": "7091", "label": "answer", "words": [{"text": "7091", "box": [384, 2603, 459, 2645]}], "linking": [[]], "id": 125}, {"box": [146, 2696, 204, 2741], "text": "ICC", "label": "question", "words": [{"text": "ICC", "box": [146, 2696, 204, 2741]}], "linking": [[]], "id": 126}, {"box": [256, 2697, 303, 2742], "text": "CP", "label": "question", "words": [{"text": "CP", "box": [256, 2697, 303, 2742]}], "linking": [[]], "id": 127}, {"box": [314, 2698, 403, 2743], "text": "SALE", "label": "question", "words": [{"text": "SALE", "box": [314, 2698, 403, 2743]}], "linking": [[]], "id": 128}, {"box": [206, 2799, 320, 2847], "text": "Please", "label": "question", "words": [{"text": "Please", "box": [206, 2799, 320, 2847]}], "linking": [[]], "id": 129}, {"box": [330, 2800, 442, 2846], "text": "debit", "label": "question", "words": [{"text": "debit", "box": [330, 2800, 442, 2846]}], "linking": [[]], "id": 130}, {"box": [452, 2801, 501, 2846], "text": "my", "label": "question", "words": [{"text": "my", "box": [452, 2801, 501, 2846]}], "linking": [[]], "id": 131}, {"box": [512, 2801, 655, 2844], "text": "account", "label": "question", "words": [{"text": "account", "box": [512, 2801, 655, 2844]}], "linking": [[]], "id": 132}, {"box": [140, 2850, 253, 2893], "text": "AMOUNT", "label": "question", "words": [{"text": "AMOUNT", "box": [140, 2850, 253, 2893]}], "linking": [[]], "id": 133}, {"box": [145, 2895, 243, 2942], "text": "TOTAL", "label": "question", "words": [{"text": "TOTAL", "box": [145, 2895, 243, 2942]}], "linking": [[]], "id": 134}, {"box": [597, 2848, 760, 2897], "text": "GBP30.76", "label": "answer", "words": [{"text": "GBP30.76", "box": [597, 2848, 760, 2897]}], "linking": [[]], "id": 135}, {"box": [596, 2898, 756, 2942], "text": "GBP30.76", "label": "answer", "words": [{"text": "GBP30.76", "box": [596, 2898, 756, 2942]}], "linking": [[]], "id": 136}, {"box": [322, 2994, 380, 3041], "text": "PIN", "label": "question", "words": [{"text": "PIN", "box": [322, 2994, 380, 3041]}], "linking": [[]], "id": 137}, {"box": [389, 2994, 560, 3040], "text": "VERIFIED", "label": "question", "words": [{"text": "VERIFIED", "box": [389, 2994, 560, 3040]}], "linking": [[]], "id": 138}, {"box": [701, 3056, 750, 3084], "text": "---", "label": "other", "words": [{"text": "---", "box": [701, 3056, 750, 3084]}], "linking": [[]], "id": 139}]}