{"form": [{"box": [980, 53, 1346, 125], "text": "Questions?", "label": "header", "words": [{"text": "Questions?", "box": [980, 53, 1346, 125]}], "linking": [[]], "id": 0}, {"box": [57, 177, 356, 234], "text": "vodafone", "label": "other", "words": [{"text": "vodafone", "box": [57, 177, 356, 234]}], "linking": [[]], "id": 1}, {"box": [979, 155, 1115, 190], "text": "Contact", "label": "question", "words": [{"text": "Contact", "box": [979, 155, 1115, 190]}], "linking": [[]], "id": 2}, {"box": [1602, 158, 1741, 194], "text": "Account", "label": "question", "words": [{"text": "Account", "box": [1602, 158, 1741, 194]}], "linking": [[]], "id": 3}, {"box": [1945, 157, 2069, 194], "text": "Invoice", "label": "question", "words": [{"text": "Invoice", "box": [1945, 157, 2069, 194]}], "linking": [[]], "id": 4}, {"box": [2257, 158, 2338, 193], "text": "Date", "label": "question", "words": [{"text": "Date", "box": [2257, 158, 2338, 193]}], "linking": [[]], "id": 5}, {"box": [990, 200, 1016, 228], "text": "us", "label": "question", "words": [{"text": "us", "box": [990, 200, 1016, 228]}], "linking": [[]], "id": 6}, {"box": [1020, 198, 1060, 226], "text": "at", "label": "question", "words": [{"text": "at", "box": [1020, 198, 1060, 226]}], "linking": [[]], "id": 7}, {"box": [1599, 199, 1732, 231], "text": "number", "label": "question", "words": [{"text": "number", "box": [1599, 199, 1732, 231]}], "linking": [[]], "id": 8}, {"box": [1945, 200, 2078, 233], "text": "number", "label": "question", "words": [{"text": "number", "box": [1945, 200, 2078, 233]}], "linking": [[]], "id": 9}, {"box": [120, 299, 323, 330], "text": "www.vcol.co.uk", "label": "other", "words": [{"text": "www.vcol.co.uk", "box": [120, 299, 323, 330]}], "linking": [[]], "id": 10}, {"box": [979, 299, 1414, 334], "text": "accenture@help.vodafone.co.uk", "label": "answer", "words": [{"text": "accenture@help.vodafone.co.uk", "box": [979, 299, 1414, 334]}], "linking": [[]], "id": 11}, {"box": [1585, 298, 1743, 332], "text": "670109231", "label": "answer", "words": [{"text": "670109231", "box": [1585, 298, 1743, 332]}], "linking": [[]], "id": 12}, {"box": [1750, 298, 1763, 332], "text": "/", "label": "other", "words": [{"text": "/", "box": [1750, 298, 1763, 332]}], "linking": [[]], "id": 13}, {"box": [1770, 298, 1870, 331], "text": "00001", "label": "other", "words": [{"text": "00001", "box": [1770, 298, 1870, 331]}], "linking": [[]], "id": 14}, {"box": [1940, 298, 1990, 331], "text": "897", "label": "other", "words": [{"text": "897", "box": [1940, 298, 1990, 331]}], "linking": [[]], "id": 15}, {"box": [1996, 299, 2080, 331], "text": "10876", "label": "other", "words": [{"text": "10876", "box": [1996, 299, 2080, 331]}], "linking": [[]], "id": 16}, {"box": [2248, 299, 2278, 334], "text": "14", "label": "answer", "words": [{"text": "14", "box": [2248, 299, 2278, 334]}], "linking": [[]], "id": 17}, {"box": [2284, 300, 2345, 333], "text": "Nov", "label": "answer", "words": [{"text": "Nov", "box": [2284, 300, 2345, 333]}], "linking": [[]], "id": 18}, {"box": [2351, 299, 2385, 331], "text": "18", "label": "answer", "words": [{"text": "18", "box": [2351, 299, 2385, 331]}], "linking": [[]], "id": 19}, {"box": [308, 558, 481, 600], "text": "ACCENTURE", "label": "answer", "words": [{"text": "ACCENTURE", "box": [308, 558, 481, 600]}], "linking": [[]], "id": 20}, {"box": [489, 557, 548, 602], "text": "(UK)", "label": "answer", "words": [{"text": "(UK)", "box": [489, 557, 548, 602]}], "linking": [[]], "id": 21}, {"box": [557, 556, 621, 603], "text": "LTD", "label": "answer", "words": [{"text": "LTD", "box": [557, 556, 621, 603]}], "linking": [[]], "id": 22}, {"box": [2330, 571, 2404, 698], "text": "Copy", "label": "other", "words": [{"text": "Copy", "box": [2330, 571, 2404, 698]}], "linking": [[]], "id": 23}, {"box": [2331, 714, 2408, 805], "text": "bill", "label": "other", "words": [{"text": "bill", "box": [2331, 714, 2408, 805]}], "linking": [[]], "id": 24}, {"box": [308, 607, 392, 645], "text": "ATTN:", "label": "question", "words": [{"text": "ATTN:", "box": [308, 607, 392, 645]}], "linking": [[]], "id": 25}, {"box": [401, 607, 446, 645], "text": "KIT", "label": "question", "words": [{"text": "KIT", "box": [401, 607, 446, 645]}], "linking": [[]], "id": 26}, {"box": [454, 607, 564, 643], "text": "FRIEND", "label": "question", "words": [{"text": "FRIEND", "box": [454, 607, 564, 643]}], "linking": [[]], "id": 27}, {"box": [310, 651, 343, 692], "text": "26", "label": "answer", "words": [{"text": "26", "box": [310, 651, 343, 692]}], "linking": [[]], "id": 28}, {"box": [352, 652, 508, 693], "text": "CRABTREE", "label": "answer", "words": [{"text": "CRABTREE", "box": [352, 652, 508, 693]}], "linking": [[]], "id": 29}, {"box": [518, 651, 641, 694], "text": "AVENUE", "label": "answer", "words": [{"text": "AVENUE", "box": [518, 651, 641, 694]}], "linking": [[]], "id": 30}, {"box": [311, 700, 459, 740], "text": "WEMBLEY", "label": "answer", "words": [{"text": "WEMBLEY", "box": [311, 700, 459, 740]}], "linking": [[]], "id": 31}, {"box": [307, 747, 479, 787], "text": "MIDDLESEX", "label": "answer", "words": [{"text": "MIDDLESEX", "box": [307, 747, 479, 787]}], "linking": [[]], "id": 32}, {"box": [304, 792, 370, 833], "text": "HAO", "label": "answer", "words": [{"text": "HAO", "box": [304, 792, 370, 833]}], "linking": [[]], "id": 33}, {"box": [380, 792, 434, 832], "text": "1LP", "label": "answer", "words": [{"text": "1LP", "box": [380, 792, 434, 832]}], "linking": [[]], "id": 34}, {"box": [596, 1038, 801, 1140], "text": "Your", "label": "header", "words": [{"text": "Your", "box": [596, 1038, 801, 1140]}], "linking": [[]], "id": 35}, {"box": [820, 1038, 1267, 1140], "text": "vodafone", "label": "header", "words": [{"text": "vodafone", "box": [820, 1038, 1267, 1140]}], "linking": [[]], "id": 36}, {"box": [1287, 1037, 1444, 1141], "text": "bill", "label": "header", "words": [{"text": "bill", "box": [1287, 1037, 1444, 1141]}], "linking": [[]], "id": 37}, {"box": [583, 1230, 767, 1311], "text": "Quick", "label": "header", "words": [{"text": "Quick", "box": [583, 1230, 767, 1311]}], "linking": [[]], "id": 38}, {"box": [779, 1229, 1129, 1309], "text": "breakdown", "label": "header", "words": [{"text": "breakdown", "box": [779, 1229, 1129, 1309]}], "linking": [[]], "id": 39}, {"box": [594, 1381, 652, 1427], "text": "Cost", "label": "answer", "words": [{"text": "Cost", "box": [594, 1381, 652, 1427]}], "linking": [[]], "id": 40}, {"box": [660, 1380, 764, 1427], "text": "centre", "label": "answer", "words": [{"text": "centre", "box": [660, 1380, 764, 1427]}], "linking": [[]], "id": 41}, {"box": [772, 1379, 926, 1427], "text": "10639326", "label": "answer", "words": [{"text": "10639326", "box": [772, 1379, 926, 1427]}], "linking": [[]], "id": 42}, {"box": [935, 1378, 954, 1427], "text": "~", "label": "answer", "words": [{"text": "~", "box": [935, 1378, 954, 1427]}], "linking": [[]], "id": 43}, {"box": [962, 1378, 1122, 1427], "text": "30030894", "label": "answer", "words": [{"text": "30030894", "box": [962, 1378, 1122, 1427]}], "linking": [[]], "id": 44}, {"box": [1131, 1377, 1174, 1427], "text": "for", "label": "answer", "words": [{"text": "for", "box": [1131, 1377, 1174, 1427]}], "linking": [[]], "id": 45}, {"box": [1183, 1378, 1286, 1426], "text": "07815", "label": "answer", "words": [{"text": "07815", "box": [1183, 1378, 1286, 1426]}], "linking": [[]], "id": 46}, {"box": [595, 1429, 646, 1476], "text": "170", "label": "other", "words": [{"text": "170", "box": [595, 1429, 646, 1476]}], "linking": [[]], "id": 47}, {"box": [656, 1431, 716, 1477], "text": "697", "label": "other", "words": [{"text": "697", "box": [656, 1431, 716, 1477]}], "linking": [[]], "id": 48}, {"box": [725, 1434, 786, 1477], "text": "used", "label": "other", "words": [{"text": "used", "box": [725, 1434, 786, 1477]}], "linking": [[]], "id": 49}, {"box": [795, 1436, 819, 1477], "text": "by", "label": "other", "words": [{"text": "by", "box": [795, 1436, 819, 1477]}], "linking": [[]], "id": 50}, {"box": [829, 1437, 880, 1477], "text": "REF:", "label": "other", "words": [{"text": "REF:", "box": [829, 1437, 880, 1477]}], "linking": [[]], "id": 51}, {"box": [890, 1437, 925, 1476], "text": "KIT", "label": "other", "words": [{"text": "KIT", "box": [890, 1437, 925, 1476]}], "linking": [[]], "id": 52}, {"box": [935, 1438, 1029, 1475], "text": "FRIEND", "label": "other", "words": [{"text": "FRIEND", "box": [935, 1438, 1029, 1475]}], "linking": [[]], "id": 53}, {"box": [593, 1492, 697, 1535], "text": "Service", "label": "question", "words": [{"text": "Service", "box": [593, 1492, 697, 1535]}], "linking": [[]], "id": 54}, {"box": [706, 1494, 835, 1535], "text": "charges", "label": "question", "words": [{"text": "charges", "box": [706, 1494, 835, 1535]}], "linking": [[]], "id": 55}, {"box": [664, 1548, 814, 1591], "text": "Accenture", "label": "answer", "words": [{"text": "Accenture", "box": [664, 1548, 814, 1591]}], "linking": [[]], "id": 56}, {"box": [823, 1549, 951, 1592], "text": "360mins", "label": "answer", "words": [{"text": "360mins", "box": [823, 1549, 951, 1592]}], "linking": [[]], "id": 57}, {"box": [960, 1549, 1036, 1591], "text": "Prem", "label": "answer", "words": [{"text": "Prem", "box": [960, 1549, 1036, 1591]}], "linking": [[]], "id": 58}, {"box": [1243, 1548, 1348, 1590], "text": "\u00a324.56", "label": "answer", "words": [{"text": "\u00a324.56", "box": [1243, 1548, 1348, 1590]}], "linking": [[]], "id": 59}, {"box": [666, 1596, 782, 1639], "text": "handset", "label": "question", "words": [{"text": "handset", "box": [666, 1596, 782, 1639]}], "linking": [[]], "id": 60}, {"box": [791, 1600, 806, 1639], "text": "1", "label": "answer", "words": [{"text": "1", "box": [791, 1600, 806, 1639]}], "linking": [[]], "id": 61}, {"box": [815, 1600, 859, 1640], "text": "Nov", "label": "answer", "words": [{"text": "Nov", "box": [815, 1600, 859, 1640]}], "linking": [[]], "id": 62}, {"box": [868, 1601, 894, 1640], "text": "to", "label": "answer", "words": [{"text": "to", "box": [868, 1601, 894, 1640]}], "linking": [[]], "id": 63}, {"box": [903, 1602, 934, 1640], "text": "30", "label": "answer", "words": [{"text": "30", "box": [903, 1602, 934, 1640]}], "linking": [[]], "id": 64}, {"box": [943, 1602, 996, 1640], "text": "Nov", "label": "answer", "words": [{"text": "Nov", "box": [943, 1602, 996, 1640]}], "linking": [[]], "id": 65}, {"box": [863, 1627, 1016, 1664], "text": "............................", "label": "question", "words": [{"text": "............................", "box": [863, 1627, 1016, 1664]}], "linking": [[]], "id": 66}, {"box": [664, 1650, 824, 1693], "text": "MultiMedia", "label": "answer", "words": [{"text": "MultiMedia", "box": [664, 1650, 824, 1693]}], "linking": [[]], "id": 67}, {"box": [834, 1651, 1002, 1698], "text": "Messaging", "label": "answer", "words": [{"text": "Messaging", "box": [834, 1651, 1002, 1698]}], "linking": [[]], "id": 68}, {"box": [1262, 1659, 1345, 1688], "text": "\u00a30.00", "label": "answer", "words": [{"text": "\u00a30.00", "box": [1262, 1659, 1345, 1688]}], "linking": [[]], "id": 69}, {"box": [664, 1697, 678, 1735], "text": "1", "label": "answer", "words": [{"text": "1", "box": [664, 1697, 678, 1735]}], "linking": [[]], "id": 70}, {"box": [686, 1697, 731, 1734], "text": "Nov", "label": "answer", "words": [{"text": "Nov", "box": [686, 1697, 731, 1734]}], "linking": [[]], "id": 71}, {"box": [739, 1697, 768, 1733], "text": "to", "label": "answer", "words": [{"text": "to", "box": [739, 1697, 768, 1733]}], "linking": [[]], "id": 72}, {"box": [776, 1697, 805, 1733], "text": "30", "label": "answer", "words": [{"text": "30", "box": [776, 1697, 805, 1733]}], "linking": [[]], "id": 73}, {"box": [814, 1698, 868, 1733], "text": "Nov", "label": "answer", "words": [{"text": "Nov", "box": [814, 1698, 868, 1733]}], "linking": [[]], "id": 74}, {"box": [659, 1745, 809, 1786], "text": "Accenture", "label": "answer", "words": [{"text": "Accenture", "box": [659, 1745, 809, 1786]}], "linking": [[]], "id": 75}, {"box": [817, 1744, 866, 1787], "text": "HH", "label": "answer", "words": [{"text": "HH", "box": [817, 1744, 866, 1787]}], "linking": [[]], "id": 76}, {"box": [874, 1743, 919, 1787], "text": "4G", "label": "answer", "words": [{"text": "4G", "box": [874, 1743, 919, 1787]}], "linking": [[]], "id": 77}, {"box": [928, 1743, 1014, 1789], "text": "20GB", "label": "answer", "words": [{"text": "20GB", "box": [928, 1743, 1014, 1789]}], "linking": [[]], "id": 78}, {"box": [1239, 1749, 1348, 1783], "text": "\u00a337.00", "label": "answer", "words": [{"text": "\u00a337.00", "box": [1239, 1749, 1348, 1783]}], "linking": [[]], "id": 79}, {"box": [666, 1790, 814, 1836], "text": "WiFi&Teth", "label": "answer", "words": [{"text": "WiFi&Teth", "box": [666, 1790, 814, 1836]}], "linking": [[]], "id": 80}, {"box": [824, 1795, 837, 1836], "text": "1", "label": "answer", "words": [{"text": "1", "box": [824, 1795, 837, 1836]}], "linking": [[]], "id": 81}, {"box": [847, 1796, 892, 1837], "text": "Nov", "label": "answer", "words": [{"text": "Nov", "box": [847, 1796, 892, 1837]}], "linking": [[]], "id": 82}, {"box": [902, 1797, 927, 1837], "text": "to", "label": "answer", "words": [{"text": "to", "box": [902, 1797, 927, 1837]}], "linking": [[]], "id": 83}, {"box": [937, 1798, 968, 1838], "text": "30", "label": "answer", "words": [{"text": "30", "box": [937, 1798, 968, 1838]}], "linking": [[]], "id": 84}, {"box": [977, 1800, 1027, 1838], "text": "Nov", "label": "answer", "words": [{"text": "Nov", "box": [977, 1800, 1027, 1838]}], "linking": [[]], "id": 85}, {"box": [592, 1849, 660, 1891], "text": "Extra", "label": "question", "words": [{"text": "Extra", "box": [592, 1849, 660, 1891]}], "linking": [[]], "id": 86}, {"box": [668, 1851, 762, 1891], "text": "usage", "label": "question", "words": [{"text": "usage", "box": [668, 1851, 762, 1891]}], "linking": [[]], "id": 87}, {"box": [770, 1852, 892, 1891], "text": "charges", "label": "question", "words": [{"text": "charges", "box": [770, 1852, 892, 1891]}], "linking": [[]], "id": 88}, {"box": [900, 1854, 932, 1891], "text": "up", "label": "question", "words": [{"text": "up", "box": [900, 1854, 932, 1891]}], "linking": [[]], "id": 89}, {"box": [941, 1854, 962, 1891], "text": "to", "label": "question", "words": [{"text": "to", "box": [941, 1854, 962, 1891]}], "linking": [[]], "id": 90}, {"box": [970, 1854, 999, 1890], "text": "31", "label": "question", "words": [{"text": "31", "box": [970, 1854, 999, 1890]}], "linking": [[]], "id": 91}, {"box": [1007, 1855, 1059, 1890], "text": "Oct", "label": "question", "words": [{"text": "Oct", "box": [1007, 1855, 1059, 1890]}], "linking": [[]], "id": 92}, {"box": [657, 1902, 737, 1944], "text": "Calls", "label": "question", "words": [{"text": "Calls", "box": [657, 1902, 737, 1944]}], "linking": [[]], "id": 93}, {"box": [874, 1883, 1067, 1910], "text": "............", "label": "question", "words": [{"text": "............", "box": [874, 1883, 1067, 1910]}], "linking": [[]], "id": 94}, {"box": [1259, 1907, 1349, 1953], "text": "\u00a31.44", "label": "answer", "words": [{"text": "\u00a31.44", "box": [1259, 1907, 1349, 1953]}], "linking": [[]], "id": 95}, {"box": [671, 1964, 832, 2007], "text": "Messaging,", "label": "question", "words": [{"text": "Messaging,", "box": [671, 1964, 832, 2007]}], "linking": [[]], "id": 96}, {"box": [840, 1964, 942, 2006], "text": "mobile", "label": "question", "words": [{"text": "mobile", "box": [840, 1964, 942, 2006]}], "linking": [[]], "id": 97}, {"box": [949, 1964, 1076, 2002], "text": "internet", "label": "question", "words": [{"text": "internet", "box": [949, 1964, 1076, 2002]}], "linking": [[]], "id": 98}, {"box": [1261, 1964, 1349, 2005], "text": "\u00a30.37", "label": "answer", "words": [{"text": "\u00a30.37", "box": [1261, 1964, 1349, 2005]}], "linking": [[]], "id": 99}, {"box": [594, 2015, 663, 2060], "text": "Total", "label": "question", "words": [{"text": "Total", "box": [594, 2015, 663, 2060]}], "linking": [[]], "id": 100}, {"box": [673, 2016, 765, 2060], "text": "before", "label": "question", "words": [{"text": "before", "box": [673, 2016, 765, 2060]}], "linking": [[]], "id": 101}, {"box": [776, 2016, 842, 2060], "text": "VAT", "label": "question", "words": [{"text": "VAT", "box": [776, 2016, 842, 2060]}], "linking": [[]], "id": 102}, {"box": [1244, 2018, 1353, 2061], "text": "\u00a363.37", "label": "answer", "words": [{"text": "\u00a363.37", "box": [1244, 2018, 1353, 2061]}], "linking": [[]], "id": 103}, {"box": [586, 2071, 647, 2114], "text": "VAT", "label": "question", "words": [{"text": "VAT", "box": [586, 2071, 647, 2114]}], "linking": [[]], "id": 104}, {"box": [655, 2071, 686, 2114], "text": "at", "label": "question", "words": [{"text": "at", "box": [655, 2071, 686, 2114]}], "linking": [[]], "id": 105}, {"box": [694, 2071, 763, 2115], "text": "20%", "label": "answer", "words": [{"text": "20%", "box": [694, 2071, 763, 2115]}], "linking": [[]], "id": 106}, {"box": [773, 2070, 811, 2115], "text": "on", "label": "answer", "words": [{"text": "on", "box": [773, 2070, 811, 2115]}], "linking": [[]], "id": 107}, {"box": [820, 2070, 936, 2116], "text": "\u00a363.37", "label": "answer", "words": [{"text": "\u00a363.37", "box": [820, 2070, 936, 2116]}], "linking": [[]], "id": 108}, {"box": [1237, 2071, 1352, 2115], "text": "\u00a312.67", "label": "answer", "words": [{"text": "\u00a312.67", "box": [1237, 2071, 1352, 2115]}], "linking": [[]], "id": 109}, {"box": [592, 2129, 666, 2165], "text": "Total", "label": "question", "words": [{"text": "Total", "box": [592, 2129, 666, 2165]}], "linking": [[]], "id": 110}, {"box": [1108, 2145, 1345, 2220], "text": "\u00a376.04", "label": "answer", "words": [{"text": "\u00a376.04", "box": [1108, 2145, 1345, 2220]}], "linking": [[]], "id": 111}, {"box": [932, 2240, 974, 2299], "text": "by", "label": "other", "words": [{"text": "by", "box": [932, 2240, 974, 2299]}], "linking": [[]], "id": 112}, {"box": [985, 2240, 1109, 2298], "text": "Credit", "label": "other", "words": [{"text": "Credit", "box": [985, 2240, 1109, 2298]}], "linking": [[]], "id": 113}, {"box": [1121, 2241, 1220, 2298], "text": "Card", "label": "other", "words": [{"text": "Card", "box": [1121, 2241, 1220, 2298]}], "linking": [[]], "id": 114}, {"box": [1234, 2243, 1285, 2299], "text": "on", "label": "other", "words": [{"text": "on", "box": [1234, 2243, 1285, 2299]}], "linking": [[]], "id": 115}, {"box": [1300, 2245, 1348, 2300], "text": "or", "label": "other", "words": [{"text": "or", "box": [1300, 2245, 1348, 2300]}], "linking": [[]], "id": 116}, {"box": [829, 2307, 925, 2361], "text": "after", "label": "other", "words": [{"text": "after", "box": [829, 2307, 925, 2361]}], "linking": [[]], "id": 117}, {"box": [935, 2307, 989, 2361], "text": "14", "label": "other", "words": [{"text": "14", "box": [935, 2307, 989, 2361]}], "linking": [[]], "id": 118}, {"box": [999, 2306, 1220, 2361], "text": "December", "label": "other", "words": [{"text": "December", "box": [999, 2306, 1220, 2361]}], "linking": [[]], "id": 119}, {"box": [1231, 2306, 1348, 2361], "text": "2018", "label": "other", "words": [{"text": "2018", "box": [1231, 2306, 1348, 2361]}], "linking": [[]], "id": 120}, {"box": [2327, 2830, 2398, 2969], "text": "Page", "label": "other", "words": [{"text": "Page", "box": [2327, 2830, 2398, 2969]}], "linking": [[]], "id": 121}, {"box": [2327, 2984, 2399, 3012], "text": "1", "label": "other", "words": [{"text": "1", "box": [2327, 2984, 2399, 3012]}], "linking": [[]], "id": 122}, {"box": [2328, 3026, 2400, 3089], "text": "of", "label": "other", "words": [{"text": "of", "box": [2328, 3026, 2400, 3089]}], "linking": [[]], "id": 123}, {"box": [2329, 3101, 2401, 3146], "text": "4", "label": "other", "words": [{"text": "4", "box": [2329, 3101, 2401, 3146]}], "linking": [[]], "id": 124}]}