{"form": [{"box": [977, 52, 1343, 125], "text": "Questions?", "label": "header", "words": [{"text": "Questions?", "box": [977, 52, 1343, 125]}], "linking": [[]], "id": 0}, {"box": [54, 177, 357, 234], "text": "vodafone", "label": "other", "words": [{"text": "vodafone", "box": [54, 177, 357, 234]}], "linking": [[]], "id": 1}, {"box": [976, 155, 1112, 190], "text": "Contact", "label": "question", "words": [{"text": "Contact", "box": [976, 155, 1112, 190]}], "linking": [[]], "id": 2}, {"box": [1598, 157, 1739, 192], "text": "Account", "label": "question", "words": [{"text": "Account", "box": [1598, 157, 1739, 192]}], "linking": [[]], "id": 3}, {"box": [1942, 156, 2066, 193], "text": "Invoice", "label": "question", "words": [{"text": "Invoice", "box": [1942, 156, 2066, 193]}], "linking": [[]], "id": 4}, {"box": [2254, 156, 2332, 191], "text": "Date", "label": "question", "words": [{"text": "Date", "box": [2254, 156, 2332, 191]}], "linking": [[]], "id": 5}, {"box": [987, 200, 1013, 228], "text": "us", "label": "question", "words": [{"text": "us", "box": [987, 200, 1013, 228]}], "linking": [[]], "id": 6}, {"box": [1017, 198, 1057, 226], "text": "at", "label": "question", "words": [{"text": "at", "box": [1017, 198, 1057, 226]}], "linking": [[]], "id": 7}, {"box": [1596, 198, 1728, 230], "text": "number", "label": "question", "words": [{"text": "number", "box": [1596, 198, 1728, 230]}], "linking": [[]], "id": 8}, {"box": [1942, 199, 2077, 232], "text": "number", "label": "question", "words": [{"text": "number", "box": [1942, 199, 2077, 232]}], "linking": [[]], "id": 9}, {"box": [117, 299, 319, 330], "text": "www.vcol.co.uk", "label": "other", "words": [{"text": "www.vcol.co.uk", "box": [117, 299, 319, 330]}], "linking": [[]], "id": 10}, {"box": [976, 298, 1413, 334], "text": "accenture@help.vodafone.co.uk", "label": "other", "words": [{"text": "accenture@help.vodafone.co.uk", "box": [976, 298, 1413, 334]}], "linking": [[]], "id": 11}, {"box": [1583, 297, 1741, 330], "text": "604045354", "label": "other", "words": [{"text": "604045354", "box": [1583, 297, 1741, 330]}], "linking": [[]], "id": 12}, {"box": [1749, 298, 1761, 330], "text": "/", "label": "other", "words": [{"text": "/", "box": [1749, 298, 1761, 330]}], "linking": [[]], "id": 13}, {"box": [1768, 297, 1865, 329], "text": "00001", "label": "other", "words": [{"text": "00001", "box": [1768, 297, 1865, 329]}], "linking": [[]], "id": 14}, {"box": [1937, 297, 2082, 330], "text": "88460841", "label": "other", "words": [{"text": "88460841", "box": [1937, 297, 2082, 330]}], "linking": [[]], "id": 15}, {"box": [2244, 298, 2276, 331], "text": "14", "label": "answer", "words": [{"text": "14", "box": [2244, 298, 2276, 331]}], "linking": [[]], "id": 16}, {"box": [2282, 298, 2331, 331], "text": "Jul", "label": "answer", "words": [{"text": "Jul", "box": [2282, 298, 2331, 331]}], "linking": [[]], "id": 17}, {"box": [2336, 297, 2372, 329], "text": "18", "label": "other", "words": [{"text": "18", "box": [2336, 297, 2372, 329]}], "linking": [[]], "id": 18}, {"box": [305, 558, 488, 600], "text": "ACCENTURE", "label": "question", "words": [{"text": "ACCENTURE", "box": [305, 558, 488, 600]}], "linking": [[]], "id": 19}, {"box": [2327, 569, 2401, 696], "text": "Copy", "label": "other", "words": [{"text": "Copy", "box": [2327, 569, 2401, 696]}], "linking": [[]], "id": 20}, {"box": [2328, 712, 2405, 803], "text": "bill", "label": "other", "words": [{"text": "bill", "box": [2328, 712, 2405, 803]}], "linking": [[]], "id": 21}, {"box": [307, 606, 391, 646], "text": "ATTN:", "label": "answer", "words": [{"text": "ATTN:", "box": [307, 606, 391, 646]}], "linking": [[]], "id": 22}, {"box": [400, 606, 482, 645], "text": "JOHN", "label": "answer", "words": [{"text": "JOHN", "box": [400, 606, 482, 645]}], "linking": [[]], "id": 23}, {"box": [490, 606, 664, 646], "text": "SWANSTON", "label": "answer", "words": [{"text": "SWANSTON", "box": [490, 606, 664, 646]}], "linking": [[]], "id": 24}, {"box": [311, 650, 565, 693], "text": "JOHN.SWANSTON", "label": "answer", "words": [{"text": "JOHN.SWANSTON", "box": [311, 650, 565, 693]}], "linking": [[]], "id": 25}, {"box": [312, 696, 481, 740], "text": "ACCENTURE", "label": "answer", "words": [{"text": "ACCENTURE", "box": [312, 696, 481, 740]}], "linking": [[]], "id": 26}, {"box": [310, 747, 361, 785], "text": "61B", "label": "answer", "words": [{"text": "61B", "box": [310, 747, 361, 785]}], "linking": [[]], "id": 27}, {"box": [371, 746, 531, 787], "text": "WOODBINE", "label": "answer", "words": [{"text": "WOODBINE", "box": [371, 746, 531, 787]}], "linking": [[]], "id": 28}, {"box": [541, 746, 627, 787], "text": "ROAD", "label": "answer", "words": [{"text": "ROAD", "box": [541, 746, 627, 787]}], "linking": [[]], "id": 29}, {"box": [305, 790, 480, 834], "text": "NEWCASTLE", "label": "answer", "words": [{"text": "NEWCASTLE", "box": [305, 790, 480, 834]}], "linking": [[]], "id": 30}, {"box": [489, 790, 577, 834], "text": "UPON", "label": "answer", "words": [{"text": "UPON", "box": [489, 790, 577, 834]}], "linking": [[]], "id": 31}, {"box": [587, 790, 669, 835], "text": "TYNE", "label": "answer", "words": [{"text": "TYNE", "box": [587, 790, 669, 835]}], "linking": [[]], "id": 32}, {"box": [303, 835, 364, 880], "text": "NE3", "label": "answer", "words": [{"text": "NE3", "box": [303, 835, 364, 880]}], "linking": [[]], "id": 33}, {"box": [372, 835, 435, 879], "text": "1DE", "label": "answer", "words": [{"text": "1DE", "box": [372, 835, 435, 879]}], "linking": [[]], "id": 34}, {"box": [594, 1038, 800, 1141], "text": "Your", "label": "header", "words": [{"text": "Your", "box": [594, 1038, 800, 1141]}], "linking": [[]], "id": 35}, {"box": [818, 1037, 1267, 1141], "text": "vodafone", "label": "header", "words": [{"text": "vodafone", "box": [818, 1037, 1267, 1141]}], "linking": [[]], "id": 36}, {"box": [1288, 1036, 1445, 1141], "text": "bill", "label": "header", "words": [{"text": "bill", "box": [1288, 1036, 1445, 1141]}], "linking": [[]], "id": 37}, {"box": [582, 1230, 765, 1311], "text": "Quick", "label": "header", "words": [{"text": "Quick", "box": [582, 1230, 765, 1311]}], "linking": [[]], "id": 38}, {"box": [777, 1229, 1127, 1309], "text": "breakdown", "label": "header", "words": [{"text": "breakdown", "box": [777, 1229, 1127, 1309]}], "linking": [[]], "id": 39}, {"box": [587, 1381, 650, 1425], "text": "Cost", "label": "answer", "words": [{"text": "Cost", "box": [587, 1381, 650, 1425]}], "linking": [[]], "id": 40}, {"box": [659, 1380, 760, 1426], "text": "centre", "label": "answer", "words": [{"text": "centre", "box": [659, 1380, 760, 1426]}], "linking": [[]], "id": 41}, {"box": [769, 1380, 922, 1427], "text": "10413719", "label": "answer", "words": [{"text": "10413719", "box": [769, 1380, 922, 1427]}], "linking": [[]], "id": 42}, {"box": [931, 1378, 951, 1427], "text": ">", "label": "answer", "words": [{"text": ">", "box": [931, 1378, 951, 1427]}], "linking": [[]], "id": 43}, {"box": [960, 1378, 1119, 1428], "text": "30030318", "label": "answer", "words": [{"text": "30030318", "box": [960, 1378, 1119, 1428]}], "linking": [[]], "id": 44}, {"box": [1127, 1377, 1171, 1428], "text": "for", "label": "answer", "words": [{"text": "for", "box": [1127, 1377, 1171, 1428]}], "linking": [[]], "id": 45}, {"box": [1180, 1377, 1285, 1428], "text": "07827", "label": "answer", "words": [{"text": "07827", "box": [1180, 1377, 1285, 1428]}], "linking": [[]], "id": 46}, {"box": [588, 1427, 645, 1473], "text": "898", "label": "answer", "words": [{"text": "898", "box": [588, 1427, 645, 1473]}], "linking": [[]], "id": 47}, {"box": [655, 1430, 716, 1475], "text": "900", "label": "answer", "words": [{"text": "900", "box": [655, 1430, 716, 1475]}], "linking": [[]], "id": 48}, {"box": [725, 1434, 784, 1476], "text": "used", "label": "answer", "words": [{"text": "used", "box": [725, 1434, 784, 1476]}], "linking": [[]], "id": 49}, {"box": [793, 1436, 819, 1476], "text": "by", "label": "answer", "words": [{"text": "by", "box": [793, 1436, 819, 1476]}], "linking": [[]], "id": 50}, {"box": [829, 1437, 866, 1476], "text": "MR", "label": "answer", "words": [{"text": "MR", "box": [829, 1437, 866, 1476]}], "linking": [[]], "id": 51}, {"box": [876, 1438, 940, 1476], "text": "JOHN", "label": "answer", "words": [{"text": "JOHN", "box": [876, 1438, 940, 1476]}], "linking": [[]], "id": 52}, {"box": [949, 1439, 1101, 1474], "text": "SWANSTON", "label": "answer", "words": [{"text": "SWANSTON", "box": [949, 1439, 1101, 1474]}], "linking": [[]], "id": 53}, {"box": [592, 1491, 695, 1533], "text": "Service", "label": "question", "words": [{"text": "Service", "box": [592, 1491, 695, 1533]}], "linking": [[]], "id": 54}, {"box": [704, 1494, 831, 1535], "text": "charges", "label": "question", "words": [{"text": "charges", "box": [704, 1494, 831, 1535]}], "linking": [[]], "id": 55}, {"box": [660, 1546, 808, 1590], "text": "Accenture", "label": "answer", "words": [{"text": "Accenture", "box": [660, 1546, 808, 1590]}], "linking": [[]], "id": 56}, {"box": [817, 1549, 884, 1591], "text": "Dom", "label": "answer", "words": [{"text": "Dom", "box": [817, 1549, 884, 1591]}], "linking": [[]], "id": 57}, {"box": [902, 1549, 1035, 1592], "text": "360mins", "label": "answer", "words": [{"text": "360mins", "box": [902, 1549, 1035, 1592]}], "linking": [[]], "id": 58}, {"box": [1043, 1549, 1097, 1592], "text": "Sim", "label": "answer", "words": [{"text": "Sim", "box": [1043, 1549, 1097, 1592]}], "linking": [[]], "id": 59}, {"box": [1256, 1548, 1346, 1584], "text": "\u00a33.00", "label": "answer", "words": [{"text": "\u00a33.00", "box": [1256, 1548, 1346, 1584]}], "linking": [[]], "id": 60}, {"box": [663, 1598, 719, 1643], "text": "only", "label": "answer", "words": [{"text": "only", "box": [663, 1598, 719, 1643]}], "linking": [[]], "id": 61}, {"box": [730, 1601, 745, 1643], "text": "1", "label": "answer", "words": [{"text": "1", "box": [730, 1601, 745, 1643]}], "linking": [[]], "id": 62}, {"box": [757, 1602, 790, 1644], "text": "Jul", "label": "answer", "words": [{"text": "Jul", "box": [757, 1602, 790, 1644]}], "linking": [[]], "id": 63}, {"box": [801, 1602, 825, 1644], "text": "to", "label": "answer", "words": [{"text": "to", "box": [801, 1602, 825, 1644]}], "linking": [[]], "id": 64}, {"box": [836, 1603, 863, 1645], "text": "31", "label": "answer", "words": [{"text": "31", "box": [836, 1603, 863, 1645]}], "linking": [[]], "id": 65}, {"box": [874, 1603, 905, 1645], "text": "Jul", "label": "answer", "words": [{"text": "Jul", "box": [874, 1603, 905, 1645]}], "linking": [[]], "id": 66}, {"box": [660, 1648, 822, 1694], "text": "MultiMedia", "label": "question", "words": [{"text": "MultiMedia", "box": [660, 1648, 822, 1694]}], "linking": [[]], "id": 67}, {"box": [833, 1651, 1003, 1698], "text": "Messaging", "label": "question", "words": [{"text": "Messaging", "box": [833, 1651, 1003, 1698]}], "linking": [[]], "id": 68}, {"box": [1260, 1657, 1345, 1689], "text": "\u00a30.00", "label": "answer", "words": [{"text": "\u00a30.00", "box": [1260, 1657, 1345, 1689]}], "linking": [[]], "id": 69}, {"box": [661, 1699, 676, 1735], "text": "1", "label": "answer", "words": [{"text": "1", "box": [661, 1699, 676, 1735]}], "linking": [[]], "id": 70}, {"box": [683, 1698, 720, 1734], "text": "Jul", "label": "answer", "words": [{"text": "Jul", "box": [683, 1698, 720, 1734]}], "linking": [[]], "id": 71}, {"box": [727, 1698, 757, 1733], "text": "to", "label": "answer", "words": [{"text": "to", "box": [727, 1698, 757, 1733]}], "linking": [[]], "id": 72}, {"box": [764, 1699, 793, 1734], "text": "31", "label": "answer", "words": [{"text": "31", "box": [764, 1699, 793, 1734]}], "linking": [[]], "id": 73}, {"box": [801, 1699, 841, 1733], "text": "Jul", "label": "answer", "words": [{"text": "Jul", "box": [801, 1699, 841, 1733]}], "linking": [[]], "id": 74}, {"box": [659, 1745, 808, 1788], "text": "Accenture", "label": "answer", "words": [{"text": "Accenture", "box": [659, 1745, 808, 1788]}], "linking": [[]], "id": 75}, {"box": [817, 1743, 864, 1788], "text": "HH", "label": "answer", "words": [{"text": "HH", "box": [817, 1743, 864, 1788]}], "linking": [[]], "id": 76}, {"box": [873, 1743, 917, 1788], "text": "4G", "label": "answer", "words": [{"text": "4G", "box": [873, 1743, 917, 1788]}], "linking": [[]], "id": 77}, {"box": [926, 1743, 994, 1788], "text": "4GB", "label": "answer", "words": [{"text": "4GB", "box": [926, 1743, 994, 1788]}], "linking": [[]], "id": 78}, {"box": [1255, 1747, 1345, 1780], "text": "\u00a39.00", "label": "answer", "words": [{"text": "\u00a39.00", "box": [1255, 1747, 1345, 1780]}], "linking": [[]], "id": 79}, {"box": [665, 1789, 811, 1837], "text": "WiFi&Teth", "label": "answer", "words": [{"text": "WiFi&Teth", "box": [665, 1789, 811, 1837]}], "linking": [[]], "id": 80}, {"box": [820, 1794, 837, 1837], "text": "1", "label": "answer", "words": [{"text": "1", "box": [820, 1794, 837, 1837]}], "linking": [[]], "id": 81}, {"box": [846, 1795, 884, 1837], "text": "Jul", "label": "answer", "words": [{"text": "Jul", "box": [846, 1795, 884, 1837]}], "linking": [[]], "id": 82}, {"box": [892, 1796, 919, 1838], "text": "to", "label": "answer", "words": [{"text": "to", "box": [892, 1796, 919, 1838]}], "linking": [[]], "id": 83}, {"box": [927, 1797, 957, 1838], "text": "31", "label": "answer", "words": [{"text": "31", "box": [927, 1797, 957, 1838]}], "linking": [[]], "id": 84}, {"box": [965, 1798, 1007, 1839], "text": "Jul", "label": "answer", "words": [{"text": "Jul", "box": [965, 1798, 1007, 1839]}], "linking": [[]], "id": 85}, {"box": [591, 1849, 661, 1890], "text": "Extra", "label": "question", "words": [{"text": "Extra", "box": [591, 1849, 661, 1890]}], "linking": [[]], "id": 86}, {"box": [669, 1850, 760, 1891], "text": "usage", "label": "question", "words": [{"text": "usage", "box": [669, 1850, 760, 1891]}], "linking": [[]], "id": 87}, {"box": [769, 1852, 889, 1891], "text": "charges", "label": "question", "words": [{"text": "charges", "box": [769, 1852, 889, 1891]}], "linking": [[]], "id": 88}, {"box": [898, 1854, 929, 1891], "text": "up", "label": "question", "words": [{"text": "up", "box": [898, 1854, 929, 1891]}], "linking": [[]], "id": 89}, {"box": [938, 1855, 960, 1890], "text": "to", "label": "question", "words": [{"text": "to", "box": [938, 1855, 960, 1890]}], "linking": [[]], "id": 90}, {"box": [969, 1856, 999, 1890], "text": "30", "label": "question", "words": [{"text": "30", "box": [969, 1856, 999, 1890]}], "linking": [[]], "id": 91}, {"box": [1009, 1856, 1058, 1889], "text": "Jun", "label": "question", "words": [{"text": "Jun", "box": [1009, 1856, 1058, 1889]}], "linking": [[]], "id": 92}, {"box": [655, 1901, 737, 1944], "text": "Calls", "label": "question", "words": [{"text": "Calls", "box": [655, 1901, 737, 1944]}], "linking": [[]], "id": 93}, {"box": [873, 1881, 1069, 1911], "text": "........", "label": "question", "words": [{"text": "........", "box": [873, 1881, 1069, 1911]}], "linking": [[]], "id": 94}, {"box": [668, 1935, 954, 1972], "text": "........................................", "label": "question", "words": [{"text": "........................................", "box": [668, 1935, 954, 1972]}], "linking": [[]], "id": 95}, {"box": [1259, 1908, 1346, 1937], "text": "\u00a36.82", "label": "answer", "words": [{"text": "\u00a36.82", "box": [1259, 1908, 1346, 1937]}], "linking": [[]], "id": 96}, {"box": [670, 1963, 830, 2007], "text": "Messaging,", "label": "question", "words": [{"text": "Messaging,", "box": [670, 1963, 830, 2007]}], "linking": [[]], "id": 97}, {"box": [838, 1964, 940, 2006], "text": "mobile", "label": "question", "words": [{"text": "mobile", "box": [838, 1964, 940, 2006]}], "linking": [[]], "id": 98}, {"box": [947, 1964, 1073, 2002], "text": "internet", "label": "question", "words": [{"text": "internet", "box": [947, 1964, 1073, 2002]}], "linking": [[]], "id": 99}, {"box": [1238, 1966, 1343, 2000], "text": "\u00a338.62", "label": "answer", "words": [{"text": "\u00a338.62", "box": [1238, 1966, 1343, 2000]}], "linking": [[]], "id": 100}, {"box": [592, 2014, 660, 2060], "text": "Total", "label": "question", "words": [{"text": "Total", "box": [592, 2014, 660, 2060]}], "linking": [[]], "id": 101}, {"box": [671, 2016, 767, 2060], "text": "before", "label": "question", "words": [{"text": "before", "box": [671, 2016, 767, 2060]}], "linking": [[]], "id": 102}, {"box": [777, 2017, 842, 2060], "text": "VAT", "label": "question", "words": [{"text": "VAT", "box": [777, 2017, 842, 2060]}], "linking": [[]], "id": 103}, {"box": [1239, 2018, 1352, 2057], "text": "\u00a357.44", "label": "answer", "words": [{"text": "\u00a357.44", "box": [1239, 2018, 1352, 2057]}], "linking": [[]], "id": 104}, {"box": [584, 2071, 645, 2114], "text": "VAT", "label": "question", "words": [{"text": "VAT", "box": [584, 2071, 645, 2114]}], "linking": [[]], "id": 105}, {"box": [653, 2071, 686, 2114], "text": "at", "label": "answer", "words": [{"text": "at", "box": [653, 2071, 686, 2114]}], "linking": [[]], "id": 106}, {"box": [695, 2071, 761, 2115], "text": "20%", "label": "answer", "words": [{"text": "20%", "box": [695, 2071, 761, 2115]}], "linking": [[]], "id": 107}, {"box": [771, 2070, 808, 2116], "text": "on", "label": "answer", "words": [{"text": "on", "box": [771, 2070, 808, 2116]}], "linking": [[]], "id": 108}, {"box": [818, 2070, 936, 2117], "text": "\u00a357.44", "label": "question", "words": [{"text": "\u00a357.44", "box": [818, 2070, 936, 2117]}], "linking": [[]], "id": 109}, {"box": [1236, 2071, 1346, 2114], "text": "\u00a311.48", "label": "answer", "words": [{"text": "\u00a311.48", "box": [1236, 2071, 1346, 2114]}], "linking": [[]], "id": 110}, {"box": [590, 2129, 664, 2165], "text": "Total", "label": "question", "words": [{"text": "Total", "box": [590, 2129, 664, 2165]}], "linking": [[]], "id": 111}, {"box": [1116, 2147, 1342, 2219], "text": "\u00a368.92", "label": "answer", "words": [{"text": "\u00a368.92", "box": [1116, 2147, 1342, 2219]}], "linking": [[]], "id": 112}, {"box": [931, 2241, 972, 2299], "text": "by", "label": "other", "words": [{"text": "by", "box": [931, 2241, 972, 2299]}], "linking": [[]], "id": 113}, {"box": [984, 2241, 1108, 2299], "text": "Credit", "label": "other", "words": [{"text": "Credit", "box": [984, 2241, 1108, 2299]}], "linking": [[]], "id": 114}, {"box": [1121, 2241, 1221, 2298], "text": "Card", "label": "other", "words": [{"text": "Card", "box": [1121, 2241, 1221, 2298]}], "linking": [[]], "id": 115}, {"box": [1234, 2244, 1285, 2298], "text": "on", "label": "other", "words": [{"text": "on", "box": [1234, 2244, 1285, 2298]}], "linking": [[]], "id": 116}, {"box": [1299, 2246, 1342, 2298], "text": "or", "label": "other", "words": [{"text": "or", "box": [1299, 2246, 1342, 2298]}], "linking": [[]], "id": 117}, {"box": [895, 2309, 993, 2363], "text": "after", "label": "other", "words": [{"text": "after", "box": [895, 2309, 993, 2363]}], "linking": [[]], "id": 118}, {"box": [1004, 2309, 1053, 2363], "text": "13", "label": "other", "words": [{"text": "13", "box": [1004, 2309, 1053, 2363]}], "linking": [[]], "id": 119}, {"box": [1064, 2309, 1219, 2363], "text": "August", "label": "other", "words": [{"text": "August", "box": [1064, 2309, 1219, 2363]}], "linking": [[]], "id": 120}, {"box": [1230, 2307, 1346, 2363], "text": "2018", "label": "other", "words": [{"text": "2018", "box": [1230, 2307, 1346, 2363]}], "linking": [[]], "id": 121}, {"box": [2327, 2828, 2398, 2967], "text": "Page", "label": "other", "words": [{"text": "Page", "box": [2327, 2828, 2398, 2967]}], "linking": [[]], "id": 122}, {"box": [2327, 2981, 2399, 3010], "text": "1", "label": "other", "words": [{"text": "1", "box": [2327, 2981, 2399, 3010]}], "linking": [[]], "id": 123}, {"box": [2328, 3023, 2400, 3081], "text": "of", "label": "other", "words": [{"text": "of", "box": [2328, 3023, 2400, 3081]}], "linking": [[]], "id": 124}, {"box": [2330, 3093, 2402, 3137], "text": "6", "label": "other", "words": [{"text": "6", "box": [2330, 3093, 2402, 3137]}], "linking": [[]], "id": 125}]}