{"form": [{"box": [136, 7, 717, 53], "text": "3003-134339648-A0P7E001", "label": "other", "words": [{"text": "3003-134339648-A0P7E001", "box": [136, 7, 717, 53]}], "linking": [[]], "id": 0}, {"box": [1236, 46, 1367, 141], "text": "the", "label": "header", "words": [{"text": "the", "box": [1236, 46, 1367, 141]}], "linking": [[]], "id": 1}, {"box": [1386, 45, 2417, 130], "text": "runnymede-on-thames", "label": "header", "words": [{"text": "runnymede-on-thames", "box": [1386, 45, 2417, 130]}], "linking": [[]], "id": 2}, {"box": [1778, 182, 1902, 228], "text": "Windsor", "label": "other", "words": [{"text": "Windsor", "box": [1778, 182, 1902, 228]}], "linking": [[]], "id": 3}, {"box": [1912, 183, 2000, 228], "text": "Road,", "label": "other", "words": [{"text": "Road,", "box": [1912, 183, 2000, 228]}], "linking": [[]], "id": 4}, {"box": [2011, 183, 2130, 228], "text": "Egham,", "label": "other", "words": [{"text": "Egham,", "box": [2011, 183, 2130, 228]}], "linking": [[]], "id": 5}, {"box": [2141, 182, 2242, 227], "text": "Surrey", "label": "other", "words": [{"text": "Surrey", "box": [2141, 182, 2242, 227]}], "linking": [[]], "id": 6}, {"box": [2253, 182, 2332, 225], "text": "TW20", "label": "other", "words": [{"text": "TW20", "box": [2253, 182, 2332, 225]}], "linking": [[]], "id": 7}, {"box": [2343, 181, 2409, 223], "text": "0AG", "label": "other", "words": [{"text": "0AG", "box": [2343, 181, 2409, 223]}], "linking": [[]], "id": 8}, {"box": [2028, 244, 2186, 280], "text": "telephone:", "label": "question", "words": [{"text": "telephone:", "box": [2028, 244, 2186, 280]}], "linking": [[]], "id": 9}, {"box": [2196, 238, 2288, 280], "text": "01784", "label": "other", "words": [{"text": "01784", "box": [2196, 238, 2288, 280]}], "linking": [[]], "id": 10}, {"box": [2298, 237, 2409, 281], "text": "220600", "label": "other", "words": [{"text": "220600", "box": [2298, 237, 2409, 281]}], "linking": [[]], "id": 11}, {"box": [1902, 294, 1994, 336], "text": "email:", "label": "question", "words": [{"text": "email:", "box": [1902, 294, 1994, 336]}], "linking": [[]], "id": 12}, {"box": [2002, 295, 2410, 335], "text": "info@@therunnymede.co.uk", "label": "other", "words": [{"text": "info@@therunnymede.co.uk", "box": [2002, 295, 2410, 335]}], "linking": [[]], "id": 13}, {"box": [2004, 352, 2409, 387], "text": "www.therunnymede.co.uk", "label": "other", "words": [{"text": "www.therunnymede.co.uk", "box": [2004, 352, 2409, 387]}], "linking": [[]], "id": 14}, {"box": [106, 448, 179, 485], "text": "Miss", "label": "answer", "words": [{"text": "Miss", "box": [106, 448, 179, 485]}], "linking": [[]], "id": 15}, {"box": [192, 449, 311, 487], "text": "Louisa", "label": "answer", "words": [{"text": "Louisa", "box": [192, 449, 311, 487]}], "linking": [[]], "id": 16}, {"box": [325, 449, 445, 487], "text": "Lawes", "label": "answer", "words": [{"text": "Lawes", "box": [325, 449, 445, 487]}], "linking": [[]], "id": 17}, {"box": [100, 490, 173, 522], "text": "Flat", "label": "answer", "words": [{"text": "Flat", "box": [100, 490, 173, 522]}], "linking": [[]], "id": 18}, {"box": [180, 490, 200, 521], "text": "6", "label": "answer", "words": [{"text": "6", "box": [180, 490, 200, 521]}], "linking": [[]], "id": 19}, {"box": [1712, 488, 1791, 522], "text": "Room", "label": "question", "words": [{"text": "Room", "box": [1712, 488, 1791, 522]}], "linking": [[]], "id": 20}, {"box": [1814, 487, 1861, 522], "text": "No", "label": "question", "words": [{"text": "No", "box": [1814, 487, 1861, 522]}], "linking": [[]], "id": 21}, {"box": [2043, 481, 2100, 511], "text": "233", "label": "answer", "words": [{"text": "233", "box": [2043, 481, 2100, 511]}], "linking": [[]], "id": 22}, {"box": [102, 528, 141, 562], "text": "57", "label": "answer", "words": [{"text": "57", "box": [102, 528, 141, 562]}], "linking": [[]], "id": 23}, {"box": [156, 528, 337, 565], "text": "Cudworth", "label": "answer", "words": [{"text": "Cudworth", "box": [156, 528, 337, 565]}], "linking": [[]], "id": 24}, {"box": [352, 529, 468, 565], "text": "Street", "label": "answer", "words": [{"text": "Street", "box": [352, 529, 468, 565]}], "linking": [[]], "id": 25}, {"box": [2039, 531, 2192, 567], "text": "30/11/16", "label": "answer", "words": [{"text": "30/11/16", "box": [2039, 531, 2192, 567]}], "linking": [[]], "id": 26}, {"box": [105, 567, 253, 605], "text": "LONDON", "label": "answer", "words": [{"text": "LONDON", "box": [105, 567, 253, 605]}], "linking": [[]], "id": 27}, {"box": [271, 568, 289, 606], "text": ",", "label": "answer", "words": [{"text": ",", "box": [271, 568, 289, 606]}], "linking": [[]], "id": 28}, {"box": [1709, 538, 1824, 570], "text": "Arrival", "label": "question", "words": [{"text": "Arrival", "box": [1709, 538, 1824, 570]}], "linking": [[]], "id": 29}, {"box": [101, 607, 143, 641], "text": "E1", "label": "answer", "words": [{"text": "E1", "box": [101, 607, 143, 641]}], "linking": [[]], "id": 30}, {"box": [156, 607, 228, 641], "text": "5QU", "label": "answer", "words": [{"text": "5QU", "box": [156, 607, 228, 641]}], "linking": [[]], "id": 31}, {"box": [1710, 588, 1877, 619], "text": "Departure", "label": "question", "words": [{"text": "Departure", "box": [1710, 588, 1877, 619]}], "linking": [[]], "id": 32}, {"box": [2040, 583, 2190, 615], "text": "01/12/16", "label": "answer", "words": [{"text": "01/12/16", "box": [2040, 583, 2190, 615]}], "linking": [[]], "id": 33}, {"box": [1709, 641, 1837, 675], "text": "Invoice/", "label": "question", "words": [{"text": "Invoice/", "box": [1709, 641, 1837, 675]}], "linking": [[]], "id": 34}, {"box": [1844, 639, 1923, 674], "text": "Folio", "label": "question", "words": [{"text": "Folio", "box": [1844, 639, 1923, 674]}], "linking": [[]], "id": 35}, {"box": [1933, 638, 1991, 674], "text": "No.", "label": "question", "words": [{"text": "No.", "box": [1933, 638, 1991, 674]}], "linking": [[]], "id": 36}, {"box": [2039, 633, 2140, 667], "text": "36590", "label": "answer", "words": [{"text": "36590", "box": [2039, 633, 2140, 667]}], "linking": [[]], "id": 37}, {"box": [94, 711, 336, 749], "text": "INFORMATION", "label": "header", "words": [{"text": "INFORMATION", "box": [94, 711, 336, 749]}], "linking": [[]], "id": 38}, {"box": [349, 711, 499, 748], "text": "INVOICE", "label": "header", "words": [{"text": "INVOICE", "box": [349, 711, 499, 748]}], "linking": [[]], "id": 39}, {"box": [1714, 689, 1834, 724], "text": "Cashier", "label": "question", "words": [{"text": "Cashier", "box": [1714, 689, 1834, 724]}], "linking": [[]], "id": 40}, {"box": [1842, 689, 1896, 722], "text": "No.", "label": "question", "words": [{"text": "No.", "box": [1842, 689, 1896, 722]}], "linking": [[]], "id": 41}, {"box": [2037, 682, 2121, 715], "text": "2739", "label": "answer", "words": [{"text": "2739", "box": [2037, 682, 2121, 715]}], "linking": [[]], "id": 42}, {"box": [1711, 741, 1828, 775], "text": "Invoice", "label": "question", "words": [{"text": "Invoice", "box": [1711, 741, 1828, 775]}], "linking": [[]], "id": 43}, {"box": [1840, 741, 1922, 774], "text": "Date", "label": "question", "words": [{"text": "Date", "box": [1840, 741, 1922, 774]}], "linking": [[]], "id": 44}, {"box": [2035, 740, 2194, 773], "text": "01/12/16", "label": "answer", "words": [{"text": "01/12/16", "box": [2035, 740, 2194, 773]}], "linking": [[]], "id": 45}, {"box": [1713, 791, 1790, 828], "text": "Page", "label": "question", "words": [{"text": "Page", "box": [1713, 791, 1790, 828]}], "linking": [[]], "id": 46}, {"box": [1797, 792, 1861, 826], "text": "No.", "label": "question", "words": [{"text": "No.", "box": [1797, 792, 1861, 826]}], "linking": [[]], "id": 47}, {"box": [2040, 791, 2060, 825], "text": "1", "label": "answer", "words": [{"text": "1", "box": [2040, 791, 2060, 825]}], "linking": [[]], "id": 48}, {"box": [2065, 790, 2109, 822], "text": "of", "label": "answer", "words": [{"text": "of", "box": [2065, 790, 2109, 822]}], "linking": [[]], "id": 49}, {"box": [2114, 787, 2137, 821], "text": "1", "label": "question", "words": [{"text": "1", "box": [2114, 787, 2137, 821]}], "linking": [[]], "id": 50}, {"box": [55, 973, 130, 1006], "text": "Date", "label": "question", "words": [{"text": "Date", "box": [55, 973, 130, 1006]}], "linking": [[]], "id": 51}, {"box": [303, 973, 505, 1009], "text": "Description", "label": "question", "words": [{"text": "Description", "box": [303, 973, 505, 1009]}], "linking": [[]], "id": 52}, {"box": [1035, 976, 1221, 1010], "text": "Reference", "label": "question", "words": [{"text": "Reference", "box": [1035, 976, 1221, 1010]}], "linking": [[]], "id": 53}, {"box": [2000, 973, 2100, 1009], "text": "Debit", "label": "question", "words": [{"text": "Debit", "box": [2000, 973, 2100, 1009]}], "linking": [[]], "id": 54}, {"box": [2296, 973, 2400, 1005], "text": "Credit", "label": "question", "words": [{"text": "Credit", "box": [2296, 973, 2400, 1005]}], "linking": [[]], "id": 55}, {"box": [51, 1077, 203, 1110], "text": "30/11/16", "label": "answer", "words": [{"text": "30/11/16", "box": [51, 1077, 203, 1110]}], "linking": [[]], "id": 56}, {"box": [300, 1077, 442, 1115], "text": "Leftbank", "label": "answer", "words": [{"text": "Leftbank", "box": [300, 1077, 442, 1115]}], "linking": [[]], "id": 57}, {"box": [450, 1076, 567, 1116], "text": "Dinner", "label": "answer", "words": [{"text": "Dinner", "box": [450, 1076, 567, 1116]}], "linking": [[]], "id": 58}, {"box": [575, 1077, 661, 1117], "text": "Food", "label": "answer", "words": [{"text": "Food", "box": [575, 1077, 661, 1117]}], "linking": [[]], "id": 59}, {"box": [994, 1079, 1109, 1115], "text": "Room#", "label": "answer", "words": [{"text": "Room#", "box": [994, 1079, 1109, 1115]}], "linking": [[]], "id": 60}, {"box": [1125, 1077, 1189, 1115], "text": "233", "label": "answer", "words": [{"text": "233", "box": [1125, 1077, 1189, 1115]}], "linking": [[]], "id": 61}, {"box": [1201, 1077, 1218, 1115], "text": ":", "label": "answer", "words": [{"text": ":", "box": [1201, 1077, 1218, 1115]}], "linking": [[]], "id": 62}, {"box": [1225, 1076, 1368, 1114], "text": "CHECK#", "label": "answer", "words": [{"text": "CHECK#", "box": [1225, 1076, 1368, 1114]}], "linking": [[]], "id": 63}, {"box": [1385, 1077, 1534, 1114], "text": "1019056", "label": "answer", "words": [{"text": "1019056", "box": [1385, 1077, 1534, 1114]}], "linking": [[]], "id": 64}, {"box": [2012, 1075, 2101, 1112], "text": "72.00", "label": "answer", "words": [{"text": "72.00", "box": [2012, 1075, 2101, 1112]}], "linking": [[]], "id": 65}, {"box": [52, 1146, 203, 1178], "text": "30/11/16", "label": "answer", "words": [{"text": "30/11/16", "box": [52, 1146, 203, 1178]}], "linking": [[]], "id": 66}, {"box": [298, 1144, 441, 1182], "text": "Leftbank", "label": "answer", "words": [{"text": "Leftbank", "box": [298, 1144, 441, 1182]}], "linking": [[]], "id": 67}, {"box": [452, 1146, 569, 1181], "text": "Dinner", "label": "answer", "words": [{"text": "Dinner", "box": [452, 1146, 569, 1181]}], "linking": [[]], "id": 68}, {"box": [576, 1147, 654, 1180], "text": "Bev.", "label": "answer", "words": [{"text": "Bev.", "box": [576, 1147, 654, 1180]}], "linking": [[]], "id": 69}, {"box": [995, 1147, 1107, 1180], "text": "Room#", "label": "answer", "words": [{"text": "Room#", "box": [995, 1147, 1107, 1180]}], "linking": [[]], "id": 70}, {"box": [1124, 1147, 1190, 1180], "text": "233", "label": "answer", "words": [{"text": "233", "box": [1124, 1147, 1190, 1180]}], "linking": [[]], "id": 71}, {"box": [1200, 1146, 1221, 1180], "text": ":", "label": "answer", "words": [{"text": ":", "box": [1200, 1146, 1221, 1180]}], "linking": [[]], "id": 72}, {"box": [1227, 1146, 1367, 1180], "text": "CHECK#", "label": "answer", "words": [{"text": "CHECK#", "box": [1227, 1146, 1367, 1180]}], "linking": [[]], "id": 73}, {"box": [1387, 1146, 1536, 1182], "text": "1019056", "label": "answer", "words": [{"text": "1019056", "box": [1387, 1146, 1536, 1182]}], "linking": [[]], "id": 74}, {"box": [2030, 1145, 2097, 1177], "text": "7.50", "label": "answer", "words": [{"text": "7.50", "box": [2030, 1145, 2097, 1177]}], "linking": [[]], "id": 75}, {"box": [54, 1209, 202, 1246], "text": "30/11/16", "label": "answer", "words": [{"text": "30/11/16", "box": [54, 1209, 202, 1246]}], "linking": [[]], "id": 76}, {"box": [300, 1210, 418, 1248], "text": "London", "label": "answer", "words": [{"text": "London", "box": [300, 1210, 418, 1248]}], "linking": [[]], "id": 77}, {"box": [426, 1213, 470, 1248], "text": "on", "label": "answer", "words": [{"text": "on", "box": [426, 1213, 470, 1248]}], "linking": [[]], "id": 78}, {"box": [485, 1213, 544, 1247], "text": "Tap", "label": "answer", "words": [{"text": "Tap", "box": [485, 1213, 544, 1247]}], "linking": [[]], "id": 79}, {"box": [988, 1211, 1108, 1247], "text": "Room#", "label": "answer", "words": [{"text": "Room#", "box": [988, 1211, 1108, 1247]}], "linking": [[]], "id": 80}, {"box": [1126, 1211, 1191, 1247], "text": "233", "label": "answer", "words": [{"text": "233", "box": [1126, 1211, 1191, 1247]}], "linking": [[]], "id": 81}, {"box": [1202, 1211, 1221, 1247], "text": ":", "label": "answer", "words": [{"text": ":", "box": [1202, 1211, 1221, 1247]}], "linking": [[]], "id": 82}, {"box": [1228, 1211, 1368, 1247], "text": "CHECK#", "label": "answer", "words": [{"text": "CHECK#", "box": [1228, 1211, 1368, 1247]}], "linking": [[]], "id": 83}, {"box": [1387, 1210, 1537, 1247], "text": "1019056", "label": "answer", "words": [{"text": "1019056", "box": [1387, 1210, 1537, 1247]}], "linking": [[]], "id": 84}, {"box": [2030, 1211, 2098, 1247], "text": "0.50", "label": "answer", "words": [{"text": "0.50", "box": [2030, 1211, 2098, 1247]}], "linking": [[]], "id": 85}, {"box": [51, 1276, 205, 1311], "text": "30/11/16", "label": "answer", "words": [{"text": "30/11/16", "box": [51, 1276, 205, 1311]}], "linking": [[]], "id": 86}, {"box": [299, 1278, 372, 1313], "text": "Best", "label": "answer", "words": [{"text": "Best", "box": [299, 1278, 372, 1313]}], "linking": [[]], "id": 87}, {"box": [380, 1278, 533, 1315], "text": "Available", "label": "answer", "words": [{"text": "Available", "box": [380, 1278, 533, 1315]}], "linking": [[]], "id": 88}, {"box": [543, 1277, 628, 1315], "text": "Room", "label": "answer", "words": [{"text": "Room", "box": [543, 1277, 628, 1315]}], "linking": [[]], "id": 89}, {"box": [651, 1277, 729, 1316], "text": "Only", "label": "answer", "words": [{"text": "Only", "box": [651, 1277, 729, 1316]}], "linking": [[]], "id": 90}, {"box": [740, 1278, 820, 1316], "text": "Rate", "label": "question", "words": [{"text": "Rate", "box": [740, 1278, 820, 1316]}], "linking": [[]], "id": 91}, {"box": [1996, 1278, 2097, 1313], "text": "129.00", "label": "answer", "words": [{"text": "129.00", "box": [1996, 1278, 2097, 1313]}], "linking": [[]], "id": 92}, {"box": [51, 1342, 204, 1376], "text": "01/12/16", "label": "answer", "words": [{"text": "01/12/16", "box": [51, 1342, 204, 1376]}], "linking": [[]], "id": 93}, {"box": [297, 1343, 454, 1381], "text": "American", "label": "answer", "words": [{"text": "American", "box": [297, 1343, 454, 1381]}], "linking": [[]], "id": 94}, {"box": [464, 1345, 599, 1381], "text": "Express", "label": "answer", "words": [{"text": "Express", "box": [464, 1345, 599, 1381]}], "linking": [[]], "id": 95}, {"box": [608, 1344, 685, 1382], "text": "Chip", "label": "answer", "words": [{"text": "Chip", "box": [608, 1344, 685, 1382]}], "linking": [[]], "id": 96}, {"box": [696, 1344, 716, 1382], "text": "&", "label": "answer", "words": [{"text": "&", "box": [696, 1344, 716, 1382]}], "linking": [[]], "id": 97}, {"box": [730, 1343, 784, 1381], "text": "Pin", "label": "answer", "words": [{"text": "Pin", "box": [730, 1343, 784, 1381]}], "linking": [[]], "id": 98}, {"box": [2291, 1345, 2404, 1378], "text": "209.00", "label": "answer", "words": [{"text": "209.00", "box": [2291, 1345, 2404, 1378]}], "linking": [[]], "id": 99}, {"box": [1371, 1455, 1452, 1487], "text": "Total", "label": "question", "words": [{"text": "Total", "box": [1371, 1455, 1452, 1487]}], "linking": [[]], "id": 100}, {"box": [1984, 1456, 2097, 1488], "text": "209.00", "label": "answer", "words": [{"text": "209.00", "box": [1984, 1456, 2097, 1488]}], "linking": [[]], "id": 101}, {"box": [2290, 1454, 2405, 1489], "text": "209.00", "label": "answer", "words": [{"text": "209.00", "box": [2290, 1454, 2405, 1489]}], "linking": [[]], "id": 102}, {"box": [1370, 1547, 1509, 1582], "text": "Balance", "label": "question", "words": [{"text": "Balance", "box": [1370, 1547, 1509, 1582]}], "linking": [[]], "id": 103}, {"box": [2324, 1554, 2401, 1583], "text": "0.00", "label": "answer", "words": [{"text": "0.00", "box": [2324, 1554, 2401, 1583]}], "linking": [[]], "id": 104}, {"box": [69, 1602, 115, 1638], "text": "We", "label": "other", "words": [{"text": "We", "box": [69, 1602, 115, 1638]}], "linking": [[]], "id": 105}, {"box": [123, 1602, 197, 1639], "text": "hope", "label": "other", "words": [{"text": "hope", "box": [123, 1602, 197, 1639]}], "linking": [[]], "id": 106}, {"box": [205, 1603, 261, 1639], "text": "you", "label": "other", "words": [{"text": "you", "box": [205, 1603, 261, 1639]}], "linking": [[]], "id": 107}, {"box": [269, 1603, 343, 1640], "text": "have", "label": "other", "words": [{"text": "have", "box": [269, 1603, 343, 1640]}], "linking": [[]], "id": 108}, {"box": [351, 1603, 472, 1640], "text": "enjoyed", "label": "other", "words": [{"text": "enjoyed", "box": [351, 1603, 472, 1640]}], "linking": [[]], "id": 109}, {"box": [481, 1603, 550, 1640], "text": "your", "label": "other", "words": [{"text": "your", "box": [481, 1603, 550, 1640]}], "linking": [[]], "id": 110}, {"box": [558, 1603, 621, 1641], "text": "stay", "label": "other", "words": [{"text": "stay", "box": [558, 1603, 621, 1641]}], "linking": [[]], "id": 111}, {"box": [629, 1603, 684, 1641], "text": "and", "label": "other", "words": [{"text": "and", "box": [629, 1603, 684, 1641]}], "linking": [[]], "id": 112}, {"box": [693, 1603, 757, 1641], "text": "look", "label": "other", "words": [{"text": "look", "box": [693, 1603, 757, 1641]}], "linking": [[]], "id": 113}, {"box": [766, 1604, 882, 1641], "text": "forward", "label": "other", "words": [{"text": "forward", "box": [766, 1604, 882, 1641]}], "linking": [[]], "id": 114}, {"box": [890, 1604, 922, 1641], "text": "to", "label": "other", "words": [{"text": "to", "box": [890, 1604, 922, 1641]}], "linking": [[]], "id": 115}, {"box": [930, 1604, 1027, 1641], "text": "seeing", "label": "other", "words": [{"text": "seeing", "box": [930, 1604, 1027, 1641]}], "linking": [[]], "id": 116}, {"box": [1036, 1604, 1091, 1641], "text": "you", "label": "other", "words": [{"text": "you", "box": [1036, 1604, 1091, 1641]}], "linking": [[]], "id": 117}, {"box": [1100, 1604, 1181, 1640], "text": "again", "label": "other", "words": [{"text": "again", "box": [1100, 1604, 1181, 1640]}], "linking": [[]], "id": 118}, {"box": [1189, 1604, 1216, 1640], "text": "in", "label": "other", "words": [{"text": "in", "box": [1189, 1604, 1216, 1640]}], "linking": [[]], "id": 119}, {"box": [1225, 1604, 1275, 1640], "text": "the", "label": "other", "words": [{"text": "the", "box": [1225, 1604, 1275, 1640]}], "linking": [[]], "id": 120}, {"box": [1283, 1603, 1353, 1639], "text": "near", "label": "other", "words": [{"text": "near", "box": [1283, 1603, 1353, 1639]}], "linking": [[]], "id": 121}, {"box": [1361, 1603, 1452, 1638], "text": "future", "label": "other", "words": [{"text": "future", "box": [1361, 1603, 1452, 1638]}], "linking": [[]], "id": 122}, {"box": [370, 1673, 425, 1706], "text": "Net", "label": "question", "words": [{"text": "Net", "box": [370, 1673, 425, 1706]}], "linking": [[]], "id": 123}, {"box": [433, 1674, 543, 1704], "text": "Amount", "label": "question", "words": [{"text": "Amount", "box": [433, 1674, 543, 1704]}], "linking": [[]], "id": 124}, {"box": [684, 1674, 741, 1705], "text": "VAT", "label": "question", "words": [{"text": "VAT", "box": [684, 1674, 741, 1705]}], "linking": [[]], "id": 125}, {"box": [748, 1674, 867, 1707], "text": "Amount", "label": "question", "words": [{"text": "Amount", "box": [748, 1674, 867, 1707]}], "linking": [[]], "id": 126}, {"box": [1000, 1675, 1083, 1708], "text": "Gross", "label": "question", "words": [{"text": "Gross", "box": [1000, 1675, 1083, 1708]}], "linking": [[]], "id": 127}, {"box": [1090, 1676, 1206, 1706], "text": "Amount", "label": "question", "words": [{"text": "Amount", "box": [1090, 1676, 1206, 1706]}], "linking": [[]], "id": 128}, {"box": [490, 1709, 547, 1737], "text": "GBP", "label": "answer", "words": [{"text": "GBP", "box": [490, 1709, 547, 1737]}], "linking": [[]], "id": 129}, {"box": [803, 1708, 863, 1737], "text": "GBP", "label": "answer", "words": [{"text": "GBP", "box": [803, 1708, 863, 1737]}], "linking": [[]], "id": 130}, {"box": [1144, 1711, 1205, 1736], "text": "GBP", "label": "answer", "words": [{"text": "GBP", "box": [1144, 1711, 1205, 1736]}], "linking": [[]], "id": 131}, {"box": [78, 1778, 132, 1813], "text": "VAT", "label": "question", "words": [{"text": "VAT", "box": [78, 1778, 132, 1813]}], "linking": [[]], "id": 132}, {"box": [141, 1780, 207, 1813], "text": "20%", "label": "question", "words": [{"text": "20%", "box": [141, 1780, 207, 1813]}], "linking": [[]], "id": 133}, {"box": [452, 1778, 550, 1814], "text": "173.75", "label": "answer", "words": [{"text": "173.75", "box": [452, 1778, 550, 1814]}], "linking": [[]], "id": 134}, {"box": [779, 1778, 862, 1813], "text": "34.75", "label": "answer", "words": [{"text": "34.75", "box": [779, 1778, 862, 1813]}], "linking": [[]], "id": 135}, {"box": [1107, 1779, 1204, 1816], "text": "208.50", "label": "answer", "words": [{"text": "208.50", "box": [1107, 1779, 1204, 1816]}], "linking": [[]], "id": 136}, {"box": [80, 1830, 135, 1865], "text": "VAT", "label": "question", "words": [{"text": "VAT", "box": [80, 1830, 135, 1865]}], "linking": [[]], "id": 137}, {"box": [144, 1832, 191, 1863], "text": "4%", "label": "question", "words": [{"text": "4%", "box": [144, 1832, 191, 1863]}], "linking": [[]], "id": 138}, {"box": [483, 1834, 540, 1863], "text": "0.00", "label": "answer", "words": [{"text": "0.00", "box": [483, 1834, 540, 1863]}], "linking": [[]], "id": 139}, {"box": [798, 1834, 861, 1863], "text": "0.00", "label": "answer", "words": [{"text": "0.00", "box": [798, 1834, 861, 1863]}], "linking": [[]], "id": 140}, {"box": [1138, 1834, 1203, 1865], "text": "0.00", "label": "answer", "words": [{"text": "0.00", "box": [1138, 1834, 1203, 1865]}], "linking": [[]], "id": 141}, {"box": [80, 1882, 131, 1913], "text": "VAT", "label": "question", "words": [{"text": "VAT", "box": [80, 1882, 131, 1913]}], "linking": [[]], "id": 142}, {"box": [140, 1883, 189, 1914], "text": "0%", "label": "question", "words": [{"text": "0%", "box": [140, 1883, 189, 1914]}], "linking": [[]], "id": 143}, {"box": [482, 1884, 541, 1913], "text": "0.00", "label": "answer", "words": [{"text": "0.00", "box": [482, 1884, 541, 1913]}], "linking": [[]], "id": 144}, {"box": [798, 1884, 858, 1913], "text": "0.00", "label": "answer", "words": [{"text": "0.00", "box": [798, 1884, 858, 1913]}], "linking": [[]], "id": 145}, {"box": [1140, 1885, 1200, 1912], "text": "0.00", "label": "answer", "words": [{"text": "0.00", "box": [1140, 1885, 1200, 1912]}], "linking": [[]], "id": 146}, {"box": [78, 1933, 132, 1966], "text": "VAT", "label": "question", "words": [{"text": "VAT", "box": [78, 1933, 132, 1966]}], "linking": [[]], "id": 147}, {"box": [142, 1934, 256, 1967], "text": "Exempt", "label": "question", "words": [{"text": "Exempt", "box": [142, 1934, 256, 1967]}], "linking": [[]], "id": 148}, {"box": [480, 1935, 544, 1965], "text": "0.50", "label": "answer", "words": [{"text": "0.50", "box": [480, 1935, 544, 1965]}], "linking": [[]], "id": 149}, {"box": [798, 1935, 857, 1965], "text": "0.00", "label": "answer", "words": [{"text": "0.00", "box": [798, 1935, 857, 1965]}], "linking": [[]], "id": 150}, {"box": [1138, 1937, 1201, 1964], "text": "0.50", "label": "answer", "words": [{"text": "0.50", "box": [1138, 1937, 1201, 1964]}], "linking": [[]], "id": 151}, {"box": [85, 1985, 168, 2015], "text": "Total:", "label": "question", "words": [{"text": "Total:", "box": [85, 1985, 168, 2015]}], "linking": [[]], "id": 152}, {"box": [450, 1985, 546, 2015], "text": "174.25", "label": "answer", "words": [{"text": "174.25", "box": [450, 1985, 546, 2015]}], "linking": [[]], "id": 153}, {"box": [778, 1986, 853, 2018], "text": "34.75", "label": "answer", "words": [{"text": "34.75", "box": [778, 1986, 853, 2018]}], "linking": [[]], "id": 154}, {"box": [1103, 1986, 1201, 2018], "text": "209.00", "label": "answer", "words": [{"text": "209.00", "box": [1103, 1986, 1201, 2018]}], "linking": [[]], "id": 155}, {"box": [83, 2119, 162, 2157], "text": "Credit", "label": "question", "words": [{"text": "Credit", "box": [83, 2119, 162, 2157]}], "linking": [[]], "id": 156}, {"box": [171, 2122, 245, 2158], "text": "Card", "label": "question", "words": [{"text": "Card", "box": [171, 2122, 245, 2158]}], "linking": [[]], "id": 157}, {"box": [254, 2125, 424, 2158], "text": "Transaction", "label": "question", "words": [{"text": "Transaction", "box": [254, 2125, 424, 2158]}], "linking": [[]], "id": 158}, {"box": [432, 2127, 541, 2157], "text": "Details", "label": "question", "words": [{"text": "Details", "box": [432, 2127, 541, 2157]}], "linking": [[]], "id": 159}, {"box": [77, 2168, 163, 2206], "text": "Credit", "label": "question", "words": [{"text": "Credit", "box": [77, 2168, 163, 2206]}], "linking": [[]], "id": 160}, {"box": [171, 2170, 241, 2206], "text": "Card", "label": "question", "words": [{"text": "Card", "box": [171, 2170, 241, 2206]}], "linking": [[]], "id": 161}, {"box": [249, 2171, 392, 2206], "text": "Number:", "label": "question", "words": [{"text": "Number:", "box": [249, 2171, 392, 2206]}], "linking": [[]], "id": 162}, {"box": [408, 2171, 709, 2201], "text": "XXXXXXXXXXX6625", "label": "answer", "words": [{"text": "XXXXXXXXXXX6625", "box": [408, 2171, 709, 2201]}], "linking": [[]], "id": 163}, {"box": [83, 2219, 167, 2252], "text": "Expiry", "label": "question", "words": [{"text": "Expiry", "box": [83, 2219, 167, 2252]}], "linking": [[]], "id": 164}, {"box": [176, 2220, 261, 2253], "text": "Date:", "label": "question", "words": [{"text": "Date:", "box": [176, 2220, 261, 2253]}], "linking": [[]], "id": 165}, {"box": [414, 2219, 460, 2249], "text": "XX/", "label": "answer", "words": [{"text": "XX/", "box": [414, 2219, 460, 2249]}], "linking": [[]], "id": 166}, {"box": [467, 2220, 503, 2251], "text": "XX", "label": "answer", "words": [{"text": "XX", "box": [467, 2220, 503, 2251]}], "linking": [[]], "id": 167}, {"box": [78, 2268, 243, 2298], "text": "Transaction", "label": "question", "words": [{"text": "Transaction", "box": [78, 2268, 243, 2298]}], "linking": [[]], "id": 168}, {"box": [254, 2267, 309, 2296], "text": "ID:", "label": "question", "words": [{"text": "ID:", "box": [254, 2267, 309, 2296]}], "linking": [[]], "id": 169}, {"box": [415, 2265, 562, 2294], "text": "72051511", "label": "answer", "words": [{"text": "72051511", "box": [415, 2265, 562, 2294]}], "linking": [[]], "id": 170}, {"box": [730, 3012, 830, 3060], "text": "Thank", "label": "answer", "words": [{"text": "Thank", "box": [730, 3012, 830, 3060]}], "linking": [[]], "id": 171}, {"box": [840, 3012, 896, 3060], "text": "you", "label": "other", "words": [{"text": "you", "box": [840, 3012, 896, 3060]}], "linking": [[]], "id": 172}, {"box": [906, 3012, 956, 3060], "text": "for", "label": "answer", "words": [{"text": "for", "box": [906, 3012, 956, 3060]}], "linking": [[]], "id": 173}, {"box": [966, 3012, 1114, 3060], "text": "choosing", "label": "other", "words": [{"text": "choosing", "box": [966, 3012, 1114, 3060]}], "linking": [[]], "id": 174}, {"box": [1124, 3012, 1177, 3060], "text": "the", "label": "answer", "words": [{"text": "the", "box": [1124, 3012, 1177, 3060]}], "linking": [[]], "id": 175}, {"box": [1187, 3012, 1590, 3060], "text": "runnymede-on-thames.", "label": "other", "words": [{"text": "runnymede-on-thames.", "box": [1187, 3012, 1590, 3060]}], "linking": [[]], "id": 176}, {"box": [1600, 3012, 1650, 3060], "text": "We", "label": "answer", "words": [{"text": "We", "box": [1600, 3012, 1650, 3060]}], "linking": [[]], "id": 177}, {"box": [1660, 3012, 1732, 3060], "text": "look", "label": "answer", "words": [{"text": "look", "box": [1660, 3012, 1732, 3060]}], "linking": [[]], "id": 178}, {"box": [1743, 3013, 1871, 3059], "text": "forward", "label": "answer", "words": [{"text": "forward", "box": [1743, 3013, 1871, 3059]}], "linking": [[]], "id": 179}, {"box": [1881, 3013, 1912, 3059], "text": "to", "label": "answer", "words": [{"text": "to", "box": [1881, 3013, 1912, 3059]}], "linking": [[]], "id": 180}, {"box": [1922, 3013, 2105, 3059], "text": "welcoming", "label": "other", "words": [{"text": "welcoming", "box": [1922, 3013, 2105, 3059]}], "linking": [[]], "id": 181}, {"box": [2115, 3014, 2171, 3059], "text": "you", "label": "other", "words": [{"text": "you", "box": [2115, 3014, 2171, 3059]}], "linking": [[]], "id": 182}, {"box": [2181, 3015, 2262, 3058], "text": "back", "label": "answer", "words": [{"text": "back", "box": [2181, 3015, 2262, 3058]}], "linking": [[]], "id": 183}, {"box": [2274, 3015, 2371, 3058], "text": "soon.", "label": "answer", "words": [{"text": "soon.", "box": [2274, 3015, 2371, 3058]}], "linking": [[]], "id": 184}, {"box": [1527, 3083, 1586, 3130], "text": "VAT", "label": "question", "words": [{"text": "VAT", "box": [1527, 3083, 1586, 3130]}], "linking": [[]], "id": 185}, {"box": [1595, 3083, 1654, 3130], "text": "No.", "label": "question", "words": [{"text": "No.", "box": [1595, 3083, 1654, 3130]}], "linking": [[]], "id": 186}, {"box": [1663, 3083, 1725, 3130], "text": "413", "label": "answer", "words": [{"text": "413", "box": [1663, 3083, 1725, 3130]}], "linking": [[]], "id": 187}, {"box": [1734, 3084, 1812, 3130], "text": "5529", "label": "answer", "words": [{"text": "5529", "box": [1734, 3084, 1812, 3130]}], "linking": [[]], "id": 188}, {"box": [1821, 3084, 1861, 3130], "text": "68", "label": "answer", "words": [{"text": "68", "box": [1821, 3084, 1861, 3130]}], "linking": [[]], "id": 189}, {"box": [1871, 3084, 1932, 3130], "text": "(tax", "label": "answer", "words": [{"text": "(tax", "box": [1871, 3084, 1932, 3130]}], "linking": [[]], "id": 190}, {"box": [1942, 3084, 2025, 3130], "text": "point", "label": "answer", "words": [{"text": "point", "box": [1942, 3084, 2025, 3130]}], "linking": [[]], "id": 191}, {"box": [2035, 3085, 2062, 3130], "text": "is", "label": "answer", "words": [{"text": "is", "box": [2035, 3085, 2062, 3130]}], "linking": [[]], "id": 192}, {"box": [2072, 3085, 2136, 3130], "text": "last", "label": "answer", "words": [{"text": "last", "box": [2072, 3085, 2136, 3130]}], "linking": [[]], "id": 193}, {"box": [2147, 3085, 2220, 3130], "text": "date", "label": "answer", "words": [{"text": "date", "box": [2147, 3085, 2220, 3130]}], "linking": [[]], "id": 194}, {"box": [2231, 3085, 2372, 3131], "text": "printed)", "label": "answer", "words": [{"text": "printed)", "box": [2231, 3085, 2372, 3131]}], "linking": [[]], "id": 195}, {"box": [1392, 3169, 1539, 3210], "text": "Registered", "label": "question", "words": [{"text": "Registered", "box": [1392, 3169, 1539, 3210]}], "linking": [[]], "id": 196}, {"box": [1547, 3170, 1634, 3210], "text": "Office:", "label": "question", "words": [{"text": "Office:", "box": [1547, 3170, 1634, 3210]}], "linking": [[]], "id": 197}, {"box": [1642, 3171, 1726, 3210], "text": "Ralph", "label": "answer", "words": [{"text": "Ralph", "box": [1642, 3171, 1726, 3210]}], "linking": [[]], "id": 198}, {"box": [1734, 3171, 1853, 3210], "text": "Trustees", "label": "answer", "words": [{"text": "Trustees", "box": [1734, 3171, 1853, 3210]}], "linking": [[]], "id": 199}, {"box": [1862, 3171, 1915, 3210], "text": "Ltd.", "label": "answer", "words": [{"text": "Ltd.", "box": [1862, 3171, 1915, 3210]}], "linking": [[]], "id": 200}, {"box": [1924, 3171, 1970, 3209], "text": "116", "label": "answer", "words": [{"text": "116", "box": [1924, 3171, 1970, 3209]}], "linking": [[]], "id": 201}, {"box": [1979, 3171, 2116, 3209], "text": "Piccadilly,", "label": "answer", "words": [{"text": "Piccadilly,", "box": [1979, 3171, 2116, 3209]}], "linking": [[]], "id": 202}, {"box": [2125, 3170, 2235, 3209], "text": "London,", "label": "answer", "words": [{"text": "London,", "box": [2125, 3170, 2235, 3209]}], "linking": [[]], "id": 203}, {"box": [2245, 3169, 2302, 3209], "text": "W1J", "label": "answer", "words": [{"text": "W1J", "box": [2245, 3169, 2302, 3209]}], "linking": [[]], "id": 204}, {"box": [2312, 3169, 2365, 3209], "text": "7BJ", "label": "answer", "words": [{"text": "7BJ", "box": [2312, 3169, 2365, 3209]}], "linking": [[]], "id": 205}, {"box": [1774, 3216, 1922, 3257], "text": "Registered", "label": "other", "words": [{"text": "Registered", "box": [1774, 3216, 1922, 3257]}], "linking": [[]], "id": 206}, {"box": [1930, 3216, 1954, 3257], "text": "in", "label": "other", "words": [{"text": "in", "box": [1930, 3216, 1954, 3257]}], "linking": [[]], "id": 207}, {"box": [1962, 3216, 2078, 3256], "text": "England", "label": "other", "words": [{"text": "England", "box": [1962, 3216, 2078, 3256]}], "linking": [[]], "id": 208}, {"box": [2086, 3215, 2167, 3255], "text": "under", "label": "other", "words": [{"text": "under", "box": [2086, 3215, 2167, 3255]}], "linking": [[]], "id": 209}, {"box": [2175, 3214, 2221, 3254], "text": "No.", "label": "other", "words": [{"text": "No.", "box": [2175, 3214, 2221, 3254]}], "linking": [[]], "id": 210}, {"box": [2229, 3214, 2371, 3252], "text": "00872008", "label": "other", "words": [{"text": "00872008", "box": [2229, 3214, 2371, 3252]}], "linking": [[]], "id": 211}]}