{"form": [{"box": [1264, 186, 1436, 230], "text": "Chambre", "label": "question", "words": [{"text": "Chambre", "box": [1264, 186, 1436, 230]}], "linking": [[]], "id": 0}, {"box": [1445, 185, 1460, 231], "text": "/", "label": "question", "words": [{"text": "/", "box": [1445, 185, 1460, 231]}], "linking": [[]], "id": 1}, {"box": [1469, 185, 1579, 232], "text": "Room", "label": "question", "words": [{"text": "Room", "box": [1469, 185, 1579, 232]}], "linking": [[]], "id": 2}, {"box": [1764, 186, 1857, 229], "text": "0722", "label": "answer", "words": [{"text": "0722", "box": [1764, 186, 1857, 229]}], "linking": [[]], "id": 3}, {"box": [107, 270, 465, 320], "text": "RITZ-CARLTON", "label": "answer", "words": [{"text": "RITZ-CARLTON", "box": [107, 270, 465, 320]}], "linking": [[]], "id": 4}, {"box": [1259, 249, 1304, 296], "text": "N\u00ba", "label": "other", "words": [{"text": "N\u00ba", "box": [1259, 249, 1304, 296]}], "linking": [[]], "id": 5}, {"box": [1314, 249, 1418, 296], "text": "Folio", "label": "other", "words": [{"text": "Folio", "box": [1314, 249, 1418, 296]}], "linking": [[]], "id": 6}, {"box": [1766, 249, 1905, 293], "text": "142425", "label": "answer", "words": [{"text": "142425", "box": [1766, 249, 1905, 293]}], "linking": [[]], "id": 7}, {"box": [224, 327, 353, 364], "text": "Montr\u00e9al", "label": "other", "words": [{"text": "Montr\u00e9al", "box": [224, 327, 353, 364]}], "linking": [[]], "id": 8}, {"box": [1261, 315, 1302, 361], "text": "N\u00ba", "label": "answer", "words": [{"text": "N\u00ba", "box": [1261, 315, 1302, 361]}], "linking": [[]], "id": 9}, {"box": [1311, 315, 1463, 362], "text": "Cassier", "label": "answer", "words": [{"text": "Cassier", "box": [1311, 315, 1463, 362]}], "linking": [[]], "id": 10}, {"box": [1473, 317, 1487, 362], "text": "/", "label": "answer", "words": [{"text": "/", "box": [1473, 317, 1487, 362]}], "linking": [[]], "id": 11}, {"box": [1497, 317, 1658, 362], "text": "Cashier", "label": "answer", "words": [{"text": "Cashier", "box": [1497, 317, 1658, 362]}], "linking": [[]], "id": 12}, {"box": [1773, 320, 1809, 355], "text": "10", "label": "answer", "words": [{"text": "10", "box": [1773, 320, 1809, 355]}], "linking": [[]], "id": 13}, {"box": [106, 378, 189, 421], "text": "1228", "label": "answer", "words": [{"text": "1228", "box": [106, 378, 189, 421]}], "linking": [[]], "id": 14}, {"box": [194, 380, 269, 421], "text": "Rue", "label": "answer", "words": [{"text": "Rue", "box": [194, 380, 269, 421]}], "linking": [[]], "id": 15}, {"box": [275, 381, 469, 422], "text": "Sherbrooke", "label": "answer", "words": [{"text": "Sherbrooke", "box": [275, 381, 469, 422]}], "linking": [[]], "id": 16}, {"box": [478, 382, 595, 420], "text": "Ouest", "label": "answer", "words": [{"text": "Ouest", "box": [478, 382, 595, 420]}], "linking": [[]], "id": 17}, {"box": [1260, 376, 1301, 426], "text": "N\u00ba", "label": "other", "words": [{"text": "N\u00ba", "box": [1260, 376, 1301, 426]}], "linking": [[]], "id": 18}, {"box": [1311, 377, 1419, 427], "text": "Page", "label": "other", "words": [{"text": "Page", "box": [1311, 377, 1419, 427]}], "linking": [[]], "id": 19}, {"box": [106, 421, 260, 464], "text": "Montreal,", "label": "other", "words": [{"text": "Montreal,", "box": [106, 421, 260, 464]}], "linking": [[]], "id": 20}, {"box": [266, 423, 403, 465], "text": "Qu\u00e9bec", "label": "other", "words": [{"text": "Qu\u00e9bec", "box": [266, 423, 403, 465]}], "linking": [[]], "id": 21}, {"box": [409, 424, 543, 464], "text": "Canada", "label": "other", "words": [{"text": "Canada", "box": [409, 424, 543, 464]}], "linking": [[]], "id": 22}, {"box": [550, 423, 628, 464], "text": "H3G", "label": "other", "words": [{"text": "H3G", "box": [550, 423, 628, 464]}], "linking": [[]], "id": 23}, {"box": [642, 422, 716, 464], "text": "1H6", "label": "other", "words": [{"text": "1H6", "box": [642, 422, 716, 464]}], "linking": [[]], "id": 24}, {"box": [1698, 384, 1722, 422], "text": ":", "label": "other", "words": [{"text": ":", "box": [1698, 384, 1722, 422]}], "linking": [[]], "id": 25}, {"box": [1762, 379, 1783, 420], "text": "1", "label": "other", "words": [{"text": "1", "box": [1762, 379, 1783, 420]}], "linking": [[]], "id": 26}, {"box": [1790, 378, 1836, 419], "text": "of", "label": "other", "words": [{"text": "of", "box": [1790, 378, 1836, 419]}], "linking": [[]], "id": 27}, {"box": [1844, 377, 1868, 418], "text": "1", "label": "other", "words": [{"text": "1", "box": [1844, 377, 1868, 418]}], "linking": [[]], "id": 28}, {"box": [108, 464, 129, 504], "text": "T", "label": "answer", "words": [{"text": "T", "box": [108, 464, 129, 504]}], "linking": [[]], "id": 29}, {"box": [137, 465, 372, 503], "text": "514-842-4212", "label": "answer", "words": [{"text": "514-842-4212", "box": [137, 465, 372, 503]}], "linking": [[]], "id": 30}, {"box": [386, 464, 409, 503], "text": "F", "label": "answer", "words": [{"text": "F", "box": [386, 464, 409, 503]}], "linking": [[]], "id": 31}, {"box": [423, 464, 661, 503], "text": "514-842-3383", "label": "answer", "words": [{"text": "514-842-3383", "box": [423, 464, 661, 503]}], "linking": [[]], "id": 32}, {"box": [107, 505, 206, 546], "text": "T.P.S.", "label": "question", "words": [{"text": "T.P.S.", "box": [107, 505, 206, 546]}], "linking": [[]], "id": 33}, {"box": [214, 505, 230, 546], "text": "/", "label": "question", "words": [{"text": "/", "box": [214, 505, 230, 546]}], "linking": [[]], "id": 34}, {"box": [238, 506, 356, 546], "text": "G.S.T.", "label": "question", "words": [{"text": "G.S.T.", "box": [238, 506, 356, 546]}], "linking": [[]], "id": 35}, {"box": [364, 506, 389, 547], "text": "#", "label": "question", "words": [{"text": "#", "box": [364, 506, 389, 547]}], "linking": [[]], "id": 36}, {"box": [398, 506, 584, 546], "text": "848037560", "label": "answer", "words": [{"text": "848037560", "box": [398, 506, 584, 546]}], "linking": [[]], "id": 37}, {"box": [110, 545, 208, 591], "text": "T.V.Q.", "label": "question", "words": [{"text": "T.V.Q.", "box": [110, 545, 208, 591]}], "linking": [[]], "id": 38}, {"box": [218, 545, 229, 591], "text": "/", "label": "question", "words": [{"text": "/", "box": [218, 545, 229, 591]}], "linking": [[]], "id": 39}, {"box": [239, 546, 346, 591], "text": "Q.S.T.", "label": "question", "words": [{"text": "Q.S.T.", "box": [239, 546, 346, 591]}], "linking": [[]], "id": 40}, {"box": [356, 547, 383, 591], "text": "#", "label": "question", "words": [{"text": "#", "box": [356, 547, 383, 591]}], "linking": [[]], "id": 41}, {"box": [393, 547, 602, 592], "text": "1212082569", "label": "answer", "words": [{"text": "1212082569", "box": [393, 547, 602, 592]}], "linking": [[]], "id": 42}, {"box": [109, 616, 161, 659], "text": "Mc", "label": "answer", "words": [{"text": "Mc", "box": [109, 616, 161, 659]}], "linking": [[]], "id": 43}, {"box": [173, 618, 312, 662], "text": "Kinsey", "label": "answer", "words": [{"text": "Kinsey", "box": [173, 618, 312, 662]}], "linking": [[]], "id": 44}, {"box": [106, 671, 164, 717], "text": "Mr.", "label": "answer", "words": [{"text": "Mr.", "box": [106, 671, 164, 717]}], "linking": [[]], "id": 45}, {"box": [175, 672, 334, 717], "text": "Maxime", "label": "answer", "words": [{"text": "Maxime", "box": [175, 672, 334, 717]}], "linking": [[]], "id": 46}, {"box": [351, 673, 520, 716], "text": "Delvaux", "label": "answer", "words": [{"text": "Delvaux", "box": [351, 673, 520, 716]}], "linking": [[]], "id": 47}, {"box": [107, 719, 149, 764], "text": "50", "label": "answer", "words": [{"text": "50", "box": [107, 719, 149, 764]}], "linking": [[]], "id": 48}, {"box": [158, 720, 183, 765], "text": "W", "label": "answer", "words": [{"text": "W", "box": [158, 720, 183, 765]}], "linking": [[]], "id": 49}, {"box": [212, 722, 300, 766], "text": "34th", "label": "answer", "words": [{"text": "34th", "box": [212, 722, 300, 766]}], "linking": [[]], "id": 50}, {"box": [310, 722, 353, 767], "text": "St", "label": "answer", "words": [{"text": "St", "box": [310, 722, 353, 767]}], "linking": [[]], "id": 51}, {"box": [361, 723, 436, 767], "text": "Apt", "label": "answer", "words": [{"text": "Apt", "box": [361, 723, 436, 767]}], "linking": [[]], "id": 52}, {"box": [444, 722, 563, 766], "text": "17a11", "label": "answer", "words": [{"text": "17a11", "box": [444, 722, 563, 766]}], "linking": [[]], "id": 53}, {"box": [107, 771, 180, 814], "text": "New", "label": "answer", "words": [{"text": "New", "box": [107, 771, 180, 814]}], "linking": [[]], "id": 54}, {"box": [201, 772, 305, 815], "text": "York,", "label": "answer", "words": [{"text": "York,", "box": [201, 772, 305, 815]}], "linking": [[]], "id": 55}, {"box": [315, 772, 374, 816], "text": "NY", "label": "answer", "words": [{"text": "NY", "box": [315, 772, 374, 816]}], "linking": [[]], "id": 56}, {"box": [389, 771, 505, 815], "text": "10001", "label": "answer", "words": [{"text": "10001", "box": [389, 771, 505, 815]}], "linking": [[]], "id": 57}, {"box": [513, 770, 608, 814], "text": "3088", "label": "answer", "words": [{"text": "3088", "box": [513, 770, 608, 814]}], "linking": [[]], "id": 58}, {"box": [1264, 724, 1395, 771], "text": "Arriv\u00e9e", "label": "question", "words": [{"text": "Arriv\u00e9e", "box": [1264, 724, 1395, 771]}], "linking": [[]], "id": 59}, {"box": [1406, 725, 1423, 771], "text": "/", "label": "question", "words": [{"text": "/", "box": [1406, 725, 1423, 771]}], "linking": [[]], "id": 60}, {"box": [1433, 725, 1574, 770], "text": "Arrival", "label": "question", "words": [{"text": "Arrival", "box": [1433, 725, 1574, 770]}], "linking": [[]], "id": 61}, {"box": [1771, 725, 1927, 764], "text": "11/03/19", "label": "answer", "words": [{"text": "11/03/19", "box": [1771, 725, 1927, 764]}], "linking": [[]], "id": 62}, {"box": [109, 819, 235, 864], "text": "United", "label": "answer", "words": [{"text": "United", "box": [109, 819, 235, 864]}], "linking": [[]], "id": 63}, {"box": [244, 823, 375, 863], "text": "States", "label": "answer", "words": [{"text": "States", "box": [244, 823, 375, 863]}], "linking": [[]], "id": 64}, {"box": [1263, 781, 1389, 829], "text": "D\u00e9part", "label": "question", "words": [{"text": "D\u00e9part", "box": [1263, 781, 1389, 829]}], "linking": [[]], "id": 65}, {"box": [1398, 781, 1413, 829], "text": "/", "label": "question", "words": [{"text": "/", "box": [1398, 781, 1413, 829]}], "linking": [[]], "id": 66}, {"box": [1422, 781, 1624, 826], "text": "Departure", "label": "question", "words": [{"text": "Departure", "box": [1422, 781, 1624, 826]}], "linking": [[]], "id": 67}, {"box": [1776, 782, 1924, 821], "text": "14/03/19", "label": "answer", "words": [{"text": "14/03/19", "box": [1776, 782, 1924, 821]}], "linking": [[]], "id": 68}, {"box": [1264, 839, 1446, 882], "text": "Adh\u00e9sion", "label": "question", "words": [{"text": "Adh\u00e9sion", "box": [1264, 839, 1446, 882]}], "linking": [[]], "id": 69}, {"box": [1457, 838, 1469, 882], "text": "/", "label": "question", "words": [{"text": "/", "box": [1457, 838, 1469, 882]}], "linking": [[]], "id": 70}, {"box": [1479, 838, 1640, 881], "text": "Member", "label": "question", "words": [{"text": "Member", "box": [1479, 838, 1640, 881]}], "linking": [[]], "id": 71}, {"box": [1650, 837, 1679, 881], "text": "#", "label": "question", "words": [{"text": "#", "box": [1650, 837, 1679, 881]}], "linking": [[]], "id": 72}, {"box": [1698, 837, 1722, 880], "text": ":", "label": "question", "words": [{"text": ":", "box": [1698, 837, 1722, 880]}], "linking": [[]], "id": 73}, {"box": [1765, 836, 1999, 880], "text": "XXXXX1417", "label": "answer", "words": [{"text": "XXXXX1417", "box": [1765, 836, 1999, 880]}], "linking": [[]], "id": 74}, {"box": [57, 1048, 145, 1090], "text": "Date", "label": "question", "words": [{"text": "Date", "box": [57, 1048, 145, 1090]}], "linking": [[]], "id": 75}, {"box": [299, 1048, 527, 1096], "text": "Description", "label": "question", "words": [{"text": "Description", "box": [299, 1048, 527, 1096]}], "linking": [[]], "id": 76}, {"box": [901, 1049, 1422, 1095], "text": "Suppl\u00e9mentaire/Additional", "label": "question", "words": [{"text": "Suppl\u00e9mentaire/Additional", "box": [901, 1049, 1422, 1095]}], "linking": [[]], "id": 77}, {"box": [1434, 1048, 1667, 1096], "text": "Information", "label": "question", "words": [{"text": "Information", "box": [1434, 1048, 1667, 1096]}], "linking": [[]], "id": 78}, {"box": [1794, 1051, 2065, 1096], "text": "Frais/Charges", "label": "question", "words": [{"text": "Frais/Charges", "box": [1794, 1051, 2065, 1096]}], "linking": [[]], "id": 79}, {"box": [2214, 1051, 2361, 1092], "text": "Credits", "label": "question", "words": [{"text": "Credits", "box": [2214, 1051, 2361, 1092]}], "linking": [[]], "id": 80}, {"box": [43, 1143, 197, 1182], "text": "11/03/19", "label": "answer", "words": [{"text": "11/03/19", "box": [43, 1143, 197, 1182]}], "linking": [[]], "id": 81}, {"box": [296, 1142, 399, 1187], "text": "Room", "label": "question", "words": [{"text": "Room", "box": [296, 1142, 399, 1187]}], "linking": [[]], "id": 82}, {"box": [419, 1141, 557, 1188], "text": "Service", "label": "question", "words": [{"text": "Service", "box": [419, 1141, 557, 1188]}], "linking": [[]], "id": 83}, {"box": [564, 1140, 585, 1188], "text": "/", "label": "question", "words": [{"text": "/", "box": [564, 1140, 585, 1188]}], "linking": [[]], "id": 84}, {"box": [593, 1139, 730, 1189], "text": "Service", "label": "question", "words": [{"text": "Service", "box": [593, 1139, 730, 1189]}], "linking": [[]], "id": 85}, {"box": [738, 1138, 895, 1189], "text": "chambre", "label": "question", "words": [{"text": "chambre", "box": [738, 1138, 895, 1189]}], "linking": [[]], "id": 86}, {"box": [904, 1137, 1038, 1189], "text": "Room#", "label": "question", "words": [{"text": "Room#", "box": [904, 1137, 1038, 1189]}], "linking": [[]], "id": 87}, {"box": [1046, 1137, 1142, 1189], "text": "0722", "label": "question", "words": [{"text": "0722", "box": [1046, 1137, 1142, 1189]}], "linking": [[]], "id": 88}, {"box": [1152, 1136, 1163, 1189], "text": ":", "label": "question", "words": [{"text": ":", "box": [1152, 1136, 1163, 1189]}], "linking": [[]], "id": 89}, {"box": [1172, 1137, 1345, 1188], "text": "CHECK#", "label": "question", "words": [{"text": "CHECK#", "box": [1172, 1137, 1345, 1188]}], "linking": [[]], "id": 90}, {"box": [1354, 1137, 1518, 1188], "text": "0049258", "label": "answer", "words": [{"text": "0049258", "box": [1354, 1137, 1518, 1188]}], "linking": [[]], "id": 91}, {"box": [1967, 1143, 2065, 1182], "text": "66.85", "label": "answer", "words": [{"text": "66.85", "box": [1967, 1143, 2065, 1182]}], "linking": [[]], "id": 92}, {"box": [39, 1207, 197, 1247], "text": "11/03/19", "label": "question", "words": [{"text": "11/03/19", "box": [39, 1207, 197, 1247]}], "linking": [[]], "id": 93}, {"box": [301, 1209, 433, 1254], "text": "Special", "label": "answer", "words": [{"text": "Special", "box": [301, 1209, 433, 1254]}], "linking": [[]], "id": 94}, {"box": [442, 1209, 633, 1253], "text": "Corporate", "label": "question", "words": [{"text": "Corporate", "box": [442, 1209, 633, 1253]}], "linking": [[]], "id": 95}, {"box": [1945, 1209, 2063, 1251], "text": "302.00", "label": "answer", "words": [{"text": "302.00", "box": [1945, 1209, 2063, 1251]}], "linking": [[]], "id": 96}, {"box": [37, 1272, 195, 1314], "text": "11/03/19", "label": "question", "words": [{"text": "11/03/19", "box": [37, 1272, 195, 1314]}], "linking": [[]], "id": 97}, {"box": [297, 1271, 399, 1318], "text": "Room", "label": "question", "words": [{"text": "Room", "box": [297, 1271, 399, 1318]}], "linking": [[]], "id": 98}, {"box": [414, 1271, 508, 1319], "text": "Occ.", "label": "question", "words": [{"text": "Occ.", "box": [414, 1271, 508, 1319]}], "linking": [[]], "id": 99}, {"box": [516, 1271, 589, 1319], "text": "Tax", "label": "question", "words": [{"text": "Tax", "box": [516, 1271, 589, 1319]}], "linking": [[]], "id": 100}, {"box": [597, 1271, 616, 1319], "text": "/", "label": "question", "words": [{"text": "/", "box": [597, 1271, 616, 1319]}], "linking": [[]], "id": 101}, {"box": [624, 1271, 715, 1320], "text": "Taxe", "label": "question", "words": [{"text": "Taxe", "box": [624, 1271, 715, 1320]}], "linking": [[]], "id": 102}, {"box": [723, 1270, 907, 1322], "text": "Heberger", "label": "question", "words": [{"text": "Heberger", "box": [723, 1270, 907, 1322]}], "linking": [[]], "id": 103}, {"box": [1969, 1273, 2066, 1314], "text": "10.57", "label": "answer", "words": [{"text": "10.57", "box": [1969, 1273, 2066, 1314]}], "linking": [[]], "id": 104}, {"box": [38, 1338, 198, 1378], "text": "11/03/19", "label": "question", "words": [{"text": "11/03/19", "box": [38, 1338, 198, 1378]}], "linking": [[]], "id": 105}, {"box": [298, 1336, 382, 1384], "text": "GST", "label": "question", "words": [{"text": "GST", "box": [298, 1336, 382, 1384]}], "linking": [[]], "id": 106}, {"box": [390, 1337, 524, 1384], "text": "Rooms", "label": "question", "words": [{"text": "Rooms", "box": [390, 1337, 524, 1384]}], "linking": [[]], "id": 107}, {"box": [533, 1337, 555, 1384], "text": "/", "label": "question", "words": [{"text": "/", "box": [533, 1337, 555, 1384]}], "linking": [[]], "id": 108}, {"box": [564, 1337, 642, 1384], "text": "TPS", "label": "question", "words": [{"text": "TPS", "box": [564, 1337, 642, 1384]}], "linking": [[]], "id": 109}, {"box": [651, 1337, 855, 1381], "text": "Chambres", "label": "question", "words": [{"text": "Chambres", "box": [651, 1337, 855, 1381]}], "linking": [[]], "id": 110}, {"box": [1971, 1341, 2066, 1380], "text": "15.63", "label": "answer", "words": [{"text": "15.63", "box": [1971, 1341, 2066, 1380]}], "linking": [[]], "id": 111}, {"box": [37, 1403, 197, 1444], "text": "11/03/19", "label": "question", "words": [{"text": "11/03/19", "box": [37, 1403, 197, 1444]}], "linking": [[]], "id": 112}, {"box": [298, 1402, 380, 1450], "text": "QST", "label": "question", "words": [{"text": "QST", "box": [298, 1402, 380, 1450]}], "linking": [[]], "id": 113}, {"box": [388, 1402, 525, 1451], "text": "Rooms", "label": "question", "words": [{"text": "Rooms", "box": [388, 1402, 525, 1451]}], "linking": [[]], "id": 114}, {"box": [533, 1401, 555, 1451], "text": "/", "label": "question", "words": [{"text": "/", "box": [533, 1401, 555, 1451]}], "linking": [[]], "id": 115}, {"box": [563, 1402, 642, 1451], "text": "TVQ", "label": "question", "words": [{"text": "TVQ", "box": [563, 1402, 642, 1451]}], "linking": [[]], "id": 116}, {"box": [654, 1402, 859, 1449], "text": "Chambres", "label": "question", "words": [{"text": "Chambres", "box": [654, 1402, 859, 1449]}], "linking": [[]], "id": 117}, {"box": [1966, 1405, 2061, 1445], "text": "31.18", "label": "answer", "words": [{"text": "31.18", "box": [1966, 1405, 2061, 1445]}], "linking": [[]], "id": 118}, {"box": [44, 1468, 198, 1510], "text": "12/03/19", "label": "question", "words": [{"text": "12/03/19", "box": [44, 1468, 198, 1510]}], "linking": [[]], "id": 119}, {"box": [302, 1467, 432, 1517], "text": "Special", "label": "answer", "words": [{"text": "Special", "box": [302, 1467, 432, 1517]}], "linking": [[]], "id": 120}, {"box": [442, 1470, 635, 1515], "text": "Corporate", "label": "question", "words": [{"text": "Corporate", "box": [442, 1470, 635, 1515]}], "linking": [[]], "id": 121}, {"box": [1946, 1469, 2063, 1512], "text": "302.00", "label": "answer", "words": [{"text": "302.00", "box": [1946, 1469, 2063, 1512]}], "linking": [[]], "id": 122}, {"box": [40, 1533, 199, 1574], "text": "12/03/19", "label": "question", "words": [{"text": "12/03/19", "box": [40, 1533, 199, 1574]}], "linking": [[]], "id": 123}, {"box": [299, 1535, 398, 1580], "text": "Room", "label": "question", "words": [{"text": "Room", "box": [299, 1535, 398, 1580]}], "linking": [[]], "id": 124}, {"box": [416, 1534, 510, 1579], "text": "Occ.", "label": "question", "words": [{"text": "Occ.", "box": [416, 1534, 510, 1579]}], "linking": [[]], "id": 125}, {"box": [519, 1533, 585, 1580], "text": "Tax", "label": "question", "words": [{"text": "Tax", "box": [519, 1533, 585, 1580]}], "linking": [[]], "id": 126}, {"box": [594, 1534, 615, 1580], "text": "/", "label": "question", "words": [{"text": "/", "box": [594, 1534, 615, 1580]}], "linking": [[]], "id": 127}, {"box": [624, 1534, 714, 1581], "text": "Taxe", "label": "question", "words": [{"text": "Taxe", "box": [624, 1534, 714, 1581]}], "linking": [[]], "id": 128}, {"box": [724, 1534, 905, 1583], "text": "Heberger", "label": "question", "words": [{"text": "Heberger", "box": [724, 1534, 905, 1583]}], "linking": [[]], "id": 129}, {"box": [1971, 1536, 2064, 1576], "text": "10.57", "label": "answer", "words": [{"text": "10.57", "box": [1971, 1536, 2064, 1576]}], "linking": [[]], "id": 130}, {"box": [44, 1601, 196, 1642], "text": "12/03/19", "label": "question", "words": [{"text": "12/03/19", "box": [44, 1601, 196, 1642]}], "linking": [[]], "id": 131}, {"box": [302, 1598, 379, 1648], "text": "GST", "label": "question", "words": [{"text": "GST", "box": [302, 1598, 379, 1648]}], "linking": [[]], "id": 132}, {"box": [390, 1598, 522, 1649], "text": "Rooms", "label": "question", "words": [{"text": "Rooms", "box": [390, 1598, 522, 1649]}], "linking": [[]], "id": 133}, {"box": [533, 1598, 551, 1649], "text": "/", "label": "question", "words": [{"text": "/", "box": [533, 1598, 551, 1649]}], "linking": [[]], "id": 134}, {"box": [562, 1598, 640, 1649], "text": "TPS", "label": "question", "words": [{"text": "TPS", "box": [562, 1598, 640, 1649]}], "linking": [[]], "id": 135}, {"box": [651, 1599, 852, 1647], "text": "Chambres", "label": "question", "words": [{"text": "Chambres", "box": [651, 1599, 852, 1647]}], "linking": [[]], "id": 136}, {"box": [1971, 1601, 2067, 1644], "text": "15.63", "label": "answer", "words": [{"text": "15.63", "box": [1971, 1601, 2067, 1644]}], "linking": [[]], "id": 137}, {"box": [43, 1666, 197, 1707], "text": "12/03/19", "label": "question", "words": [{"text": "12/03/19", "box": [43, 1666, 197, 1707]}], "linking": [[]], "id": 138}, {"box": [299, 1664, 383, 1712], "text": "QST", "label": "question", "words": [{"text": "QST", "box": [299, 1664, 383, 1712]}], "linking": [[]], "id": 139}, {"box": [389, 1663, 525, 1712], "text": "Rooms", "label": "question", "words": [{"text": "Rooms", "box": [389, 1663, 525, 1712]}], "linking": [[]], "id": 140}, {"box": [533, 1663, 553, 1712], "text": "/", "label": "question", "words": [{"text": "/", "box": [533, 1663, 553, 1712]}], "linking": [[]], "id": 141}, {"box": [561, 1663, 642, 1712], "text": "TVQ", "label": "question", "words": [{"text": "TVQ", "box": [561, 1663, 642, 1712]}], "linking": [[]], "id": 142}, {"box": [655, 1664, 859, 1711], "text": "Chambres", "label": "question", "words": [{"text": "Chambres", "box": [655, 1664, 859, 1711]}], "linking": [[]], "id": 143}, {"box": [1966, 1666, 2064, 1707], "text": "31.18", "label": "answer", "words": [{"text": "31.18", "box": [1966, 1666, 2064, 1707]}], "linking": [[]], "id": 144}, {"box": [42, 1735, 197, 1773], "text": "13/03/19", "label": "question", "words": [{"text": "13/03/19", "box": [42, 1735, 197, 1773]}], "linking": [[]], "id": 145}, {"box": [297, 1732, 398, 1778], "text": "Room", "label": "question", "words": [{"text": "Room", "box": [297, 1732, 398, 1778]}], "linking": [[]], "id": 146}, {"box": [419, 1732, 556, 1779], "text": "Service", "label": "question", "words": [{"text": "Service", "box": [419, 1732, 556, 1779]}], "linking": [[]], "id": 147}, {"box": [566, 1731, 583, 1779], "text": "/", "label": "question", "words": [{"text": "/", "box": [566, 1731, 583, 1779]}], "linking": [[]], "id": 148}, {"box": [592, 1731, 729, 1780], "text": "Service", "label": "question", "words": [{"text": "Service", "box": [592, 1731, 729, 1780]}], "linking": [[]], "id": 149}, {"box": [739, 1730, 1037, 1780], "text": "chambreRoom#", "label": "question", "words": [{"text": "chambreRoom#", "box": [739, 1730, 1037, 1780]}], "linking": [[]], "id": 150}, {"box": [1046, 1729, 1141, 1780], "text": "0722", "label": "question", "words": [{"text": "0722", "box": [1046, 1729, 1141, 1780]}], "linking": [[]], "id": 151}, {"box": [1151, 1728, 1162, 1779], "text": ":", "label": "question", "words": [{"text": ":", "box": [1151, 1728, 1162, 1779]}], "linking": [[]], "id": 152}, {"box": [1171, 1729, 1344, 1779], "text": "CHECK#", "label": "question", "words": [{"text": "CHECK#", "box": [1171, 1729, 1344, 1779]}], "linking": [[]], "id": 153}, {"box": [1354, 1728, 1519, 1779], "text": "0049395", "label": "answer", "words": [{"text": "0049395", "box": [1354, 1728, 1519, 1779]}], "linking": [[]], "id": 154}, {"box": [1966, 1732, 2065, 1775], "text": "79.12", "label": "answer", "words": [{"text": "79.12", "box": [1966, 1732, 2065, 1775]}], "linking": [[]], "id": 155}, {"box": [39, 1798, 196, 1837], "text": "13/03/19", "label": "question", "words": [{"text": "13/03/19", "box": [39, 1798, 196, 1837]}], "linking": [[]], "id": 156}, {"box": [300, 1797, 434, 1845], "text": "Special", "label": "answer", "words": [{"text": "Special", "box": [300, 1797, 434, 1845]}], "linking": [[]], "id": 157}, {"box": [444, 1797, 635, 1845], "text": "Corporate", "label": "question", "words": [{"text": "Corporate", "box": [444, 1797, 635, 1845]}], "linking": [[]], "id": 158}, {"box": [1945, 1798, 2064, 1840], "text": "302.00", "label": "answer", "words": [{"text": "302.00", "box": [1945, 1798, 2064, 1840]}], "linking": [[]], "id": 159}, {"box": [43, 1865, 195, 1903], "text": "13/03/19", "label": "question", "words": [{"text": "13/03/19", "box": [43, 1865, 195, 1903]}], "linking": [[]], "id": 160}, {"box": [301, 1863, 401, 1909], "text": "Room", "label": "question", "words": [{"text": "Room", "box": [301, 1863, 401, 1909]}], "linking": [[]], "id": 161}, {"box": [415, 1863, 510, 1909], "text": "Occ.", "label": "question", "words": [{"text": "Occ.", "box": [415, 1863, 510, 1909]}], "linking": [[]], "id": 162}, {"box": [518, 1863, 586, 1909], "text": "Tax", "label": "question", "words": [{"text": "Tax", "box": [518, 1863, 586, 1909]}], "linking": [[]], "id": 163}, {"box": [594, 1863, 616, 1909], "text": "/", "label": "question", "words": [{"text": "/", "box": [594, 1863, 616, 1909]}], "linking": [[]], "id": 164}, {"box": [624, 1863, 715, 1909], "text": "Taxe", "label": "question", "words": [{"text": "Taxe", "box": [624, 1863, 715, 1909]}], "linking": [[]], "id": 165}, {"box": [724, 1863, 906, 1910], "text": "Heberger", "label": "question", "words": [{"text": "Heberger", "box": [724, 1863, 906, 1910]}], "linking": [[]], "id": 166}, {"box": [1971, 1866, 2068, 1906], "text": "10.57", "label": "answer", "words": [{"text": "10.57", "box": [1971, 1866, 2068, 1906]}], "linking": [[]], "id": 167}, {"box": [42, 1930, 197, 1970], "text": "13/03/19", "label": "question", "words": [{"text": "13/03/19", "box": [42, 1930, 197, 1970]}], "linking": [[]], "id": 168}, {"box": [300, 1928, 381, 1975], "text": "GST", "label": "question", "words": [{"text": "GST", "box": [300, 1928, 381, 1975]}], "linking": [[]], "id": 169}, {"box": [391, 1928, 523, 1975], "text": "Rooms", "label": "question", "words": [{"text": "Rooms", "box": [391, 1928, 523, 1975]}], "linking": [[]], "id": 170}, {"box": [533, 1928, 555, 1975], "text": "/", "label": "question", "words": [{"text": "/", "box": [533, 1928, 555, 1975]}], "linking": [[]], "id": 171}, {"box": [565, 1928, 640, 1974], "text": "TPS", "label": "question", "words": [{"text": "TPS", "box": [565, 1928, 640, 1974]}], "linking": [[]], "id": 172}, {"box": [650, 1928, 854, 1973], "text": "Chambres", "label": "question", "words": [{"text": "Chambres", "box": [650, 1928, 854, 1973]}], "linking": [[]], "id": 173}, {"box": [1970, 1933, 2067, 1972], "text": "15.63", "label": "answer", "words": [{"text": "15.63", "box": [1970, 1933, 2067, 1972]}], "linking": [[]], "id": 174}, {"box": [39, 1994, 197, 2036], "text": "13/03/19", "label": "question", "words": [{"text": "13/03/19", "box": [39, 1994, 197, 2036]}], "linking": [[]], "id": 175}, {"box": [300, 1991, 377, 2041], "text": "QST", "label": "question", "words": [{"text": "QST", "box": [300, 1991, 377, 2041]}], "linking": [[]], "id": 176}, {"box": [388, 1992, 523, 2041], "text": "Rooms", "label": "question", "words": [{"text": "Rooms", "box": [388, 1992, 523, 2041]}], "linking": [[]], "id": 177}, {"box": [533, 1992, 553, 2041], "text": "/", "label": "question", "words": [{"text": "/", "box": [533, 1992, 553, 2041]}], "linking": [[]], "id": 178}, {"box": [563, 1992, 645, 2040], "text": "TVQ", "label": "question", "words": [{"text": "TVQ", "box": [563, 1992, 645, 2040]}], "linking": [[]], "id": 179}, {"box": [655, 1992, 862, 2039], "text": "Chambres", "label": "question", "words": [{"text": "Chambres", "box": [655, 1992, 862, 2039]}], "linking": [[]], "id": 180}, {"box": [1965, 1993, 2063, 2033], "text": "31.18", "label": "answer", "words": [{"text": "31.18", "box": [1965, 1993, 2063, 2033]}], "linking": [[]], "id": 181}, {"box": [38, 2060, 197, 2097], "text": "14/03/19", "label": "question", "words": [{"text": "14/03/19", "box": [38, 2060, 197, 2097]}], "linking": [[]], "id": 182}, {"box": [298, 2060, 376, 2096], "text": "Visa", "label": "answer", "words": [{"text": "Visa", "box": [298, 2060, 376, 2096]}], "linking": [[]], "id": 183}, {"box": [914, 2062, 1341, 2101], "text": "XXXXXXXXXXXX2606", "label": "answer", "words": [{"text": "XXXXXXXXXXXX2606", "box": [914, 2062, 1341, 2101]}], "linking": [[]], "id": 184}, {"box": [1396, 2062, 1520, 2102], "text": "XX/XX", "label": "answer", "words": [{"text": "XX/XX", "box": [1396, 2062, 1520, 2102]}], "linking": [[]], "id": 185}, {"box": [2200, 2066, 2352, 2105], "text": "1,224.11", "label": "answer", "words": [{"text": "1,224.11", "box": [2200, 2066, 2352, 2105]}], "linking": [[]], "id": 186}, {"box": [1333, 2178, 1435, 2219], "text": "Total", "label": "question", "words": [{"text": "Total", "box": [1333, 2178, 1435, 2219]}], "linking": [[]], "id": 187}, {"box": [1912, 2180, 2063, 2222], "text": "1,224.11", "label": "answer", "words": [{"text": "1,224.11", "box": [1912, 2180, 2063, 2222]}], "linking": [[]], "id": 188}, {"box": [2201, 2179, 2355, 2223], "text": "1,224.11", "label": "answer", "words": [{"text": "1,224.11", "box": [2201, 2179, 2355, 2223]}], "linking": [[]], "id": 189}, {"box": [1330, 2286, 1614, 2332], "text": "Solde/Balance", "label": "question", "words": [{"text": "Solde/Balance", "box": [1330, 2286, 1614, 2332]}], "linking": [[]], "id": 190}, {"box": [1986, 2287, 2064, 2328], "text": "0.00", "label": "answer", "words": [{"text": "0.00", "box": [1986, 2287, 2064, 2328]}], "linking": [[]], "id": 191}, {"box": [236, 2416, 351, 2462], "text": "T.P.S.", "label": "question", "words": [{"text": "T.P.S.", "box": [236, 2416, 351, 2462]}], "linking": [[]], "id": 192}, {"box": [359, 2417, 559, 2463], "text": "Sommaire", "label": "question", "words": [{"text": "Sommaire", "box": [359, 2417, 559, 2463]}], "linking": [[]], "id": 193}, {"box": [569, 2418, 584, 2463], "text": "/", "label": "question", "words": [{"text": "/", "box": [569, 2418, 584, 2463]}], "linking": [[]], "id": 194}, {"box": [594, 2418, 718, 2464], "text": "G.S.T.", "label": "question", "words": [{"text": "G.S.T.", "box": [594, 2418, 718, 2464]}], "linking": [[]], "id": 195}, {"box": [729, 2418, 923, 2466], "text": "Summary", "label": "question", "words": [{"text": "Summary", "box": [729, 2418, 923, 2466]}], "linking": [[]], "id": 196}, {"box": [1265, 2416, 1382, 2463], "text": "T.V.Q.", "label": "question", "words": [{"text": "T.V.Q.", "box": [1265, 2416, 1382, 2463]}], "linking": [[]], "id": 197}, {"box": [1392, 2417, 1590, 2463], "text": "Sommaire", "label": "question", "words": [{"text": "Sommaire", "box": [1392, 2417, 1590, 2463]}], "linking": [[]], "id": 198}, {"box": [1601, 2418, 1615, 2464], "text": "/", "label": "question", "words": [{"text": "/", "box": [1601, 2418, 1615, 2464]}], "linking": [[]], "id": 199}, {"box": [1626, 2419, 1749, 2464], "text": "Q.S.T.", "label": "question", "words": [{"text": "Q.S.T.", "box": [1626, 2419, 1749, 2464]}], "linking": [[]], "id": 200}, {"box": [1759, 2419, 1956, 2465], "text": "Summary", "label": "question", "words": [{"text": "Summary", "box": [1759, 2419, 1956, 2465]}], "linking": [[]], "id": 201}, {"box": [244, 2469, 509, 2509], "text": "Chambre/Room", "label": "question", "words": [{"text": "Chambre/Room", "box": [244, 2469, 509, 2509]}], "linking": [[]], "id": 202}, {"box": [831, 2468, 926, 2506], "text": "46.89", "label": "answer", "words": [{"text": "46.89", "box": [831, 2468, 926, 2506]}], "linking": [[]], "id": 203}, {"box": [1266, 2471, 1532, 2510], "text": "Chambre/Room", "label": "question", "words": [{"text": "Chambre/Room", "box": [1266, 2471, 1532, 2510]}], "linking": [[]], "id": 204}, {"box": [1849, 2469, 1944, 2508], "text": "93.54", "label": "answer", "words": [{"text": "93.54", "box": [1849, 2469, 1944, 2508]}], "linking": [[]], "id": 205}, {"box": [247, 2517, 553, 2555], "text": "Restauration/F&B", "label": "question", "words": [{"text": "Restauration/F&B", "box": [247, 2517, 553, 2555]}], "linking": [[]], "id": 206}, {"box": [858, 2517, 924, 2551], "text": "5.35", "label": "answer", "words": [{"text": "5.35", "box": [858, 2517, 924, 2551]}], "linking": [[]], "id": 207}, {"box": [1265, 2517, 1575, 2556], "text": "Restauration/F&B", "label": "question", "words": [{"text": "Restauration/F&B", "box": [1265, 2517, 1575, 2556]}], "linking": [[]], "id": 208}, {"box": [1864, 2519, 1944, 2554], "text": "10.67", "label": "answer", "words": [{"text": "10.67", "box": [1864, 2519, 1944, 2554]}], "linking": [[]], "id": 209}, {"box": [245, 2564, 475, 2603], "text": "Autres/Other", "label": "question", "words": [{"text": "Autres/Other", "box": [245, 2564, 475, 2603]}], "linking": [[]], "id": 210}, {"box": [855, 2564, 923, 2597], "text": "0.00", "label": "answer", "words": [{"text": "0.00", "box": [855, 2564, 923, 2597]}], "linking": [[]], "id": 211}, {"box": [1268, 2565, 1499, 2603], "text": "Autres/Other", "label": "question", "words": [{"text": "Autres/Other", "box": [1268, 2565, 1499, 2603]}], "linking": [[]], "id": 212}, {"box": [1871, 2565, 1945, 2603], "text": "0.00", "label": "answer", "words": [{"text": "0.00", "box": [1871, 2565, 1945, 2603]}], "linking": [[]], "id": 213}]}