{"form": [{"box": [244, 105, 306, 132], "text": "SSP", "label": "answer", "words": [{"text": "SSP", "box": [244, 105, 306, 132]}], "linking": [[]], "id": 0}, {"box": [330, 107, 376, 134], "text": "UK", "label": "answer", "words": [{"text": "UK", "box": [330, 107, 376, 134]}], "linking": [[]], "id": 1}, {"box": [175, 136, 294, 158], "text": "Starbucks,", "label": "answer", "words": [{"text": "Starbucks,", "box": [175, 136, 294, 158]}], "linking": [[]], "id": 2}, {"box": [299, 138, 395, 160], "text": "Heathrow", "label": "answer", "words": [{"text": "Heathrow", "box": [299, 138, 395, 160]}], "linking": [[]], "id": 3}, {"box": [403, 138, 428, 162], "text": "T5", "label": "answer", "words": [{"text": "T5", "box": [403, 138, 428, 162]}], "linking": [[]], "id": 4}, {"box": [435, 138, 449, 162], "text": "A", "label": "answer", "words": [{"text": "A", "box": [435, 138, 449, 162]}], "linking": [[]], "id": 5}, {"box": [267, 167, 362, 187], "text": "18351454", "label": "answer", "words": [{"text": "18351454", "box": [267, 167, 362, 187]}], "linking": [[]], "id": 6}, {"box": [98, 219, 143, 243], "text": "1037", "label": "answer", "words": [{"text": "1037", "box": [98, 219, 143, 243]}], "linking": [[]], "id": 7}, {"box": [148, 221, 213, 244], "text": "Kajal", "label": "answer", "words": [{"text": "Kajal", "box": [148, 221, 213, 244]}], "linking": [[]], "id": 8}, {"box": [218, 221, 233, 246], "text": "R", "label": "answer", "words": [{"text": "R", "box": [218, 221, 233, 246]}], "linking": [[]], "id": 9}, {"box": [114, 258, 171, 265], "text": "------", "label": "question", "words": [{"text": "------", "box": [114, 258, 171, 265]}], "linking": [[]], "id": 10}, {"box": [85, 277, 119, 300], "text": "Chk", "label": "answer", "words": [{"text": "Chk", "box": [85, 277, 119, 300]}], "linking": [[]], "id": 11}, {"box": [131, 278, 179, 300], "text": "4766", "label": "answer", "words": [{"text": "4766", "box": [131, 278, 179, 300]}], "linking": [[]], "id": 12}, {"box": [289, 282, 379, 303], "text": "08Apr'18", "label": "answer", "words": [{"text": "08Apr'18", "box": [289, 282, 379, 303]}], "linking": [[]], "id": 13}, {"box": [390, 283, 449, 304], "text": "11:11", "label": "answer", "words": [{"text": "11:11", "box": [390, 283, 449, 304]}], "linking": [[]], "id": 14}, {"box": [464, 284, 503, 305], "text": "Gst", "label": "answer", "words": [{"text": "Gst", "box": [464, 284, 503, 305]}], "linking": [[]], "id": 15}, {"box": [518, 284, 531, 306], "text": "0", "label": "answer", "words": [{"text": "0", "box": [518, 284, 531, 306]}], "linking": [[]], "id": 16}, {"box": [184, 316, 189, 324], "text": "-", "label": "question", "words": [{"text": "-", "box": [184, 316, 189, 324]}], "linking": [[]], "id": 17}, {"box": [190, 316, 195, 324], "text": "-", "label": "other", "words": [{"text": "-", "box": [190, 316, 195, 324]}], "linking": [[]], "id": 18}, {"box": [202, 316, 207, 324], "text": "-", "label": "question", "words": [{"text": "-", "box": [202, 316, 207, 324]}], "linking": [[]], "id": 19}, {"box": [213, 317, 230, 325], "text": "--", "label": "question", "words": [{"text": "--", "box": [213, 317, 230, 325]}], "linking": [[]], "id": 20}, {"box": [132, 336, 213, 359], "text": "Take", "label": "header", "words": [{"text": "Take", "box": [132, 336, 213, 359]}], "linking": [[]], "id": 21}, {"box": [243, 338, 324, 362], "text": "Away", "label": "header", "words": [{"text": "Away", "box": [243, 338, 324, 362]}], "linking": [[]], "id": 22}, {"box": [175, 364, 307, 389], "text": "Closed", "label": "header", "words": [{"text": "Closed", "box": [175, 364, 307, 389]}], "linking": [[]], "id": 23}, {"box": [329, 364, 437, 390], "text": "Check", "label": "header", "words": [{"text": "Check", "box": [329, 364, 437, 390]}], "linking": [[]], "id": 24}, {"box": [224, 396, 370, 414], "text": "Reprint", "label": "header", "words": [{"text": "Reprint", "box": [224, 396, 370, 414]}], "linking": [[]], "id": 25}, {"box": [111, 420, 126, 442], "text": "1", "label": "answer", "words": [{"text": "1", "box": [111, 420, 126, 442]}], "linking": [[]], "id": 26}, {"box": [130, 421, 193, 442], "text": "Lemon", "label": "answer", "words": [{"text": "Lemon", "box": [130, 421, 193, 442]}], "linking": [[]], "id": 27}, {"box": [199, 421, 248, 442], "text": "Loaf", "label": "answer", "words": [{"text": "Loaf", "box": [199, 421, 248, 442]}], "linking": [[]], "id": 28}, {"box": [451, 422, 496, 442], "text": "2.39", "label": "answer", "words": [{"text": "2.39", "box": [451, 422, 496, 442]}], "linking": [[]], "id": 29}, {"box": [114, 448, 125, 468], "text": "1", "label": "answer", "words": [{"text": "1", "box": [114, 448, 125, 468]}], "linking": [[]], "id": 30}, {"box": [133, 449, 224, 468], "text": "American", "label": "answer", "words": [{"text": "American", "box": [133, 449, 224, 468]}], "linking": [[]], "id": 31}, {"box": [234, 449, 245, 470], "text": "G", "label": "answer", "words": [{"text": "G", "box": [234, 449, 245, 470]}], "linking": [[]], "id": 32}, {"box": [450, 448, 495, 469], "text": "2.55", "label": "answer", "words": [{"text": "2.55", "box": [450, 448, 495, 469]}], "linking": [[]], "id": 33}, {"box": [134, 477, 271, 493], "text": "Credit/Debit", "label": "question", "words": [{"text": "Credit/Debit", "box": [134, 477, 271, 493]}], "linking": [[]], "id": 34}, {"box": [447, 475, 492, 495], "text": "4.94", "label": "answer", "words": [{"text": "4.94", "box": [447, 475, 492, 495]}], "linking": [[]], "id": 35}, {"box": [138, 550, 185, 570], "text": "0.43", "label": "question", "words": [{"text": "0.43", "box": [138, 550, 185, 570]}], "linking": [[]], "id": 36}, {"box": [192, 550, 229, 569], "text": "VAT", "label": "question", "words": [{"text": "VAT", "box": [192, 550, 229, 569]}], "linking": [[]], "id": 37}, {"box": [235, 549, 269, 569], "text": "TTL", "label": "question", "words": [{"text": "TTL", "box": [235, 549, 269, 569]}], "linking": [[]], "id": 38}, {"box": [445, 550, 485, 567], "text": "4.94", "label": "answer", "words": [{"text": "4.94", "box": [445, 550, 485, 567]}], "linking": [[]], "id": 39}, {"box": [139, 576, 175, 595], "text": "Net", "label": "question", "words": [{"text": "Net", "box": [139, 576, 175, 595]}], "linking": [[]], "id": 40}, {"box": [182, 576, 216, 595], "text": "TTL", "label": "question", "words": [{"text": "TTL", "box": [182, 576, 216, 595]}], "linking": [[]], "id": 41}, {"box": [445, 573, 487, 591], "text": "4.51", "label": "answer", "words": [{"text": "4.51", "box": [445, 573, 487, 591]}], "linking": [[]], "id": 42}, {"box": [137, 602, 226, 617], "text": "Subtotal", "label": "question", "words": [{"text": "Subtotal", "box": [137, 602, 226, 617]}], "linking": [[]], "id": 43}, {"box": [447, 597, 491, 615], "text": "4.94", "label": "answer", "words": [{"text": "4.94", "box": [447, 597, 491, 615]}], "linking": [[]], "id": 44}, {"box": [133, 629, 215, 644], "text": "Payment", "label": "question", "words": [{"text": "Payment", "box": [133, 629, 215, 644]}], "linking": [[]], "id": 45}, {"box": [450, 622, 495, 641], "text": "4.94", "label": "answer", "words": [{"text": "4.94", "box": [450, 622, 495, 641]}], "linking": [[]], "id": 46}, {"box": [181, 649, 226, 675], "text": "1037", "label": "answer", "words": [{"text": "1037", "box": [181, 649, 226, 675]}], "linking": [[]], "id": 47}, {"box": [230, 648, 291, 674], "text": "Check", "label": "answer", "words": [{"text": "Check", "box": [230, 648, 291, 674]}], "linking": [[]], "id": 48}, {"box": [295, 648, 369, 673], "text": "Closed", "label": "answer", "words": [{"text": "Closed", "box": [295, 648, 369, 673]}], "linking": [[]], "id": 49}, {"box": [373, 647, 444, 674], "text": "11:12-", "label": "answer", "words": [{"text": "11:12-", "box": [373, 647, 444, 674]}], "linking": [[]], "id": 50}, {"box": [495, 654, 522, 662], "text": "---", "label": "answer", "words": [{"text": "---", "box": [495, 654, 522, 662]}], "linking": [[]], "id": 51}, {"box": [189, 707, 227, 728], "text": "VAT", "label": "question", "words": [{"text": "VAT", "box": [189, 707, 227, 728]}], "linking": [[]], "id": 52}, {"box": [231, 707, 317, 725], "text": "NUMBER:", "label": "question", "words": [{"text": "NUMBER:", "box": [231, 707, 317, 725]}], "linking": [[]], "id": 53}, {"box": [332, 703, 370, 725], "text": "884", "label": "answer", "words": [{"text": "884", "box": [332, 703, 370, 725]}], "linking": [[]], "id": 54}, {"box": [375, 703, 422, 724], "text": "2579", "label": "answer", "words": [{"text": "2579", "box": [375, 703, 422, 724]}], "linking": [[]], "id": 55}, {"box": [429, 702, 456, 724], "text": "78", "label": "answer", "words": [{"text": "78", "box": [429, 702, 456, 724]}], "linking": [[]], "id": 56}, {"box": [131, 738, 191, 759], "text": "Thank", "label": "question", "words": [{"text": "Thank", "box": [131, 738, 191, 759]}], "linking": [[]], "id": 57}, {"box": [198, 737, 250, 757], "text": "you.", "label": "question", "words": [{"text": "you.", "box": [198, 737, 250, 757]}], "linking": [[]], "id": 58}, {"box": [254, 735, 327, 756], "text": "Please", "label": "other", "words": [{"text": "Please", "box": [254, 735, 327, 756]}], "linking": [[]], "id": 59}, {"box": [332, 734, 392, 754], "text": "visit", "label": "other", "words": [{"text": "visit", "box": [332, 734, 392, 754]}], "linking": [[]], "id": 60}, {"box": [396, 732, 424, 754], "text": "us", "label": "other", "words": [{"text": "us", "box": [396, 732, 424, 754]}], "linking": [[]], "id": 61}, {"box": [430, 733, 491, 751], "text": "again", "label": "other", "words": [{"text": "again", "box": [430, 733, 491, 751]}], "linking": [[]], "id": 62}, {"box": [310, 800, 376, 804], "text": "-------", "label": "question", "words": [{"text": "-------", "box": [310, 800, 376, 804]}], "linking": [[]], "id": 63}, {"box": [462, 795, 478, 803], "text": "--", "label": "question", "words": [{"text": "--", "box": [462, 795, 478, 803]}], "linking": [[]], "id": 64}, {"box": [196, 824, 272, 846], "text": "Select", "label": "answer", "words": [{"text": "Select", "box": [196, 824, 272, 846]}], "linking": [[]], "id": 65}, {"box": [276, 820, 360, 843], "text": "Service", "label": "answer", "words": [{"text": "Service", "box": [276, 820, 360, 843]}], "linking": [[]], "id": 66}, {"box": [365, 818, 456, 842], "text": "Partner", "label": "answer", "words": [{"text": "Partner", "box": [365, 818, 456, 842]}], "linking": [[]], "id": 67}, {"box": [126, 857, 165, 883], "text": "169", "label": "answer", "words": [{"text": "169", "box": [126, 857, 165, 883]}], "linking": [[]], "id": 68}, {"box": [169, 855, 246, 880], "text": "Euston", "label": "answer", "words": [{"text": "Euston", "box": [169, 855, 246, 880]}], "linking": [[]], "id": 69}, {"box": [250, 853, 308, 878], "text": "Road", "label": "answer", "words": [{"text": "Road", "box": [250, 853, 308, 878]}], "linking": [[]], "id": 70}, {"box": [311, 851, 387, 874], "text": "London", "label": "answer", "words": [{"text": "London", "box": [311, 851, 387, 874]}], "linking": [[]], "id": 71}, {"box": [390, 847, 434, 873], "text": "NW1", "label": "answer", "words": [{"text": "NW1", "box": [390, 847, 434, 873]}], "linking": [[]], "id": 72}, {"box": [437, 846, 479, 871], "text": "2AE", "label": "answer", "words": [{"text": "2AE", "box": [437, 846, 479, 871]}], "linking": [[]], "id": 73}, {"box": [148, 889, 188, 913], "text": "Any", "label": "question", "words": [{"text": "Any", "box": [148, 889, 188, 913]}], "linking": [[]], "id": 74}, {"box": [193, 890, 296, 907], "text": "comments", "label": "question", "words": [{"text": "comments", "box": [193, 890, 296, 907]}], "linking": [[]], "id": 75}, {"box": [300, 884, 378, 905], "text": "please", "label": "question", "words": [{"text": "please", "box": [300, 884, 378, 905]}], "linking": [[]], "id": 76}, {"box": [382, 881, 446, 901], "text": "visit", "label": "question", "words": [{"text": "visit", "box": [382, 881, 446, 901]}], "linking": [[]], "id": 77}, {"box": [208, 924, 447, 930], "text": "www.eatonthemove.com", "label": "other", "words": [{"text": "www.eatonthemove.com", "box": [208, 924, 447, 930]}], "linking": [[]], "id": 78}]}