{"form": [{"box": [110, 230, 298, 264], "text": "wagamama", "label": "other", "words": [{"text": "wagamama", "box": [110, 230, 298, 264]}], "linking": [[]], "id": 0}, {"box": [148, 302, 165, 320], "text": "43", "label": "answer", "words": [{"text": "43", "box": [148, 302, 165, 320]}], "linking": [[]], "id": 1}, {"box": [168, 302, 207, 320], "text": "mill", "label": "answer", "words": [{"text": "mill", "box": [168, 302, 207, 320]}], "linking": [[]], "id": 2}, {"box": [212, 302, 248, 321], "text": "lane", "label": "answer", "words": [{"text": "lane", "box": [212, 302, 248, 321]}], "linking": [[]], "id": 3}, {"box": [58, 322, 101, 341], "text": "level", "label": "answer", "words": [{"text": "level", "box": [58, 322, 101, 341]}], "linking": [[]], "id": 4}, {"box": [105, 322, 125, 342], "text": "1,", "label": "answer", "words": [{"text": "1,", "box": [105, 322, 125, 342]}], "linking": [[]], "id": 5}, {"box": [130, 322, 206, 343], "text": "touchwood", "label": "answer", "words": [{"text": "touchwood", "box": [130, 322, 206, 343]}], "linking": [[]], "id": 6}, {"box": [210, 324, 282, 344], "text": "shopping", "label": "answer", "words": [{"text": "shopping", "box": [210, 324, 282, 344]}], "linking": [[]], "id": 7}, {"box": [286, 325, 341, 343], "text": "centre", "label": "answer", "words": [{"text": "centre", "box": [286, 325, 341, 343]}], "linking": [[]], "id": 8}, {"box": [163, 346, 231, 363], "text": "solihull", "label": "answer", "words": [{"text": "solihull", "box": [163, 346, 231, 363]}], "linking": [[]], "id": 9}, {"box": [163, 366, 189, 384], "text": "B91", "label": "answer", "words": [{"text": "B91", "box": [163, 366, 189, 384]}], "linking": [[]], "id": 10}, {"box": [193, 366, 223, 385], "text": "3GS", "label": "answer", "words": [{"text": "3GS", "box": [193, 366, 223, 385]}], "linking": [[]], "id": 11}, {"box": [97, 388, 123, 406], "text": "vat", "label": "question", "words": [{"text": "vat", "box": [97, 388, 123, 406]}], "linking": [[]], "id": 12}, {"box": [128, 388, 165, 406], "text": "reg:", "label": "question", "words": [{"text": "reg:", "box": [128, 388, 165, 406]}], "linking": [[]], "id": 13}, {"box": [169, 388, 189, 407], "text": "gb", "label": "answer", "words": [{"text": "gb", "box": [169, 388, 189, 407]}], "linking": [[]], "id": 14}, {"box": [194, 388, 222, 407], "text": "681", "label": "answer", "words": [{"text": "681", "box": [194, 388, 222, 407]}], "linking": [[]], "id": 15}, {"box": [227, 388, 264, 407], "text": "4475", "label": "answer", "words": [{"text": "4475", "box": [227, 388, 264, 407]}], "linking": [[]], "id": 16}, {"box": [271, 388, 289, 407], "text": "17", "label": "answer", "words": [{"text": "17", "box": [271, 388, 289, 407]}], "linking": [[]], "id": 17}, {"box": [28, 427, 63, 447], "text": "7159", "label": "answer", "words": [{"text": "7159", "box": [28, 427, 63, 447]}], "linking": [[]], "id": 18}, {"box": [67, 428, 105, 447], "text": "hina", "label": "answer", "words": [{"text": "hina", "box": [67, 428, 105, 447]}], "linking": [[]], "id": 19}, {"box": [356, 431, 361, 446], "text": "3", "label": "answer", "words": [{"text": "3", "box": [356, 431, 361, 446]}], "linking": [[]], "id": 20}, {"box": [27, 471, 53, 489], "text": "CHK", "label": "answer", "words": [{"text": "CHK", "box": [27, 471, 53, 489]}], "linking": [[]], "id": 21}, {"box": [58, 472, 96, 489], "text": "6917", "label": "answer", "words": [{"text": "6917", "box": [58, 472, 96, 489]}], "linking": [[]], "id": 22}, {"box": [156, 470, 180, 490], "text": "TBL", "label": "answer", "words": [{"text": "TBL", "box": [156, 470, 180, 490]}], "linking": [[]], "id": 23}, {"box": [185, 472, 228, 491], "text": "431/1", "label": "answer", "words": [{"text": "431/1", "box": [185, 472, 228, 491]}], "linking": [[]], "id": 24}, {"box": [319, 472, 346, 490], "text": "GST", "label": "answer", "words": [{"text": "GST", "box": [319, 472, 346, 490]}], "linking": [[]], "id": 25}, {"box": [351, 472, 361, 490], "text": "2", "label": "answer", "words": [{"text": "2", "box": [351, 472, 361, 490]}], "linking": [[]], "id": 26}, {"box": [129, 492, 146, 510], "text": "23", "label": "answer", "words": [{"text": "23", "box": [129, 492, 146, 510]}], "linking": [[]], "id": 27}, {"box": [151, 492, 204, 511], "text": "OCT'17", "label": "answer", "words": [{"text": "OCT'17", "box": [151, 492, 204, 511]}], "linking": [[]], "id": 28}, {"box": [210, 493, 254, 512], "text": "13:18", "label": "answer", "words": [{"text": "13:18", "box": [210, 493, 254, 512]}], "linking": [[]], "id": 29}, {"box": [36, 534, 45, 551], "text": "1", "label": "answer", "words": [{"text": "1", "box": [36, 534, 45, 551]}], "linking": [[]], "id": 30}, {"box": [48, 534, 95, 551], "text": "still", "label": "answer", "words": [{"text": "still", "box": [48, 534, 95, 551]}], "linking": [[]], "id": 31}, {"box": [101, 533, 145, 551], "text": "330ml", "label": "answer", "words": [{"text": "330ml", "box": [101, 533, 145, 551]}], "linking": [[]], "id": 32}, {"box": [301, 536, 337, 552], "text": "2.10", "label": "answer", "words": [{"text": "2.10", "box": [301, 536, 337, 552]}], "linking": [[]], "id": 33}, {"box": [34, 556, 43, 573], "text": "1", "label": "answer", "words": [{"text": "1", "box": [34, 556, 43, 573]}], "linking": [[]], "id": 34}, {"box": [48, 556, 92, 574], "text": "gyoza", "label": "answer", "words": [{"text": "gyoza", "box": [48, 556, 92, 574]}], "linking": [[]], "id": 35}, {"box": [304, 556, 338, 574], "text": "5.95", "label": "answer", "words": [{"text": "5.95", "box": [304, 556, 338, 574]}], "linking": [[]], "id": 36}, {"box": [33, 578, 41, 595], "text": "1", "label": "answer", "words": [{"text": "1", "box": [33, 578, 41, 595]}], "linking": [[]], "id": 37}, {"box": [48, 578, 91, 596], "text": "spark", "label": "answer", "words": [{"text": "spark", "box": [48, 578, 91, 596]}], "linking": [[]], "id": 38}, {"box": [100, 576, 145, 594], "text": "330ml", "label": "answer", "words": [{"text": "330ml", "box": [100, 576, 145, 594]}], "linking": [[]], "id": 39}, {"box": [303, 579, 338, 595], "text": "2.10", "label": "answer", "words": [{"text": "2.10", "box": [303, 579, 338, 595]}], "linking": [[]], "id": 40}, {"box": [32, 599, 41, 617], "text": "1", "label": "answer", "words": [{"text": "1", "box": [32, 599, 41, 617]}], "linking": [[]], "id": 41}, {"box": [45, 599, 82, 617], "text": "chik", "label": "answer", "words": [{"text": "chik", "box": [45, 599, 82, 617]}], "linking": [[]], "id": 42}, {"box": [90, 599, 126, 617], "text": "teri", "label": "answer", "words": [{"text": "teri", "box": [90, 599, 126, 617]}], "linking": [[]], "id": 43}, {"box": [131, 598, 185, 617], "text": "donbur", "label": "answer", "words": [{"text": "donbur", "box": [131, 598, 185, 617]}], "linking": [[]], "id": 44}, {"box": [302, 600, 340, 618], "text": "9.95", "label": "answer", "words": [{"text": "9.95", "box": [302, 600, 340, 618]}], "linking": [[]], "id": 45}, {"box": [31, 622, 41, 639], "text": "1", "label": "answer", "words": [{"text": "1", "box": [31, 622, 41, 639]}], "linking": [[]], "id": 46}, {"box": [45, 622, 100, 639], "text": "chilli", "label": "answer", "words": [{"text": "chilli", "box": [45, 622, 100, 639]}], "linking": [[]], "id": 47}, {"box": [105, 620, 167, 639], "text": "chicken", "label": "answer", "words": [{"text": "chicken", "box": [105, 620, 167, 639]}], "linking": [[]], "id": 48}, {"box": [296, 623, 338, 639], "text": "11.50", "label": "answer", "words": [{"text": "11.50", "box": [296, 623, 338, 639]}], "linking": [[]], "id": 49}, {"box": [32, 644, 40, 660], "text": "1", "label": "answer", "words": [{"text": "1", "box": [32, 644, 40, 660]}], "linking": [[]], "id": 50}, {"box": [44, 644, 115, 660], "text": "chillies", "label": "answer", "words": [{"text": "chillies", "box": [44, 644, 115, 660]}], "linking": [[]], "id": 51}, {"box": [303, 645, 339, 662], "text": "1.00", "label": "answer", "words": [{"text": "1.00", "box": [303, 645, 339, 662]}], "linking": [[]], "id": 52}, {"box": [71, 686, 108, 704], "text": "5.43", "label": "answer", "words": [{"text": "5.43", "box": [71, 686, 108, 704]}], "linking": [[]], "id": 53}, {"box": [112, 686, 142, 704], "text": "vat", "label": "answer", "words": [{"text": "vat", "box": [112, 686, 142, 704]}], "linking": [[]], "id": 54}, {"box": [148, 686, 177, 705], "text": "20%", "label": "question", "words": [{"text": "20%", "box": [148, 686, 177, 705]}], "linking": [[]], "id": 55}, {"box": [295, 688, 339, 706], "text": "32.60", "label": "answer", "words": [{"text": "32.60", "box": [295, 688, 339, 706]}], "linking": [[]], "id": 56}, {"box": [47, 708, 74, 727], "text": "Net", "label": "question", "words": [{"text": "Net", "box": [47, 708, 74, 727]}], "linking": [[]], "id": 57}, {"box": [78, 708, 133, 726], "text": "Total:", "label": "question", "words": [{"text": "Total:", "box": [78, 708, 133, 726]}], "linking": [[]], "id": 58}, {"box": [287, 711, 337, 728], "text": "\u00a327.17", "label": "answer", "words": [{"text": "\u00a327.17", "box": [287, 711, 337, 728]}], "linking": [[]], "id": 59}, {"box": [48, 730, 75, 747], "text": "sub", "label": "question", "words": [{"text": "sub", "box": [48, 730, 75, 747]}], "linking": [[]], "id": 60}, {"box": [81, 730, 126, 746], "text": "total", "label": "question", "words": [{"text": "total", "box": [81, 730, 126, 746]}], "linking": [[]], "id": 61}, {"box": [286, 732, 338, 748], "text": "\u00a332.60", "label": "answer", "words": [{"text": "\u00a332.60", "box": [286, 732, 338, 748]}], "linking": [[]], "id": 62}, {"box": [25, 750, 104, 767], "text": "total", "label": "question", "words": [{"text": "total", "box": [25, 750, 104, 767]}], "linking": [[]], "id": 63}, {"box": [262, 751, 355, 769], "text": "\u00a332.60", "label": "answer", "words": [{"text": "\u00a332.60", "box": [262, 751, 355, 769]}], "linking": [[]], "id": 64}, {"box": [64, 797, 102, 807], "text": "-----", "label": "other", "words": [{"text": "-----", "box": [64, 797, 102, 807]}], "linking": [[]], "id": 65}, {"box": [107, 793, 162, 811], "text": "service", "label": "other", "words": [{"text": "service", "box": [107, 793, 162, 811]}], "linking": [[]], "id": 66}, {"box": [174, 791, 197, 812], "text": "not", "label": "other", "words": [{"text": "not", "box": [174, 791, 197, 812]}], "linking": [[]], "id": 67}, {"box": [211, 792, 274, 811], "text": "included", "label": "question", "words": [{"text": "included", "box": [211, 792, 274, 811]}], "linking": [[]], "id": 68}, {"box": [280, 795, 326, 808], "text": "------", "label": "other", "words": [{"text": "------", "box": [280, 795, 326, 808]}], "linking": [[]], "id": 69}, {"box": [147, 837, 192, 859], "text": "thank", "label": "question", "words": [{"text": "thank", "box": [147, 837, 192, 859]}], "linking": [[]], "id": 70}, {"box": [197, 838, 229, 861], "text": "you", "label": "other", "words": [{"text": "you", "box": [197, 838, 229, 861]}], "linking": [[]], "id": 71}, {"box": [72, 887, 117, 907], "text": "visit", "label": "answer", "words": [{"text": "visit", "box": [72, 887, 117, 907]}], "linking": [[]], "id": 72}, {"box": [121, 886, 200, 909], "text": "wagamama", "label": "answer", "words": [{"text": "wagamama", "box": [121, 886, 200, 909]}], "linking": [[]], "id": 73}, {"box": [205, 887, 307, 912], "text": "takeout.com", "label": "answer", "words": [{"text": "takeout.com", "box": [205, 887, 307, 912]}], "linking": [[]], "id": 74}, {"box": [51, 911, 80, 932], "text": "our", "label": "answer", "words": [{"text": "our", "box": [51, 911, 80, 932]}], "linking": [[]], "id": 75}, {"box": [84, 911, 135, 932], "text": "staff", "label": "answer", "words": [{"text": "staff", "box": [84, 911, 135, 932]}], "linking": [[]], "id": 76}, {"box": [141, 910, 208, 934], "text": "receive", "label": "answer", "words": [{"text": "receive", "box": [141, 910, 208, 934]}], "linking": [[]], "id": 77}, {"box": [215, 912, 254, 936], "text": "100%", "label": "answer", "words": [{"text": "100%", "box": [215, 912, 254, 936]}], "linking": [[]], "id": 78}, {"box": [258, 914, 281, 937], "text": "of", "label": "answer", "words": [{"text": "of", "box": [258, 914, 281, 937]}], "linking": [[]], "id": 79}, {"box": [287, 915, 328, 939], "text": "tips", "label": "answer", "words": [{"text": "tips", "box": [287, 915, 328, 939]}], "linking": [[]], "id": 80}]}