{"form": [{"box": [537, 128, 677, 168], "text": "TESCO", "label": "other", "words": [{"text": "TESCO", "box": [537, 128, 677, 168]}], "linking": [[]], "id": 0}, {"box": [469, 173, 558, 204], "text": "Petrol", "label": "answer", "words": [{"text": "Petrol", "box": [469, 173, 558, 204]}], "linking": [[]], "id": 1}, {"box": [563, 174, 649, 206], "text": "Filling", "label": "answer", "words": [{"text": "Filling", "box": [563, 174, 649, 206]}], "linking": [[]], "id": 2}, {"box": [656, 176, 764, 207], "text": "Station", "label": "answer", "words": [{"text": "Station", "box": [656, 176, 764, 207]}], "linking": [[]], "id": 3}, {"box": [536, 214, 592, 240], "text": "CLAY", "label": "answer", "words": [{"text": "CLAY", "box": [536, 214, 592, 240]}], "linking": [[]], "id": 4}, {"box": [601, 215, 675, 239], "text": "CROSS", "label": "answer", "words": [{"text": "CROSS", "box": [601, 215, 675, 239]}], "linking": [[]], "id": 5}, {"box": [686, 215, 731, 239], "text": "PFS", "label": "answer", "words": [{"text": "PFS", "box": [686, 215, 731, 239]}], "linking": [[]], "id": 6}, {"box": [450, 243, 492, 268], "text": "any", "label": "question", "words": [{"text": "any", "box": [450, 243, 492, 268]}], "linking": [[]], "id": 7}, {"box": [503, 243, 633, 270], "text": "questions", "label": "question", "words": [{"text": "questions", "box": [503, 243, 633, 270]}], "linking": [[]], "id": 8}, {"box": [642, 244, 731, 271], "text": "please", "label": "question", "words": [{"text": "please", "box": [642, 244, 731, 271]}], "linking": [[]], "id": 9}, {"box": [741, 244, 814, 270], "text": "visit", "label": "question", "words": [{"text": "visit", "box": [741, 244, 814, 270]}], "linking": [[]], "id": 10}, {"box": [448, 270, 814, 296], "text": "www.tesco.com/storelocator", "label": "other", "words": [{"text": "www.tesco.com/storelocator", "box": [448, 270, 814, 296]}], "linking": [[]], "id": 11}, {"box": [330, 347, 388, 374], "text": "PUMP", "label": "question", "words": [{"text": "PUMP", "box": [330, 347, 388, 374]}], "linking": [[]], "id": 12}, {"box": [400, 347, 415, 375], "text": "#", "label": "question", "words": [{"text": "#", "box": [400, 347, 415, 375]}], "linking": [[]], "id": 13}, {"box": [430, 348, 445, 376], "text": "2", "label": "question", "words": [{"text": "2", "box": [430, 348, 445, 376]}], "linking": [[]], "id": 14}, {"box": [457, 349, 545, 377], "text": "DIESEL", "label": "question", "words": [{"text": "DIESEL", "box": [457, 349, 545, 377]}], "linking": [[]], "id": 15}, {"box": [360, 373, 431, 402], "text": "28.52", "label": "answer", "words": [{"text": "28.52", "box": [360, 373, 431, 402]}], "linking": [[]], "id": 16}, {"box": [444, 376, 517, 403], "text": "litre", "label": "answer", "words": [{"text": "litre", "box": [444, 376, 517, 403]}], "linking": [[]], "id": 17}, {"box": [527, 378, 543, 403], "text": "@", "label": "answer", "words": [{"text": "@", "box": [527, 378, 543, 403]}], "linking": [[]], "id": 18}, {"box": [591, 379, 659, 407], "text": "134.9", "label": "answer", "words": [{"text": "134.9", "box": [591, 379, 659, 407]}], "linking": [[]], "id": 19}, {"box": [669, 380, 713, 409], "text": "P/L", "label": "answer", "words": [{"text": "P/L", "box": [669, 380, 713, 409]}], "linking": [[]], "id": 20}, {"box": [700, 353, 756, 378], "text": "[CU]", "label": "answer", "words": [{"text": "[CU]", "box": [700, 353, 756, 378]}], "linking": [[]], "id": 21}, {"box": [785, 382, 871, 410], "text": "\u00a338.47", "label": "answer", "words": [{"text": "\u00a338.47", "box": [785, 382, 871, 410]}], "linking": [[]], "id": 22}, {"box": [878, 382, 893, 410], "text": "C", "label": "answer", "words": [{"text": "C", "box": [878, 382, 893, 410]}], "linking": [[]], "id": 23}, {"box": [312, 450, 445, 480], "text": "TOTAL", "label": "question", "words": [{"text": "TOTAL", "box": [312, 450, 445, 480]}], "linking": [[]], "id": 24}, {"box": [352, 478, 517, 507], "text": "BARCLAYCARD", "label": "question", "words": [{"text": "BARCLAYCARD", "box": [352, 478, 517, 507]}], "linking": [[]], "id": 25}, {"box": [530, 480, 589, 508], "text": "VISA", "label": "question", "words": [{"text": "VISA", "box": [530, 480, 589, 508]}], "linking": [[]], "id": 26}, {"box": [603, 481, 660, 507], "text": "SALE", "label": "question", "words": [{"text": "SALE", "box": [603, 481, 660, 507]}], "linking": [[]], "id": 27}, {"box": [718, 460, 881, 486], "text": "\u00a338.47", "label": "answer", "words": [{"text": "\u00a338.47", "box": [718, 460, 881, 486]}], "linking": [[]], "id": 28}, {"box": [382, 507, 425, 531], "text": "AID", "label": "question", "words": [{"text": "AID", "box": [382, 507, 425, 531]}], "linking": [[]], "id": 29}, {"box": [793, 484, 880, 511], "text": "\u00a338.47", "label": "answer", "words": [{"text": "\u00a338.47", "box": [793, 484, 880, 511]}], "linking": [[]], "id": 30}, {"box": [380, 535, 471, 564], "text": "NUMBER", "label": "question", "words": [{"text": "NUMBER", "box": [380, 535, 471, 564]}], "linking": [[]], "id": 31}, {"box": [549, 510, 564, 537], "text": ":", "label": "question", "words": [{"text": ":", "box": [549, 510, 564, 537]}], "linking": [[]], "id": 32}, {"box": [572, 510, 778, 537], "text": "A0000000031010", "label": "answer", "words": [{"text": "A0000000031010", "box": [572, 510, 778, 537]}], "linking": [[]], "id": 33}, {"box": [382, 564, 424, 589], "text": "PAN", "label": "question", "words": [{"text": "PAN", "box": [382, 564, 424, 589]}], "linking": [[]], "id": 34}, {"box": [439, 565, 483, 588], "text": "SEQ", "label": "question", "words": [{"text": "SEQ", "box": [439, 565, 483, 588]}], "linking": [[]], "id": 35}, {"box": [497, 565, 531, 590], "text": "NO", "label": "question", "words": [{"text": "NO", "box": [497, 565, 531, 590]}], "linking": [[]], "id": 36}, {"box": [576, 543, 746, 566], "text": "************", "label": "answer", "words": [{"text": "************", "box": [576, 543, 746, 566]}], "linking": [[]], "id": 37}, {"box": [752, 541, 807, 567], "text": "5007", "label": "answer", "words": [{"text": "5007", "box": [752, 541, 807, 567]}], "linking": [[]], "id": 38}, {"box": [866, 541, 910, 566], "text": "ICC", "label": "answer", "words": [{"text": "ICC", "box": [866, 541, 910, 566]}], "linking": [[]], "id": 39}, {"box": [580, 567, 602, 589], "text": "00", "label": "answer", "words": [{"text": "00", "box": [580, 567, 602, 589]}], "linking": [[]], "id": 40}, {"box": [379, 591, 436, 614], "text": "AUTH", "label": "question", "words": [{"text": "AUTH", "box": [379, 591, 436, 614]}], "linking": [[]], "id": 41}, {"box": [452, 591, 515, 615], "text": "CODE", "label": "question", "words": [{"text": "CODE", "box": [452, 591, 515, 615]}], "linking": [[]], "id": 42}, {"box": [574, 590, 665, 614], "text": "013037", "label": "answer", "words": [{"text": "013037", "box": [574, 590, 665, 614]}], "linking": [[]], "id": 43}, {"box": [375, 616, 499, 640], "text": "MERCHANT", "label": "question", "words": [{"text": "MERCHANT", "box": [375, 616, 499, 640]}], "linking": [[]], "id": 44}, {"box": [578, 616, 588, 639], "text": "1", "label": "question", "words": [{"text": "1", "box": [578, 616, 588, 639]}], "linking": [[]], "id": 45}, {"box": [375, 643, 529, 667], "text": "Cardholder", "label": "question", "words": [{"text": "Cardholder", "box": [375, 643, 529, 667]}], "linking": [[]], "id": 46}, {"box": [542, 641, 590, 668], "text": "PIN", "label": "question", "words": [{"text": "PIN", "box": [542, 641, 590, 668]}], "linking": [[]], "id": 47}, {"box": [606, 640, 730, 667], "text": "Verified", "label": "question", "words": [{"text": "Verified", "box": [606, 640, 730, 667]}], "linking": [[]], "id": 48}, {"box": [342, 671, 436, 698], "text": "CHANGE", "label": "question", "words": [{"text": "CHANGE", "box": [342, 671, 436, 698]}], "linking": [[]], "id": 49}, {"box": [447, 669, 498, 696], "text": "DUE", "label": "question", "words": [{"text": "DUE", "box": [447, 669, 498, 696]}], "linking": [[]], "id": 50}, {"box": [828, 666, 903, 690], "text": "\u00a30.00", "label": "answer", "words": [{"text": "\u00a30.00", "box": [828, 666, 903, 690]}], "linking": [[]], "id": 51}, {"box": [484, 729, 532, 758], "text": "VAT", "label": "header", "words": [{"text": "VAT", "box": [484, 729, 532, 758]}], "linking": [[]], "id": 52}, {"box": [540, 728, 660, 756], "text": "RECEIPT", "label": "header", "words": [{"text": "RECEIPT", "box": [540, 728, 660, 756]}], "linking": [[]], "id": 53}, {"box": [671, 726, 788, 755], "text": "SUMMARY", "label": "header", "words": [{"text": "SUMMARY", "box": [671, 726, 788, 755]}], "linking": [[]], "id": 54}, {"box": [335, 765, 400, 793], "text": "Rate", "label": "question", "words": [{"text": "Rate", "box": [335, 765, 400, 793]}], "linking": [[]], "id": 55}, {"box": [594, 760, 643, 787], "text": "NET", "label": "question", "words": [{"text": "NET", "box": [594, 760, 643, 787]}], "linking": [[]], "id": 56}, {"box": [866, 755, 913, 784], "text": "VAT", "label": "question", "words": [{"text": "VAT", "box": [866, 755, 913, 784]}], "linking": [[]], "id": 57}, {"box": [299, 797, 317, 831], "text": "C", "label": "answer", "words": [{"text": "C", "box": [299, 797, 317, 831]}], "linking": [[]], "id": 58}, {"box": [334, 797, 387, 828], "text": "20%", "label": "answer", "words": [{"text": "20%", "box": [334, 797, 387, 828]}], "linking": [[]], "id": 59}, {"box": [397, 796, 450, 827], "text": "VAT", "label": "question", "words": [{"text": "VAT", "box": [397, 796, 450, 827]}], "linking": [[]], "id": 60}, {"box": [546, 794, 643, 822], "text": "\u00a332.06", "label": "answer", "words": [{"text": "\u00a332.06", "box": [546, 794, 643, 822]}], "linking": [[]], "id": 61}, {"box": [836, 790, 916, 819], "text": "\u00a36.41", "label": "answer", "words": [{"text": "\u00a36.41", "box": [836, 790, 916, 819]}], "linking": [[]], "id": 62}, {"box": [541, 826, 581, 856], "text": "VAT", "label": "question", "words": [{"text": "VAT", "box": [541, 826, 581, 856]}], "linking": [[]], "id": 63}, {"box": [586, 826, 635, 855], "text": "NO:", "label": "question", "words": [{"text": "NO:", "box": [586, 826, 635, 855]}], "linking": [[]], "id": 64}, {"box": [640, 824, 757, 852], "text": "220430231", "label": "answer", "words": [{"text": "220430231", "box": [640, 824, 757, 852]}], "linking": [[]], "id": 65}, {"box": [500, 894, 633, 923], "text": "CLUBCARD", "label": "question", "words": [{"text": "CLUBCARD", "box": [500, 894, 633, 923]}], "linking": [[]], "id": 66}, {"box": [643, 891, 792, 920], "text": "STATEMENT", "label": "question", "words": [{"text": "STATEMENT", "box": [643, 891, 792, 920]}], "linking": [[]], "id": 67}, {"box": [299, 934, 433, 963], "text": "Clubcard", "label": "question", "words": [{"text": "Clubcard", "box": [299, 934, 433, 963]}], "linking": [[]], "id": 68}, {"box": [445, 931, 549, 958], "text": "Number", "label": "question", "words": [{"text": "Number", "box": [445, 931, 549, 958]}], "linking": [[]], "id": 69}, {"box": [630, 931, 850, 951], "text": "**************", "label": "question", "words": [{"text": "**************", "box": [630, 931, 850, 951]}], "linking": [[]], "id": 70}, {"box": [854, 923, 915, 951], "text": "0327", "label": "answer", "words": [{"text": "0327", "box": [854, 923, 915, 951]}], "linking": [[]], "id": 71}, {"box": [296, 969, 401, 998], "text": "Points", "label": "question", "words": [{"text": "Points", "box": [296, 969, 401, 998]}], "linking": [[]], "id": 72}, {"box": [413, 966, 482, 995], "text": "this", "label": "question", "words": [{"text": "this", "box": [413, 966, 482, 995]}], "linking": [[]], "id": 73}, {"box": [495, 963, 583, 994], "text": "Visit", "label": "question", "words": [{"text": "Visit", "box": [495, 963, 583, 994]}], "linking": [[]], "id": 74}, {"box": [907, 956, 939, 984], "text": "19", "label": "question", "words": [{"text": "19", "box": [907, 956, 939, 984]}], "linking": [[]], "id": 75}, {"box": [294, 1004, 397, 1034], "text": "Points", "label": "question", "words": [{"text": "Points", "box": [294, 1004, 397, 1034]}], "linking": [[]], "id": 76}, {"box": [409, 1001, 532, 1030], "text": "balance", "label": "question", "words": [{"text": "balance", "box": [409, 1001, 532, 1030]}], "linking": [[]], "id": 77}, {"box": [892, 988, 942, 1018], "text": "384", "label": "answer", "words": [{"text": "384", "box": [892, 988, 942, 1018]}], "linking": [[]], "id": 78}, {"box": [326, 1110, 415, 1143], "text": "TESCO", "label": "header", "words": [{"text": "TESCO", "box": [326, 1110, 415, 1143]}], "linking": [[]], "id": 79}, {"box": [422, 1107, 502, 1140], "text": "BANK", "label": "other", "words": [{"text": "BANK", "box": [422, 1107, 502, 1140]}], "linking": [[]], "id": 80}, {"box": [509, 1104, 604, 1137], "text": "BONUS", "label": "question", "words": [{"text": "BONUS", "box": [509, 1104, 604, 1137]}], "linking": [[]], "id": 81}, {"box": [610, 1102, 721, 1133], "text": "POINTS", "label": "answer", "words": [{"text": "POINTS", "box": [610, 1102, 721, 1133]}], "linking": [[]], "id": 82}, {"box": [886, 1094, 938, 1123], "text": "868", "label": "answer", "words": [{"text": "868", "box": [886, 1094, 938, 1123]}], "linking": [[]], "id": 83}, {"box": [324, 1182, 451, 1217], "text": "6/11/18", "label": "other", "words": [{"text": "6/11/18", "box": [324, 1182, 451, 1217]}], "linking": [[]], "id": 84}, {"box": [477, 1179, 573, 1212], "text": "20:13", "label": "other", "words": [{"text": "20:13", "box": [477, 1179, 573, 1212]}], "linking": [[]], "id": 85}, {"box": [598, 1176, 677, 1208], "text": "4204", "label": "other", "words": [{"text": "4204", "box": [598, 1176, 677, 1208]}], "linking": [[]], "id": 86}, {"box": [697, 1173, 761, 1205], "text": "081", "label": "other", "words": [{"text": "081", "box": [697, 1173, 761, 1205]}], "linking": [[]], "id": 87}, {"box": [785, 1169, 865, 1202], "text": "3402", "label": "other", "words": [{"text": "3402", "box": [785, 1169, 865, 1202]}], "linking": [[]], "id": 88}, {"box": [887, 1166, 957, 1198], "text": "4861", "label": "other", "words": [{"text": "4861", "box": [887, 1166, 957, 1198]}], "linking": [[]], "id": 89}]}