{"form": [{"box": [228, 66, 424, 106], "text": "SIXT_1:PN", "label": "other", "words": [{"text": "SIXT_1:PN", "box": [228, 66, 424, 106]}], "linking": [[]], "id": 0}, {"box": [1547, 56, 2186, 403], "text": "Six", "label": "other", "words": [{"text": "Six", "box": [1547, 56, 2186, 403]}], "linking": [[]], "id": 1}, {"box": [223, 113, 397, 147], "text": "Electronically", "label": "other", "words": [{"text": "Electronically", "box": [223, 113, 397, 147]}], "linking": [[]], "id": 2}, {"box": [404, 112, 491, 148], "text": "signed", "label": "other", "words": [{"text": "signed", "box": [404, 112, 491, 148]}], "linking": [[]], "id": 3}, {"box": [497, 112, 530, 148], "text": "on", "label": "other", "words": [{"text": "on", "box": [497, 112, 530, 148]}], "linking": [[]], "id": 4}, {"box": [537, 111, 689, 146], "text": "02.02.2020", "label": "other", "words": [{"text": "02.02.2020", "box": [537, 111, 689, 146]}], "linking": [[]], "id": 5}, {"box": [700, 110, 779, 144], "text": "00:20", "label": "other", "words": [{"text": "00:20", "box": [700, 110, 779, 144]}], "linking": [[]], "id": 6}, {"box": [225, 152, 357, 180], "text": "Certificate", "label": "other", "words": [{"text": "Certificate", "box": [225, 152, 357, 180]}], "linking": [[]], "id": 7}, {"box": [362, 152, 454, 181], "text": "(issuer", "label": "other", "words": [{"text": "(issuer", "box": [362, 152, 454, 181]}], "linking": [[]], "id": 8}, {"box": [460, 152, 509, 181], "text": "and", "label": "other", "words": [{"text": "and", "box": [460, 152, 509, 181]}], "linking": [[]], "id": 9}, {"box": [517, 152, 589, 182], "text": "serial", "label": "other", "words": [{"text": "serial", "box": [517, 152, 589, 182]}], "linking": [[]], "id": 10}, {"box": [595, 152, 704, 181], "text": "number)", "label": "other", "words": [{"text": "number)", "box": [595, 152, 704, 181]}], "linking": [[]], "id": 11}, {"box": [226, 188, 351, 214], "text": "D-TRUST", "label": "other", "words": [{"text": "D-TRUST", "box": [226, 188, 351, 214]}], "linking": [[]], "id": 12}, {"box": [359, 188, 396, 215], "text": "CA", "label": "other", "words": [{"text": "CA", "box": [359, 188, 396, 215]}], "linking": [[]], "id": 13}, {"box": [411, 188, 454, 215], "text": "3-1", "label": "other", "words": [{"text": "3-1", "box": [411, 188, 454, 215]}], "linking": [[]], "id": 14}, {"box": [459, 188, 523, 215], "text": "2016", "label": "other", "words": [{"text": "2016", "box": [459, 188, 523, 215]}], "linking": [[]], "id": 15}, {"box": [226, 226, 772, 251], "text": "08839528AB2078C665FD5B2F876C6869", "label": "other", "words": [{"text": "08839528AB2078C665FD5B2F876C6869", "box": [226, 226, 772, 251]}], "linking": [[]], "id": 16}, {"box": [356, 560, 400, 591], "text": "Sixt", "label": "answer", "words": [{"text": "Sixt", "box": [356, 560, 400, 591]}], "linking": [[]], "id": 17}, {"box": [407, 559, 458, 592], "text": "rent", "label": "answer", "words": [{"text": "rent", "box": [407, 559, 458, 592]}], "linking": [[]], "id": 18}, {"box": [464, 559, 480, 592], "text": "a", "label": "answer", "words": [{"text": "a", "box": [464, 559, 480, 592]}], "linking": [[]], "id": 19}, {"box": [487, 558, 529, 593], "text": "car", "label": "answer", "words": [{"text": "car", "box": [487, 558, 529, 593]}], "linking": [[]], "id": 20}, {"box": [536, 558, 635, 594], "text": "Limited", "label": "answer", "words": [{"text": "Limited", "box": [536, 558, 635, 594]}], "linking": [[]], "id": 21}, {"box": [642, 557, 689, 594], "text": "Sixt", "label": "answer", "words": [{"text": "Sixt", "box": [642, 557, 689, 594]}], "linking": [[]], "id": 22}, {"box": [695, 557, 791, 595], "text": "House,", "label": "answer", "words": [{"text": "House,", "box": [695, 557, 791, 595]}], "linking": [[]], "id": 23}, {"box": [797, 556, 811, 595], "text": "5", "label": "answer", "words": [{"text": "5", "box": [797, 556, 811, 595]}], "linking": [[]], "id": 24}, {"box": [818, 556, 922, 596], "text": "Langley", "label": "answer", "words": [{"text": "Langley", "box": [818, 556, 922, 596]}], "linking": [[]], "id": 25}, {"box": [928, 556, 1022, 596], "text": "Quays,", "label": "answer", "words": [{"text": "Quays,", "box": [928, 556, 1022, 596]}], "linking": [[]], "id": 26}, {"box": [1028, 555, 1161, 597], "text": "Waterside", "label": "answer", "words": [{"text": "Waterside", "box": [1028, 555, 1161, 597]}], "linking": [[]], "id": 27}, {"box": [1168, 556, 1245, 597], "text": "Drive,", "label": "answer", "words": [{"text": "Drive,", "box": [1168, 556, 1245, 597]}], "linking": [[]], "id": 28}, {"box": [1251, 556, 1364, 598], "text": "Langley,", "label": "answer", "words": [{"text": "Langley,", "box": [1251, 556, 1364, 598]}], "linking": [[]], "id": 29}, {"box": [1370, 556, 1461, 597], "text": "Slough", "label": "answer", "words": [{"text": "Slough", "box": [1370, 556, 1461, 597]}], "linking": [[]], "id": 30}, {"box": [1468, 556, 1519, 597], "text": "SL3", "label": "answer", "words": [{"text": "SL3", "box": [1468, 556, 1519, 597]}], "linking": [[]], "id": 31}, {"box": [1525, 556, 1589, 597], "text": "6EY,", "label": "answer", "words": [{"text": "6EY,", "box": [1525, 556, 1589, 597]}], "linking": [[]], "id": 32}, {"box": [1595, 556, 1705, 596], "text": "England", "label": "answer", "words": [{"text": "England", "box": [1595, 556, 1705, 596]}], "linking": [[]], "id": 33}, {"box": [358, 752, 659, 795], "text": "Company/Mr/Ms", "label": "question", "words": [{"text": "Company/Mr/Ms", "box": [358, 752, 659, 795]}], "linking": [[]], "id": 34}, {"box": [358, 797, 521, 837], "text": "MEYERS", "label": "answer", "words": [{"text": "MEYERS", "box": [358, 797, 521, 837]}], "linking": [[]], "id": 35}, {"box": [356, 843, 460, 881], "text": "SEAN", "label": "answer", "words": [{"text": "SEAN", "box": [356, 843, 460, 881]}], "linking": [[]], "id": 36}, {"box": [356, 890, 397, 933], "text": "41", "label": "answer", "words": [{"text": "41", "box": [356, 890, 397, 933]}], "linking": [[]], "id": 37}, {"box": [407, 890, 772, 931], "text": "BROADMEADOWS", "label": "answer", "words": [{"text": "BROADMEADOWS", "box": [407, 890, 772, 931]}], "linking": [[]], "id": 38}, {"box": [781, 890, 922, 932], "text": "CLOSE", "label": "answer", "words": [{"text": "CLOSE", "box": [781, 890, 922, 932]}], "linking": [[]], "id": 39}, {"box": [356, 938, 605, 980], "text": "NEWCASTLE", "label": "answer", "words": [{"text": "NEWCASTLE", "box": [356, 938, 605, 980]}], "linking": [[]], "id": 40}, {"box": [617, 937, 736, 980], "text": "UPON", "label": "answer", "words": [{"text": "UPON", "box": [617, 937, 736, 980]}], "linking": [[]], "id": 41}, {"box": [751, 936, 859, 981], "text": "TYNE", "label": "answer", "words": [{"text": "TYNE", "box": [751, 936, 859, 981]}], "linking": [[]], "id": 42}, {"box": [355, 985, 455, 1028], "text": "NE16", "label": "answer", "words": [{"text": "NE16", "box": [355, 985, 455, 1028]}], "linking": [[]], "id": 43}, {"box": [465, 986, 543, 1028], "text": "3DD", "label": "answer", "words": [{"text": "3DD", "box": [465, 986, 543, 1028]}], "linking": [[]], "id": 44}, {"box": [360, 1034, 741, 1075], "text": "GROSSBRITANNIEN", "label": "answer", "words": [{"text": "GROSSBRITANNIEN", "box": [360, 1034, 741, 1075]}], "linking": [[]], "id": 45}, {"box": [261, 1083, 598, 1119], "text": "RecipientOfServices:", "label": "question", "words": [{"text": "RecipientOfServices:", "box": [261, 1083, 598, 1119]}], "linking": [[]], "id": 46}, {"box": [261, 1134, 427, 1170], "text": "Accenture", "label": "answer", "words": [{"text": "Accenture", "box": [261, 1134, 427, 1170]}], "linking": [[]], "id": 47}, {"box": [262, 1177, 275, 1219], "text": "1", "label": "answer", "words": [{"text": "1", "box": [262, 1177, 275, 1219]}], "linking": [[]], "id": 48}, {"box": [283, 1179, 450, 1217], "text": "Plantation", "label": "answer", "words": [{"text": "Plantation", "box": [283, 1179, 450, 1217]}], "linking": [[]], "id": 49}, {"box": [458, 1182, 555, 1219], "text": "Place", "label": "answer", "words": [{"text": "Place", "box": [458, 1182, 555, 1219]}], "linking": [[]], "id": 50}, {"box": [563, 1179, 607, 1220], "text": "30", "label": "answer", "words": [{"text": "30", "box": [563, 1179, 607, 1220]}], "linking": [[]], "id": 51}, {"box": [263, 1227, 437, 1263], "text": "Fenchurch", "label": "answer", "words": [{"text": "Fenchurch", "box": [263, 1227, 437, 1263]}], "linking": [[]], "id": 52}, {"box": [446, 1228, 549, 1264], "text": "Street", "label": "answer", "words": [{"text": "Street", "box": [446, 1228, 549, 1264]}], "linking": [[]], "id": 53}, {"box": [1689, 1235, 1870, 1270], "text": "INVOICE", "label": "header", "words": [{"text": "INVOICE", "box": [1689, 1235, 1870, 1270]}], "linking": [[]], "id": 54}, {"box": [261, 1274, 386, 1310], "text": "London", "label": "answer", "words": [{"text": "London", "box": [261, 1274, 386, 1310]}], "linking": [[]], "id": 55}, {"box": [264, 1319, 351, 1357], "text": "EC3M", "label": "answer", "words": [{"text": "EC3M", "box": [264, 1319, 351, 1357]}], "linking": [[]], "id": 56}, {"box": [373, 1321, 437, 1358], "text": "3BD", "label": "answer", "words": [{"text": "3BD", "box": [373, 1321, 437, 1358]}], "linking": [[]], "id": 57}, {"box": [1693, 1290, 1799, 1319], "text": "Langley,", "label": "question", "words": [{"text": "Langley,", "box": [1693, 1290, 1799, 1319]}], "linking": [[]], "id": 58}, {"box": [1989, 1290, 2114, 1317], "text": "1.01.2020", "label": "answer", "words": [{"text": "1.01.2020", "box": [1989, 1290, 2114, 1317]}], "linking": [[]], "id": 59}, {"box": [1688, 1321, 1830, 1351], "text": "Document:", "label": "question", "words": [{"text": "Document:", "box": [1688, 1321, 1830, 1351]}], "linking": [[]], "id": 60}, {"box": [1836, 1319, 2135, 1351], "text": "9453598454/00/M/00/N", "label": "answer", "words": [{"text": "9453598454/00/M/00/N", "box": [1836, 1319, 2135, 1351]}], "linking": [[]], "id": 61}, {"box": [299, 1407, 370, 1441], "text": "Time", "label": "question", "words": [{"text": "Time", "box": [299, 1407, 370, 1441]}], "linking": [[]], "id": 62}, {"box": [378, 1408, 446, 1443], "text": "out:", "label": "question", "words": [{"text": "out:", "box": [378, 1408, 446, 1443]}], "linking": [[]], "id": 63}, {"box": [295, 1459, 451, 1493], "text": "27.01.2020", "label": "answer", "words": [{"text": "27.01.2020", "box": [295, 1459, 451, 1493]}], "linking": [[]], "id": 64}, {"box": [459, 1458, 474, 1494], "text": "/", "label": "answer", "words": [{"text": "/", "box": [459, 1458, 474, 1494]}], "linking": [[]], "id": 65}, {"box": [482, 1458, 564, 1495], "text": "12:00", "label": "answer", "words": [{"text": "12:00", "box": [482, 1458, 564, 1495]}], "linking": [[]], "id": 66}, {"box": [638, 1459, 653, 1495], "text": "-", "label": "answer", "words": [{"text": "-", "box": [638, 1459, 653, 1495]}], "linking": [[]], "id": 67}, {"box": [661, 1459, 737, 1495], "text": "City:", "label": "question", "words": [{"text": "City:", "box": [661, 1459, 737, 1495]}], "linking": [[]], "id": 68}, {"box": [744, 1460, 1065, 1494], "text": "Gateshead/Newcastle", "label": "answer", "words": [{"text": "Gateshead/Newcastle", "box": [744, 1460, 1065, 1494]}], "linking": [[]], "id": 69}, {"box": [1691, 1463, 1743, 1493], "text": "Cust", "label": "question", "words": [{"text": "Cust", "box": [1691, 1463, 1743, 1493]}], "linking": [[]], "id": 70}, {"box": [1750, 1463, 1756, 1493], "text": ".:", "label": "question", "words": [{"text": ".:", "box": [1750, 1463, 1756, 1493]}], "linking": [[]], "id": 71}, {"box": [1763, 1463, 1876, 1494], "text": "9998052", "label": "answer", "words": [{"text": "9998052", "box": [1763, 1463, 1876, 1494]}], "linking": [[]], "id": 72}, {"box": [1883, 1464, 1939, 1494], "text": "VAT", "label": "question", "words": [{"text": "VAT", "box": [1883, 1464, 1939, 1494]}], "linking": [[]], "id": 73}, {"box": [1945, 1464, 1974, 1494], "text": "no", "label": "question", "words": [{"text": "no", "box": [1945, 1464, 1974, 1494]}], "linking": [[]], "id": 74}, {"box": [1980, 1465, 1996, 1495], "text": ".:", "label": "question", "words": [{"text": ".:", "box": [1980, 1465, 1996, 1495]}], "linking": [[]], "id": 75}, {"box": [294, 1511, 344, 1538], "text": "ml:", "label": "question", "words": [{"text": "ml:", "box": [294, 1511, 344, 1538]}], "linking": [[]], "id": 76}, {"box": [388, 1509, 412, 1533], "text": "9", "label": "answer", "words": [{"text": "9", "box": [388, 1509, 412, 1533]}], "linking": [[]], "id": 77}, {"box": [302, 1597, 368, 1632], "text": "Time", "label": "question", "words": [{"text": "Time", "box": [302, 1597, 368, 1632]}], "linking": [[]], "id": 78}, {"box": [375, 1598, 407, 1633], "text": "in", "label": "question", "words": [{"text": "in", "box": [375, 1598, 407, 1633]}], "linking": [[]], "id": 79}, {"box": [415, 1597, 432, 1632], "text": ":", "label": "question", "words": [{"text": ":", "box": [415, 1597, 432, 1632]}], "linking": [[]], "id": 80}, {"box": [1692, 1585, 1780, 1614], "text": "Drivers", "label": "question", "words": [{"text": "Drivers", "box": [1692, 1585, 1780, 1614]}], "linking": [[]], "id": 81}, {"box": [1785, 1587, 1869, 1611], "text": "name:", "label": "question", "words": [{"text": "name:", "box": [1785, 1587, 1869, 1611]}], "linking": [[]], "id": 82}, {"box": [1929, 1584, 2047, 1610], "text": "MEYERS", "label": "answer", "words": [{"text": "MEYERS", "box": [1929, 1584, 2047, 1610]}], "linking": [[]], "id": 83}, {"box": [2056, 1584, 2131, 1610], "text": "SEAN", "label": "answer", "words": [{"text": "SEAN", "box": [2056, 1584, 2131, 1610]}], "linking": [[]], "id": 84}, {"box": [1698, 1618, 1843, 1648], "text": "Registration", "label": "question", "words": [{"text": "Registration", "box": [1698, 1618, 1843, 1648]}], "linking": [[]], "id": 85}, {"box": [1849, 1618, 1904, 1647], "text": "No:", "label": "question", "words": [{"text": "No:", "box": [1849, 1618, 1904, 1647]}], "linking": [[]], "id": 86}, {"box": [1930, 1619, 2089, 1645], "text": "0014567054", "label": "answer", "words": [{"text": "0014567054", "box": [1930, 1619, 2089, 1645]}], "linking": [[]], "id": 87}, {"box": [2096, 1620, 2220, 1644], "text": "KS69MLX", "label": "answer", "words": [{"text": "KS69MLX", "box": [2096, 1620, 2220, 1644]}], "linking": [[]], "id": 88}, {"box": [297, 1652, 450, 1689], "text": "31.01.2020", "label": "answer", "words": [{"text": "31.01.2020", "box": [297, 1652, 450, 1689]}], "linking": [[]], "id": 89}, {"box": [459, 1653, 472, 1690], "text": "/", "label": "answer", "words": [{"text": "/", "box": [459, 1653, 472, 1690]}], "linking": [[]], "id": 90}, {"box": [481, 1653, 566, 1689], "text": "14:57", "label": "answer", "words": [{"text": "14:57", "box": [481, 1653, 566, 1689]}], "linking": [[]], "id": 91}, {"box": [663, 1654, 736, 1690], "text": "City:", "label": "question", "words": [{"text": "City:", "box": [663, 1654, 736, 1690]}], "linking": [[]], "id": 92}, {"box": [744, 1655, 1067, 1689], "text": "Gateshead/Newcastle", "label": "answer", "words": [{"text": "Gateshead/Newcastle", "box": [744, 1655, 1067, 1689]}], "linking": [[]], "id": 93}, {"box": [1929, 1655, 2026, 1681], "text": "PEUGE", "label": "answer", "words": [{"text": "PEUGE", "box": [1929, 1655, 2026, 1681]}], "linking": [[]], "id": 94}, {"box": [2038, 1654, 2102, 1681], "text": "3008", "label": "answer", "words": [{"text": "3008", "box": [2038, 1654, 2102, 1681]}], "linking": [[]], "id": 95}, {"box": [2108, 1655, 2165, 1681], "text": "UTL", "label": "answer", "words": [{"text": "UTL", "box": [2108, 1655, 2165, 1681]}], "linking": [[]], "id": 96}, {"box": [2172, 1655, 2231, 1682], "text": "PET", "label": "answer", "words": [{"text": "PET", "box": [2172, 1655, 2231, 1682]}], "linking": [[]], "id": 97}, {"box": [2238, 1655, 2298, 1682], "text": "MAN", "label": "answer", "words": [{"text": "MAN", "box": [2238, 1655, 2298, 1682]}], "linking": [[]], "id": 98}, {"box": [295, 1705, 348, 1734], "text": "ml:", "label": "question", "words": [{"text": "ml:", "box": [295, 1705, 348, 1734]}], "linking": [[]], "id": 99}, {"box": [371, 1707, 425, 1735], "text": "436", "label": "answer", "words": [{"text": "436", "box": [371, 1707, 425, 1735]}], "linking": [[]], "id": 100}, {"box": [1689, 1714, 1779, 1744], "text": "Group:", "label": "question", "words": [{"text": "Group:", "box": [1689, 1714, 1779, 1744]}], "linking": [[]], "id": 101}, {"box": [1928, 1711, 2013, 1743], "text": "CCMR", "label": "answer", "words": [{"text": "CCMR", "box": [1928, 1711, 2013, 1743]}], "linking": [[]], "id": 102}, {"box": [2021, 1713, 2173, 1743], "text": "GBACC000", "label": "answer", "words": [{"text": "GBACC000", "box": [2021, 1713, 2173, 1743]}], "linking": [[]], "id": 103}, {"box": [2181, 1712, 2365, 1744], "text": "CORPORATE", "label": "answer", "words": [{"text": "CORPORATE", "box": [2181, 1712, 2365, 1744]}], "linking": [[]], "id": 104}, {"box": [2372, 1711, 2451, 1745], "text": "RATE", "label": "answer", "words": [{"text": "RATE", "box": [2372, 1711, 2451, 1745]}], "linking": [[]], "id": 105}, {"box": [300, 1779, 386, 1813], "text": "Rental", "label": "question", "words": [{"text": "Rental", "box": [300, 1779, 386, 1813]}], "linking": [[]], "id": 106}, {"box": [392, 1780, 464, 1815], "text": "days", "label": "question", "words": [{"text": "days", "box": [392, 1780, 464, 1815]}], "linking": [[]], "id": 107}, {"box": [1688, 1756, 1763, 1782], "text": "Order", "label": "question", "words": [{"text": "Order", "box": [1688, 1756, 1763, 1782]}], "linking": [[]], "id": 108}, {"box": [1768, 1757, 1812, 1782], "text": "no:", "label": "question", "words": [{"text": "no:", "box": [1768, 1757, 1812, 1782]}], "linking": [[]], "id": 109}, {"box": [955, 1785, 971, 1813], "text": "5", "label": "answer", "words": [{"text": "5", "box": [955, 1785, 971, 1813]}], "linking": [[]], "id": 110}, {"box": [1110, 1779, 1192, 1809], "text": "31.23", "label": "answer", "words": [{"text": "31.23", "box": [1110, 1779, 1192, 1809]}], "linking": [[]], "id": 111}, {"box": [1304, 1779, 1399, 1814], "text": "156.15", "label": "answer", "words": [{"text": "156.15", "box": [1304, 1779, 1399, 1814]}], "linking": [[]], "id": 112}, {"box": [1414, 1780, 1483, 1811], "text": "GBP", "label": "answer", "words": [{"text": "GBP", "box": [1414, 1780, 1483, 1811]}], "linking": [[]], "id": 113}, {"box": [1544, 1784, 1581, 1815], "text": "A1", "label": "answer", "words": [{"text": "A1", "box": [1544, 1784, 1581, 1815]}], "linking": [[]], "id": 114}, {"box": [1691, 1790, 1783, 1816], "text": "Second", "label": "question", "words": [{"text": "Second", "box": [1691, 1790, 1783, 1816]}], "linking": [[]], "id": 115}, {"box": [1792, 1790, 1871, 1817], "text": "Order", "label": "question", "words": [{"text": "Order", "box": [1792, 1790, 1871, 1817]}], "linking": [[]], "id": 116}, {"box": [1876, 1790, 1888, 1817], "text": ":", "label": "question", "words": [{"text": ":", "box": [1876, 1790, 1888, 1817]}], "linking": [[]], "id": 117}, {"box": [301, 1819, 343, 1853], "text": "Mis", "label": "question", "words": [{"text": "Mis", "box": [301, 1819, 343, 1853]}], "linking": [[]], "id": 118}, {"box": [351, 1821, 483, 1855], "text": "inclusive", "label": "question", "words": [{"text": "inclusive", "box": [351, 1821, 483, 1855]}], "linking": [[]], "id": 119}, {"box": [920, 1821, 964, 1850], "text": "427", "label": "answer", "words": [{"text": "427", "box": [920, 1821, 964, 1850]}], "linking": [[]], "id": 120}, {"box": [1689, 1823, 1755, 1850], "text": "Third", "label": "question", "words": [{"text": "Third", "box": [1689, 1823, 1755, 1850]}], "linking": [[]], "id": 121}, {"box": [1761, 1824, 1849, 1851], "text": "Order:", "label": "question", "words": [{"text": "Order:", "box": [1761, 1824, 1849, 1851]}], "linking": [[]], "id": 122}, {"box": [300, 1861, 436, 1898], "text": "Collection", "label": "question", "words": [{"text": "Collection", "box": [300, 1861, 436, 1898]}], "linking": [[]], "id": 123}, {"box": [1127, 1864, 1188, 1894], "text": "5.00", "label": "answer", "words": [{"text": "5.00", "box": [1127, 1864, 1188, 1894]}], "linking": [[]], "id": 124}, {"box": [1350, 1863, 1397, 1895], "text": "5.00", "label": "answer", "words": [{"text": "5.00", "box": [1350, 1863, 1397, 1895]}], "linking": [[]], "id": 125}, {"box": [1414, 1865, 1482, 1896], "text": "GBP", "label": "answer", "words": [{"text": "GBP", "box": [1414, 1865, 1482, 1896]}], "linking": [[]], "id": 126}, {"box": [1544, 1870, 1585, 1905], "text": "A1", "label": "answer", "words": [{"text": "A1", "box": [1544, 1870, 1585, 1905]}], "linking": [[]], "id": 127}, {"box": [1688, 1857, 1770, 1885], "text": "Costc.", "label": "question", "words": [{"text": "Costc.", "box": [1688, 1857, 1770, 1885]}], "linking": [[]], "id": 128}, {"box": [1776, 1857, 1811, 1886], "text": "Cu", "label": "question", "words": [{"text": "Cu", "box": [1776, 1857, 1811, 1886]}], "linking": [[]], "id": 129}, {"box": [1817, 1858, 1834, 1886], "text": ".:", "label": "question", "words": [{"text": ".:", "box": [1817, 1858, 1834, 1886]}], "linking": [[]], "id": 130}, {"box": [295, 1903, 412, 1935], "text": "Delivery", "label": "question", "words": [{"text": "Delivery", "box": [295, 1903, 412, 1935]}], "linking": [[]], "id": 131}, {"box": [955, 1910, 967, 1931], "text": "1", "label": "answer", "words": [{"text": "1", "box": [955, 1910, 967, 1931]}], "linking": [[]], "id": 132}, {"box": [1127, 1904, 1187, 1935], "text": "5.00", "label": "answer", "words": [{"text": "5.00", "box": [1127, 1904, 1187, 1935]}], "linking": [[]], "id": 133}, {"box": [1337, 1905, 1400, 1938], "text": "5.00", "label": "answer", "words": [{"text": "5.00", "box": [1337, 1905, 1400, 1938]}], "linking": [[]], "id": 134}, {"box": [1411, 1905, 1483, 1936], "text": "GBP", "label": "answer", "words": [{"text": "GBP", "box": [1411, 1905, 1483, 1936]}], "linking": [[]], "id": 135}, {"box": [1543, 1902, 1585, 1947], "text": "A1", "label": "answer", "words": [{"text": "A1", "box": [1543, 1902, 1585, 1947]}], "linking": [[]], "id": 136}, {"box": [1689, 1893, 1805, 1919], "text": "Payment", "label": "question", "words": [{"text": "Payment", "box": [1689, 1893, 1805, 1919]}], "linking": [[]], "id": 137}, {"box": [1926, 1891, 1965, 1918], "text": "AE", "label": "question", "words": [{"text": "AE", "box": [1926, 1891, 1965, 1918]}], "linking": [[]], "id": 138}, {"box": [1974, 1888, 2103, 1917], "text": "************", "label": "answer", "words": [{"text": "************", "box": [1974, 1888, 2103, 1917]}], "linking": [[]], "id": 139}, {"box": [2110, 1887, 2157, 1920], "text": "006", "label": "answer", "words": [{"text": "006", "box": [2110, 1887, 2157, 1920]}], "linking": [[]], "id": 140}, {"box": [297, 1943, 428, 1979], "text": "Flexi-Late", "label": "question", "words": [{"text": "Flexi-Late", "box": [297, 1943, 428, 1979]}], "linking": [[]], "id": 141}, {"box": [438, 1945, 542, 1980], "text": "Return", "label": "question", "words": [{"text": "Return", "box": [438, 1945, 542, 1980]}], "linking": [[]], "id": 142}, {"box": [1115, 1945, 1186, 1977], "text": "10.00", "label": "answer", "words": [{"text": "10.00", "box": [1115, 1945, 1186, 1977]}], "linking": [[]], "id": 143}, {"box": [1326, 1945, 1401, 1979], "text": "10.00", "label": "answer", "words": [{"text": "10.00", "box": [1326, 1945, 1401, 1979]}], "linking": [[]], "id": 144}, {"box": [1413, 1945, 1484, 1978], "text": "GBP", "label": "answer", "words": [{"text": "GBP", "box": [1413, 1945, 1484, 1978]}], "linking": [[]], "id": 145}, {"box": [1544, 1943, 1578, 1985], "text": "A1", "label": "answer", "words": [{"text": "A1", "box": [1544, 1943, 1578, 1985]}], "linking": [[]], "id": 146}, {"box": [1689, 1926, 1738, 1954], "text": "Res", "label": "question", "words": [{"text": "Res", "box": [1689, 1926, 1738, 1954]}], "linking": [[]], "id": 147}, {"box": [1744, 1926, 1794, 1953], "text": "No.", "label": "question", "words": [{"text": "No.", "box": [1744, 1926, 1794, 1953]}], "linking": [[]], "id": 148}, {"box": [1928, 1924, 2091, 1955], "text": "9897508118", "label": "answer", "words": [{"text": "9897508118", "box": [1928, 1924, 2091, 1955]}], "linking": [[]], "id": 149}, {"box": [300, 1984, 367, 2022], "text": "Road", "label": "question", "words": [{"text": "Road", "box": [300, 1984, 367, 2022]}], "linking": [[]], "id": 150}, {"box": [375, 1985, 427, 2023], "text": "tax,", "label": "question", "words": [{"text": "tax,", "box": [375, 1985, 427, 2023]}], "linking": [[]], "id": 151}, {"box": [435, 1985, 498, 2022], "text": "RFL", "label": "question", "words": [{"text": "RFL", "box": [435, 1985, 498, 2022]}], "linking": [[]], "id": 152}, {"box": [1128, 1985, 1192, 2019], "text": "2.00", "label": "answer", "words": [{"text": "2.00", "box": [1128, 1985, 1192, 2019]}], "linking": [[]], "id": 153}, {"box": [1321, 1989, 1399, 2022], "text": "10.00", "label": "answer", "words": [{"text": "10.00", "box": [1321, 1989, 1399, 2022]}], "linking": [[]], "id": 154}, {"box": [1412, 1987, 1483, 2020], "text": "GBP", "label": "answer", "words": [{"text": "GBP", "box": [1412, 1987, 1483, 2020]}], "linking": [[]], "id": 155}, {"box": [1544, 1984, 1584, 2026], "text": "A1", "label": "answer", "words": [{"text": "A1", "box": [1544, 1984, 1584, 2026]}], "linking": [[]], "id": 156}, {"box": [299, 2025, 442, 2062], "text": "Navigation", "label": "question", "words": [{"text": "Navigation", "box": [299, 2025, 442, 2062]}], "linking": [[]], "id": 157}, {"box": [450, 2028, 552, 2063], "text": "System", "label": "question", "words": [{"text": "System", "box": [450, 2028, 552, 2063]}], "linking": [[]], "id": 158}, {"box": [565, 2028, 715, 2059], "text": "guarantee", "label": "question", "words": [{"text": "guarantee", "box": [565, 2028, 715, 2059]}], "linking": [[]], "id": 159}, {"box": [952, 2026, 967, 2051], "text": "5", "label": "answer", "words": [{"text": "5", "box": [952, 2026, 967, 2051]}], "linking": [[]], "id": 160}, {"box": [964, 1998, 973, 2020], "text": "C", "label": "answer", "words": [{"text": "C", "box": [964, 1998, 973, 2020]}], "linking": [[]], "id": 161}, {"box": [1126, 2025, 1186, 2055], "text": "6.50", "label": "answer", "words": [{"text": "6.50", "box": [1126, 2025, 1186, 2055]}], "linking": [[]], "id": 162}, {"box": [1324, 2028, 1398, 2060], "text": "32.50", "label": "answer", "words": [{"text": "32.50", "box": [1324, 2028, 1398, 2060]}], "linking": [[]], "id": 163}, {"box": [1414, 2028, 1482, 2058], "text": "GBP", "label": "answer", "words": [{"text": "GBP", "box": [1414, 2028, 1482, 2058]}], "linking": [[]], "id": 164}, {"box": [1544, 2020, 1579, 2058], "text": "A1", "label": "answer", "words": [{"text": "A1", "box": [1544, 2020, 1579, 2058]}], "linking": [[]], "id": 165}, {"box": [297, 2092, 422, 2127], "text": "Subtotal", "label": "question", "words": [{"text": "Subtotal", "box": [297, 2092, 422, 2127]}], "linking": [[]], "id": 166}, {"box": [1316, 2092, 1411, 2127], "text": "218.65", "label": "answer", "words": [{"text": "218.65", "box": [1316, 2092, 1411, 2127]}], "linking": [[]], "id": 167}, {"box": [1425, 2092, 1493, 2128], "text": "GBP", "label": "answer", "words": [{"text": "GBP", "box": [1425, 2092, 1493, 2128]}], "linking": [[]], "id": 168}, {"box": [293, 2140, 334, 2172], "text": "A1", "label": "question", "words": [{"text": "A1", "box": [293, 2140, 334, 2172]}], "linking": [[]], "id": 169}, {"box": [342, 2141, 406, 2172], "text": "VAT", "label": "question", "words": [{"text": "VAT", "box": [342, 2141, 406, 2172]}], "linking": [[]], "id": 170}, {"box": [416, 2140, 526, 2174], "text": "20,00%", "label": "question", "words": [{"text": "20,00%", "box": [416, 2140, 526, 2174]}], "linking": [[]], "id": 171}, {"box": [1329, 2143, 1406, 2174], "text": "43.73", "label": "answer", "words": [{"text": "43.73", "box": [1329, 2143, 1406, 2174]}], "linking": [[]], "id": 172}, {"box": [1424, 2142, 1490, 2172], "text": "GBP", "label": "answer", "words": [{"text": "GBP", "box": [1424, 2142, 1490, 2172]}], "linking": [[]], "id": 173}, {"box": [296, 2191, 373, 2216], "text": "Total", "label": "question", "words": [{"text": "Total", "box": [296, 2191, 373, 2216]}], "linking": [[]], "id": 174}, {"box": [1313, 2191, 1409, 2223], "text": "262.38", "label": "answer", "words": [{"text": "262.38", "box": [1313, 2191, 1409, 2223]}], "linking": [[]], "id": 175}, {"box": [1425, 2192, 1494, 2220], "text": "GBP", "label": "answer", "words": [{"text": "GBP", "box": [1425, 2192, 1494, 2220]}], "linking": [[]], "id": 176}, {"box": [292, 2244, 367, 2279], "text": "Final", "label": "question", "words": [{"text": "Final", "box": [292, 2244, 367, 2279]}], "linking": [[]], "id": 177}, {"box": [376, 2247, 500, 2280], "text": "amount", "label": "question", "words": [{"text": "amount", "box": [376, 2247, 500, 2280]}], "linking": [[]], "id": 178}, {"box": [1312, 2246, 1409, 2279], "text": "262.38", "label": "answer", "words": [{"text": "262.38", "box": [1312, 2246, 1409, 2279]}], "linking": [[]], "id": 179}, {"box": [1425, 2246, 1493, 2280], "text": "GBP", "label": "answer", "words": [{"text": "GBP", "box": [1425, 2246, 1493, 2280]}], "linking": [[]], "id": 180}, {"box": [260, 2308, 346, 2345], "text": "Thank", "label": "question", "words": [{"text": "Thank", "box": [260, 2308, 346, 2345]}], "linking": [[]], "id": 181}, {"box": [355, 2309, 404, 2346], "text": "you", "label": "question", "words": [{"text": "you", "box": [355, 2309, 404, 2346]}], "linking": [[]], "id": 182}, {"box": [413, 2309, 453, 2346], "text": "for", "label": "question", "words": [{"text": "for", "box": [413, 2309, 453, 2346]}], "linking": [[]], "id": 183}, {"box": [462, 2309, 575, 2346], "text": "booking", "label": "question", "words": [{"text": "booking", "box": [462, 2309, 575, 2346]}], "linking": [[]], "id": 184}, {"box": [583, 2309, 636, 2345], "text": "Sixt", "label": "question", "words": [{"text": "Sixt", "box": [583, 2309, 636, 2345]}], "linking": [[]], "id": 185}, {"box": [644, 2309, 653, 2344], "text": "!", "label": "question", "words": [{"text": "!", "box": [644, 2309, 653, 2344]}], "linking": [[]], "id": 186}, {"box": [262, 2349, 311, 2386], "text": "The", "label": "answer", "words": [{"text": "The", "box": [262, 2349, 311, 2386]}], "linking": [[]], "id": 187}, {"box": [320, 2350, 422, 2385], "text": "service", "label": "question", "words": [{"text": "service", "box": [320, 2350, 422, 2385]}], "linking": [[]], "id": 188}, {"box": [431, 2350, 482, 2386], "text": "has", "label": "question", "words": [{"text": "has", "box": [431, 2350, 482, 2386]}], "linking": [[]], "id": 189}, {"box": [491, 2350, 562, 2386], "text": "been", "label": "question", "words": [{"text": "been", "box": [491, 2350, 562, 2386]}], "linking": [[]], "id": 190}, {"box": [570, 2350, 699, 2386], "text": "rendered", "label": "answer", "words": [{"text": "rendered", "box": [570, 2350, 699, 2386]}], "linking": [[]], "id": 191}, {"box": [708, 2350, 827, 2386], "text": "between", "label": "answer", "words": [{"text": "between", "box": [708, 2350, 827, 2386]}], "linking": [[]], "id": 192}, {"box": [836, 2350, 921, 2386], "text": "check", "label": "answer", "words": [{"text": "check", "box": [836, 2350, 921, 2386]}], "linking": [[]], "id": 193}, {"box": [930, 2350, 975, 2386], "text": "out", "label": "answer", "words": [{"text": "out", "box": [930, 2350, 975, 2386]}], "linking": [[]], "id": 194}, {"box": [983, 2350, 1045, 2386], "text": "date", "label": "answer", "words": [{"text": "date", "box": [983, 2350, 1045, 2386]}], "linking": [[]], "id": 195}, {"box": [1053, 2350, 1107, 2386], "text": "and", "label": "answer", "words": [{"text": "and", "box": [1053, 2350, 1107, 2386]}], "linking": [[]], "id": 196}, {"box": [1116, 2350, 1199, 2386], "text": "check", "label": "answer", "words": [{"text": "check", "box": [1116, 2350, 1199, 2386]}], "linking": [[]], "id": 197}, {"box": [1207, 2351, 1233, 2386], "text": "in", "label": "answer", "words": [{"text": "in", "box": [1207, 2351, 1233, 2386]}], "linking": [[]], "id": 198}, {"box": [1241, 2352, 1313, 2387], "text": "date.", "label": "answer", "words": [{"text": "date.", "box": [1241, 2352, 1313, 2387]}], "linking": [[]], "id": 199}, {"box": [266, 2392, 337, 2428], "text": "Since", "label": "question", "words": [{"text": "Since", "box": [266, 2392, 337, 2428]}], "linking": [[]], "id": 200}, {"box": [345, 2393, 406, 2429], "text": "your", "label": "question", "words": [{"text": "your", "box": [345, 2393, 406, 2429]}], "linking": [[]], "id": 201}, {"box": [414, 2392, 493, 2429], "text": "plans", "label": "question", "words": [{"text": "plans", "box": [414, 2392, 493, 2429]}], "linking": [[]], "id": 202}, {"box": [501, 2392, 570, 2429], "text": "have", "label": "answer", "words": [{"text": "have", "box": [501, 2392, 570, 2429]}], "linking": [[]], "id": 203}, {"box": [577, 2392, 709, 2429], "text": "changed,", "label": "answer", "words": [{"text": "changed,", "box": [577, 2392, 709, 2429]}], "linking": [[]], "id": 204}, {"box": [717, 2392, 765, 2429], "text": "the", "label": "answer", "words": [{"text": "the", "box": [717, 2392, 765, 2429]}], "linking": [[]], "id": 205}, {"box": [772, 2392, 835, 2429], "text": "final", "label": "question", "words": [{"text": "final", "box": [772, 2392, 835, 2429]}], "linking": [[]], "id": 206}, {"box": [842, 2392, 916, 2429], "text": "billed", "label": "question", "words": [{"text": "billed", "box": [842, 2392, 916, 2429]}], "linking": [[]], "id": 207}, {"box": [923, 2392, 1032, 2429], "text": "amount", "label": "question", "words": [{"text": "amount", "box": [923, 2392, 1032, 2429]}], "linking": [[]], "id": 208}, {"box": [1039, 2392, 1092, 2429], "text": "can", "label": "answer", "words": [{"text": "can", "box": [1039, 2392, 1092, 2429]}], "linking": [[]], "id": 209}, {"box": [1099, 2392, 1159, 2429], "text": "vary", "label": "answer", "words": [{"text": "vary", "box": [1099, 2392, 1159, 2429]}], "linking": [[]], "id": 210}, {"box": [1166, 2392, 1231, 2429], "text": "from", "label": "answer", "words": [{"text": "from", "box": [1166, 2392, 1231, 2429]}], "linking": [[]], "id": 211}, {"box": [1240, 2393, 1287, 2429], "text": "the", "label": "question", "words": [{"text": "the", "box": [1240, 2393, 1287, 2429]}], "linking": [[]], "id": 212}, {"box": [1293, 2393, 1368, 2430], "text": "initial", "label": "question", "words": [{"text": "initial", "box": [1293, 2393, 1368, 2430]}], "linking": [[]], "id": 213}, {"box": [1375, 2393, 1463, 2430], "text": "rental", "label": "question", "words": [{"text": "rental", "box": [1375, 2393, 1463, 2430]}], "linking": [[]], "id": 214}, {"box": [259, 2437, 345, 2466], "text": "price.", "label": "question", "words": [{"text": "price.", "box": [259, 2437, 345, 2466]}], "linking": [[]], "id": 215}, {"box": [260, 2474, 320, 2508], "text": "This", "label": "question", "words": [{"text": "This", "box": [260, 2474, 320, 2508]}], "linking": [[]], "id": 216}, {"box": [328, 2475, 434, 2508], "text": "amount", "label": "question", "words": [{"text": "amount", "box": [328, 2475, 434, 2508]}], "linking": [[]], "id": 217}, {"box": [442, 2474, 495, 2509], "text": "has", "label": "question", "words": [{"text": "has", "box": [442, 2474, 495, 2509]}], "linking": [[]], "id": 218}, {"box": [503, 2474, 574, 2509], "text": "been", "label": "question", "words": [{"text": "been", "box": [503, 2474, 574, 2509]}], "linking": [[]], "id": 219}, {"box": [582, 2474, 699, 2509], "text": "charged", "label": "question", "words": [{"text": "charged", "box": [582, 2474, 699, 2509]}], "linking": [[]], "id": 220}, {"box": [707, 2473, 734, 2509], "text": "to", "label": "question", "words": [{"text": "to", "box": [707, 2473, 734, 2509]}], "linking": [[]], "id": 221}, {"box": [742, 2473, 804, 2508], "text": "your", "label": "question", "words": [{"text": "your", "box": [742, 2473, 804, 2508]}], "linking": [[]], "id": 222}, {"box": [812, 2473, 949, 2508], "text": "American", "label": "answer", "words": [{"text": "American", "box": [812, 2473, 949, 2508]}], "linking": [[]], "id": 223}, {"box": [957, 2473, 1076, 2508], "text": "Express", "label": "answer", "words": [{"text": "Express", "box": [957, 2473, 1076, 2508]}], "linking": [[]], "id": 224}, {"box": [1084, 2473, 1217, 2507], "text": "Account.", "label": "answer", "words": [{"text": "Account.", "box": [1084, 2473, 1217, 2507]}], "linking": [[]], "id": 225}, {"box": [1224, 2474, 1285, 2507], "text": "This", "label": "answer", "words": [{"text": "This", "box": [1224, 2474, 1285, 2507]}], "linking": [[]], "id": 226}, {"box": [1292, 2474, 1317, 2508], "text": "is", "label": "answer", "words": [{"text": "is", "box": [1292, 2474, 1317, 2508]}], "linking": [[]], "id": 227}, {"box": [1325, 2474, 1372, 2508], "text": "not", "label": "other", "words": [{"text": "not", "box": [1325, 2474, 1372, 2508]}], "linking": [[]], "id": 228}, {"box": [1380, 2474, 1398, 2507], "text": "a", "label": "other", "words": [{"text": "a", "box": [1380, 2474, 1398, 2507]}], "linking": [[]], "id": 229}, {"box": [264, 2513, 377, 2547], "text": "payment", "label": "question", "words": [{"text": "payment", "box": [264, 2513, 377, 2547]}], "linking": [[]], "id": 230}, {"box": [383, 2511, 508, 2547], "text": "request.", "label": "other", "words": [{"text": "request.", "box": [383, 2511, 508, 2547]}], "linking": [[]], "id": 231}, {"box": [514, 2510, 575, 2546], "text": "This", "label": "other", "words": [{"text": "This", "box": [514, 2510, 575, 2546]}], "linking": [[]], "id": 232}, {"box": [581, 2510, 608, 2546], "text": "is", "label": "other", "words": [{"text": "is", "box": [581, 2510, 608, 2546]}], "linking": [[]], "id": 233}, {"box": [615, 2510, 661, 2546], "text": "the", "label": "other", "words": [{"text": "the", "box": [615, 2510, 661, 2546]}], "linking": [[]], "id": 234}, {"box": [667, 2510, 768, 2546], "text": "invoice", "label": "other", "words": [{"text": "invoice", "box": [667, 2510, 768, 2546]}], "linking": [[]], "id": 235}, {"box": [775, 2510, 816, 2546], "text": "for", "label": "other", "words": [{"text": "for", "box": [775, 2510, 816, 2546]}], "linking": [[]], "id": 236}, {"box": [823, 2510, 885, 2546], "text": "your", "label": "other", "words": [{"text": "your", "box": [823, 2510, 885, 2546]}], "linking": [[]], "id": 237}, {"box": [892, 2511, 1009, 2547], "text": "records.", "label": "other", "words": [{"text": "records.", "box": [892, 2511, 1009, 2547]}], "linking": [[]], "id": 238}, {"box": [260, 2589, 332, 2624], "text": "email", "label": "other", "words": [{"text": "email", "box": [260, 2589, 332, 2624]}], "linking": [[]], "id": 239}, {"box": [340, 2591, 781, 2623], "text": "customer-service-uk@sixt.com", "label": "other", "words": [{"text": "customer-service-uk@sixt.com", "box": [340, 2591, 781, 2623]}], "linking": [[]], "id": 240}, {"box": [261, 2619, 313, 2654], "text": "Tel:", "label": "question", "words": [{"text": "Tel:", "box": [261, 2619, 313, 2654]}], "linking": [[]], "id": 241}, {"box": [321, 2621, 376, 2654], "text": "+44", "label": "answer", "words": [{"text": "+44", "box": [321, 2621, 376, 2654]}], "linking": [[]], "id": 242}, {"box": [384, 2622, 434, 2655], "text": "207", "label": "other", "words": [{"text": "207", "box": [384, 2622, 434, 2655]}], "linking": [[]], "id": 243}, {"box": [442, 2623, 586, 2656], "text": "0188247*", "label": "other", "words": [{"text": "0188247*", "box": [442, 2623, 586, 2656]}], "linking": [[]], "id": 244}, {"box": [593, 2624, 718, 2657], "text": "(Monday", "label": "other", "words": [{"text": "(Monday", "box": [593, 2624, 718, 2657]}], "linking": [[]], "id": 245}, {"box": [726, 2624, 735, 2657], "text": "-", "label": "answer", "words": [{"text": "-", "box": [726, 2624, 735, 2657]}], "linking": [[]], "id": 246}, {"box": [742, 2624, 835, 2658], "text": "Friday", "label": "other", "words": [{"text": "Friday", "box": [742, 2624, 835, 2658]}], "linking": [[]], "id": 247}, {"box": [842, 2624, 944, 2660], "text": "8:30am", "label": "other", "words": [{"text": "8:30am", "box": [842, 2624, 944, 2660]}], "linking": [[]], "id": 248}, {"box": [958, 2623, 972, 2661], "text": "-", "label": "other", "words": [{"text": "-", "box": [958, 2623, 972, 2661]}], "linking": [[]], "id": 249}, {"box": [979, 2623, 1059, 2662], "text": "5pm)", "label": "answer", "words": [{"text": "5pm)", "box": [979, 2623, 1059, 2662]}], "linking": [[]], "id": 250}, {"box": [262, 2660, 345, 2696], "text": "*(local", "label": "other", "words": [{"text": "*(local", "box": [262, 2660, 345, 2696]}], "linking": [[]], "id": 251}, {"box": [352, 2661, 423, 2697], "text": "rates", "label": "question", "words": [{"text": "rates", "box": [352, 2661, 423, 2697]}], "linking": [[]], "id": 252}, {"box": [430, 2661, 482, 2698], "text": "will", "label": "question", "words": [{"text": "will", "box": [430, 2661, 482, 2698]}], "linking": [[]], "id": 253}, {"box": [489, 2661, 565, 2698], "text": "apply", "label": "question", "words": [{"text": "apply", "box": [489, 2661, 565, 2698]}], "linking": [[]], "id": 254}, {"box": [572, 2662, 625, 2698], "text": "and", "label": "question", "words": [{"text": "and", "box": [572, 2662, 625, 2698]}], "linking": [[]], "id": 255}, {"box": [632, 2662, 729, 2699], "text": "mobile", "label": "question", "words": [{"text": "mobile", "box": [632, 2662, 729, 2699]}], "linking": [[]], "id": 256}, {"box": [736, 2663, 852, 2700], "text": "charges", "label": "question", "words": [{"text": "charges", "box": [736, 2663, 852, 2700]}], "linking": [[]], "id": 257}, {"box": [860, 2663, 921, 2700], "text": "may", "label": "question", "words": [{"text": "may", "box": [860, 2663, 921, 2700]}], "linking": [[]], "id": 258}, {"box": [929, 2664, 1007, 2700], "text": "vary)", "label": "question", "words": [{"text": "vary)", "box": [929, 2664, 1007, 2700]}], "linking": [[]], "id": 259}, {"box": [258, 2735, 350, 2765], "text": "Branch", "label": "question", "words": [{"text": "Branch", "box": [258, 2735, 350, 2765]}], "linking": [[]], "id": 260}, {"box": [555, 2734, 622, 2765], "text": "Date", "label": "question", "words": [{"text": "Date", "box": [555, 2734, 622, 2765]}], "linking": [[]], "id": 261}, {"box": [725, 2736, 790, 2764], "text": "Time", "label": "question", "words": [{"text": "Time", "box": [725, 2736, 790, 2764]}], "linking": [[]], "id": 262}, {"box": [838, 2738, 906, 2764], "text": "Is/out", "label": "question", "words": [{"text": "Is/out", "box": [838, 2738, 906, 2764]}], "linking": [[]], "id": 263}, {"box": [995, 2738, 1072, 2765], "text": "mls/in", "label": "question", "words": [{"text": "mls/in", "box": [995, 2738, 1072, 2765]}], "linking": [[]], "id": 264}, {"box": [1122, 2739, 1175, 2764], "text": "mls", "label": "question", "words": [{"text": "mls", "box": [1122, 2739, 1175, 2764]}], "linking": [[]], "id": 265}, {"box": [1354, 2737, 1424, 2765], "text": "Plate", "label": "question", "words": [{"text": "Plate", "box": [1354, 2737, 1424, 2765]}], "linking": [[]], "id": 266}, {"box": [1537, 2736, 1599, 2765], "text": "CO2", "label": "question", "words": [{"text": "CO2", "box": [1537, 2736, 1599, 2765]}], "linking": [[]], "id": 267}, {"box": [1631, 2736, 1705, 2763], "text": "GLP*", "label": "question", "words": [{"text": "GLP*", "box": [1631, 2736, 1705, 2763]}], "linking": [[]], "id": 268}, {"box": [1469, 3017, 1509, 3149], "text": ".........", "label": "question", "words": [{"text": ".........", "box": [1469, 3017, 1509, 3149]}], "linking": [[]], "id": 269}, {"box": [228, 3261, 583, 3395], "text": "SIXT", "label": "answer", "words": [{"text": "SIXT", "box": [228, 3261, 583, 3395]}], "linking": [[]], "id": 270}, {"box": [710, 3308, 844, 3341], "text": "Registered", "label": "question", "words": [{"text": "Registered", "box": [710, 3308, 844, 3341]}], "linking": [[]], "id": 271}, {"box": [852, 3309, 875, 3341], "text": "in", "label": "question", "words": [{"text": "in", "box": [852, 3309, 875, 3341]}], "linking": [[]], "id": 272}, {"box": [883, 3309, 997, 3341], "text": "England.", "label": "other", "words": [{"text": "England.", "box": [883, 3309, 997, 3341]}], "linking": [[]], "id": 273}, {"box": [1005, 3309, 1130, 3341], "text": "Company", "label": "question", "words": [{"text": "Company", "box": [1005, 3309, 1130, 3341]}], "linking": [[]], "id": 274}, {"box": [1137, 3309, 1221, 3341], "text": "House", "label": "question", "words": [{"text": "House", "box": [1137, 3309, 1221, 3341]}], "linking": [[]], "id": 275}, {"box": [1227, 3310, 1371, 3341], "text": "Registered", "label": "question", "words": [{"text": "Registered", "box": [1227, 3310, 1371, 3341]}], "linking": [[]], "id": 276}, {"box": [1377, 3309, 1491, 3342], "text": "Number:", "label": "question", "words": [{"text": "Number:", "box": [1377, 3309, 1491, 3342]}], "linking": [[]], "id": 277}, {"box": [1496, 3307, 1604, 3342], "text": "440897.", "label": "answer", "words": [{"text": "440897.", "box": [1496, 3307, 1604, 3342]}], "linking": [[]], "id": 278}, {"box": [708, 3341, 757, 3375], "text": "VAT", "label": "question", "words": [{"text": "VAT", "box": [708, 3341, 757, 3375]}], "linking": [[]], "id": 279}, {"box": [766, 3341, 925, 3375], "text": "Registration", "label": "question", "words": [{"text": "Registration", "box": [766, 3341, 925, 3375]}], "linking": [[]], "id": 280}, {"box": [932, 3342, 966, 3375], "text": "No", "label": "question", "words": [{"text": "No", "box": [932, 3342, 966, 3375]}], "linking": [[]], "id": 281}, {"box": [972, 3342, 986, 3375], "text": ".:", "label": "question", "words": [{"text": ".:", "box": [972, 3342, 986, 3375]}], "linking": [[]], "id": 282}, {"box": [993, 3342, 1086, 3375], "text": "GB646", "label": "answer", "words": [{"text": "GB646", "box": [993, 3342, 1086, 3375]}], "linking": [[]], "id": 283}, {"box": [1091, 3342, 1156, 3375], "text": "9183", "label": "answer", "words": [{"text": "9183", "box": [1091, 3342, 1156, 3375]}], "linking": [[]], "id": 284}, {"box": [1161, 3342, 1211, 3374], "text": "03.", "label": "answer", "words": [{"text": "03.", "box": [1161, 3342, 1211, 3374]}], "linking": [[]], "id": 285}]}