{"form": [{"box": [2280, 121, 2432, 259], "text": "O2", "label": "other", "words": [{"text": "O2", "box": [2280, 121, 2432, 259]}], "linking": [[]], "id": 0}, {"box": [997, 233, 1133, 297], "text": "Copy", "label": "header", "words": [{"text": "Copy", "box": [997, 233, 1133, 297]}], "linking": [[]], "id": 1}, {"box": [1147, 230, 1232, 294], "text": "Bill", "label": "header", "words": [{"text": "Bill", "box": [1147, 230, 1232, 294]}], "linking": [[]], "id": 2}, {"box": [188, 537, 370, 582], "text": "catherine", "label": "answer", "words": [{"text": "catherine", "box": [188, 537, 370, 582]}], "linking": [[]], "id": 3}, {"box": [378, 536, 557, 586], "text": "donaghy", "label": "answer", "words": [{"text": "donaghy", "box": [378, 536, 557, 586]}], "linking": [[]], "id": 4}, {"box": [1333, 538, 1478, 576], "text": "Account", "label": "question", "words": [{"text": "Account", "box": [1333, 538, 1478, 576]}], "linking": [[]], "id": 5}, {"box": [1487, 537, 1630, 575], "text": "number", "label": "question", "words": [{"text": "number", "box": [1487, 537, 1630, 575]}], "linking": [[]], "id": 6}, {"box": [1988, 533, 2210, 578], "text": "1006723302", "label": "answer", "words": [{"text": "1006723302", "box": [1988, 533, 2210, 578]}], "linking": [[]], "id": 7}, {"box": [192, 588, 232, 627], "text": "34", "label": "answer", "words": [{"text": "34", "box": [192, 588, 232, 627]}], "linking": [[]], "id": 8}, {"box": [1332, 583, 1446, 627], "text": "Mobile", "label": "question", "words": [{"text": "Mobile", "box": [1332, 583, 1446, 627]}], "linking": [[]], "id": 9}, {"box": [1456, 586, 1605, 625], "text": "number", "label": "question", "words": [{"text": "number", "box": [1456, 586, 1605, 625]}], "linking": [[]], "id": 10}, {"box": [1959, 582, 2210, 624], "text": "07708506849", "label": "answer", "words": [{"text": "07708506849", "box": [1959, 582, 2210, 624]}], "linking": [[]], "id": 11}, {"box": [189, 633, 441, 677], "text": "BRECANLEA", "label": "answer", "words": [{"text": "BRECANLEA", "box": [189, 633, 441, 677]}], "linking": [[]], "id": 12}, {"box": [1332, 635, 1382, 674], "text": "Bill", "label": "question", "words": [{"text": "Bill", "box": [1332, 635, 1382, 674]}], "linking": [[]], "id": 13}, {"box": [1390, 636, 1542, 672], "text": "number", "label": "question", "words": [{"text": "number", "box": [1390, 636, 1542, 672]}], "linking": [[]], "id": 14}, {"box": [1876, 631, 2204, 674], "text": "1006723302-0151", "label": "answer", "words": [{"text": "1006723302-0151", "box": [1876, 631, 2204, 674]}], "linking": [[]], "id": 15}, {"box": [190, 684, 360, 726], "text": "CLAUDY", "label": "answer", "words": [{"text": "CLAUDY", "box": [190, 684, 360, 726]}], "linking": [[]], "id": 16}, {"box": [1331, 683, 1382, 723], "text": "Bill", "label": "question", "words": [{"text": "Bill", "box": [1331, 683, 1382, 723]}], "linking": [[]], "id": 17}, {"box": [1390, 686, 1475, 724], "text": "date", "label": "question", "words": [{"text": "date", "box": [1390, 686, 1475, 724]}], "linking": [[]], "id": 18}, {"box": [2018, 682, 2059, 724], "text": "25", "label": "answer", "words": [{"text": "25", "box": [2018, 682, 2059, 724]}], "linking": [[]], "id": 19}, {"box": [2069, 683, 2152, 726], "text": "May", "label": "answer", "words": [{"text": "May", "box": [2069, 683, 2152, 726]}], "linking": [[]], "id": 20}, {"box": [2167, 683, 2211, 726], "text": "20", "label": "answer", "words": [{"text": "20", "box": [2167, 683, 2211, 726]}], "linking": [[]], "id": 21}, {"box": [187, 734, 511, 776], "text": "LONDONDERRY", "label": "answer", "words": [{"text": "LONDONDERRY", "box": [187, 734, 511, 776]}], "linking": [[]], "id": 22}, {"box": [191, 785, 583, 825], "text": "CO.LONDONDERRY", "label": "answer", "words": [{"text": "CO.LONDONDERRY", "box": [191, 785, 583, 825]}], "linking": [[]], "id": 23}, {"box": [190, 833, 366, 876], "text": "BT474BN", "label": "answer", "words": [{"text": "BT474BN", "box": [190, 833, 366, 876]}], "linking": [[]], "id": 24}, {"box": [191, 948, 264, 1024], "text": "At", "label": "header", "words": [{"text": "At", "box": [191, 948, 264, 1024]}], "linking": [[]], "id": 25}, {"box": [277, 949, 320, 1026], "text": "a", "label": "header", "words": [{"text": "a", "box": [277, 949, 320, 1026]}], "linking": [[]], "id": 26}, {"box": [340, 949, 581, 1026], "text": "glance", "label": "header", "words": [{"text": "glance", "box": [340, 949, 581, 1026]}], "linking": [[]], "id": 27}, {"box": [186, 1094, 244, 1138], "text": "My", "label": "question", "words": [{"text": "My", "box": [186, 1094, 244, 1138]}], "linking": [[]], "id": 28}, {"box": [251, 1093, 373, 1140], "text": "tariffs", "label": "question", "words": [{"text": "tariffs", "box": [251, 1093, 373, 1140]}], "linking": [[]], "id": 29}, {"box": [381, 1092, 396, 1140], "text": "-", "label": "question", "words": [{"text": "-", "box": [381, 1092, 396, 1140]}], "linking": [[]], "id": 30}, {"box": [404, 1092, 462, 1140], "text": "02", "label": "question", "words": [{"text": "02", "box": [404, 1092, 462, 1140]}], "linking": [[]], "id": 31}, {"box": [470, 1091, 629, 1142], "text": "Refresh", "label": "answer", "words": [{"text": "Refresh", "box": [470, 1091, 629, 1142]}], "linking": [[]], "id": 32}, {"box": [638, 1090, 832, 1143], "text": "Unlimited", "label": "answer", "words": [{"text": "Unlimited", "box": [638, 1090, 832, 1143]}], "linking": [[]], "id": 33}, {"box": [845, 1089, 947, 1142], "text": "15GB", "label": "answer", "words": [{"text": "15GB", "box": [845, 1089, 947, 1142]}], "linking": [[]], "id": 34}, {"box": [966, 1088, 980, 1142], "text": ":", "label": "answer", "words": [{"text": ":", "box": [966, 1088, 980, 1142]}], "linking": [[]], "id": 35}, {"box": [989, 1088, 1034, 1142], "text": "25", "label": "answer", "words": [{"text": "25", "box": [989, 1088, 1034, 1142]}], "linking": [[]], "id": 36}, {"box": [1044, 1088, 1131, 1142], "text": "May", "label": "answer", "words": [{"text": "May", "box": [1044, 1088, 1131, 1142]}], "linking": [[]], "id": 37}, {"box": [1142, 1088, 1189, 1142], "text": "20", "label": "answer", "words": [{"text": "20", "box": [1142, 1088, 1189, 1142]}], "linking": [[]], "id": 38}, {"box": [1200, 1087, 1219, 1142], "text": "-", "label": "answer", "words": [{"text": "-", "box": [1200, 1087, 1219, 1142]}], "linking": [[]], "id": 39}, {"box": [1384, 1092, 1484, 1132], "text": "21.05", "label": "answer", "words": [{"text": "21.05", "box": [1384, 1092, 1484, 1132]}], "linking": [[]], "id": 40}, {"box": [189, 1142, 232, 1188], "text": "24", "label": "answer", "words": [{"text": "24", "box": [189, 1142, 232, 1188]}], "linking": [[]], "id": 41}, {"box": [243, 1143, 317, 1188], "text": "Jun", "label": "answer", "words": [{"text": "Jun", "box": [243, 1143, 317, 1188]}], "linking": [[]], "id": 42}, {"box": [332, 1143, 377, 1188], "text": "20", "label": "answer", "words": [{"text": "20", "box": [332, 1143, 377, 1188]}], "linking": [[]], "id": 43}, {"box": [188, 1192, 239, 1238], "text": "My", "label": "question", "words": [{"text": "My", "box": [188, 1192, 239, 1238]}], "linking": [[]], "id": 44}, {"box": [253, 1193, 416, 1239], "text": "monthly", "label": "question", "words": [{"text": "monthly", "box": [253, 1193, 416, 1239]}], "linking": [[]], "id": 45}, {"box": [427, 1194, 555, 1237], "text": "extras", "label": "question", "words": [{"text": "extras", "box": [427, 1194, 555, 1237]}], "linking": [[]], "id": 46}, {"box": [1385, 1193, 1487, 1234], "text": "15.00", "label": "answer", "words": [{"text": "15.00", "box": [1385, 1193, 1487, 1234]}], "linking": [[]], "id": 47}, {"box": [189, 1240, 284, 1288], "text": "What", "label": "question", "words": [{"text": "What", "box": [189, 1240, 284, 1288]}], "linking": [[]], "id": 48}, {"box": [296, 1243, 366, 1288], "text": "I've", "label": "question", "words": [{"text": "I've", "box": [296, 1243, 366, 1288]}], "linking": [[]], "id": 49}, {"box": [377, 1244, 478, 1286], "text": "used", "label": "question", "words": [{"text": "used", "box": [377, 1244, 478, 1286]}], "linking": [[]], "id": 50}, {"box": [258, 1292, 268, 1335], "text": "\u00b7", "label": "question", "words": [{"text": "\u00b7", "box": [258, 1292, 268, 1335]}], "linking": [[]], "id": 51}, {"box": [277, 1292, 378, 1336], "text": "Calls", "label": "question", "words": [{"text": "Calls", "box": [277, 1292, 378, 1336]}], "linking": [[]], "id": 52}, {"box": [1415, 1294, 1487, 1334], "text": "0.00", "label": "answer", "words": [{"text": "0.00", "box": [1415, 1294, 1487, 1334]}], "linking": [[]], "id": 53}, {"box": [262, 1344, 268, 1387], "text": "\u00b7", "label": "question", "words": [{"text": "\u00b7", "box": [262, 1344, 268, 1387]}], "linking": [[]], "id": 54}, {"box": [278, 1344, 482, 1388], "text": "Messages", "label": "question", "words": [{"text": "Messages", "box": [278, 1344, 482, 1388]}], "linking": [[]], "id": 55}, {"box": [1406, 1343, 1486, 1386], "text": "5.13", "label": "answer", "words": [{"text": "5.13", "box": [1406, 1343, 1486, 1386]}], "linking": [[]], "id": 56}, {"box": [255, 1394, 269, 1436], "text": "\u00b7", "label": "question", "words": [{"text": "\u00b7", "box": [255, 1394, 269, 1436]}], "linking": [[]], "id": 57}, {"box": [279, 1394, 412, 1437], "text": "Mobile", "label": "question", "words": [{"text": "Mobile", "box": [279, 1394, 412, 1437]}], "linking": [[]], "id": 58}, {"box": [422, 1394, 577, 1439], "text": "internet", "label": "question", "words": [{"text": "internet", "box": [422, 1394, 577, 1439]}], "linking": [[]], "id": 59}, {"box": [587, 1395, 772, 1440], "text": "browsing", "label": "question", "words": [{"text": "browsing", "box": [587, 1395, 772, 1440]}], "linking": [[]], "id": 60}, {"box": [785, 1394, 857, 1440], "text": "and", "label": "question", "words": [{"text": "and", "box": [785, 1394, 857, 1440]}], "linking": [[]], "id": 61}, {"box": [870, 1393, 1091, 1440], "text": "downloads", "label": "question", "words": [{"text": "downloads", "box": [870, 1393, 1091, 1440]}], "linking": [[]], "id": 62}, {"box": [1415, 1394, 1487, 1434], "text": "0.00", "label": "answer", "words": [{"text": "0.00", "box": [1415, 1394, 1487, 1434]}], "linking": [[]], "id": 63}, {"box": [194, 1504, 284, 1546], "text": "Total", "label": "question", "words": [{"text": "Total", "box": [194, 1504, 284, 1546]}], "linking": [[]], "id": 64}, {"box": [293, 1503, 425, 1546], "text": "before", "label": "question", "words": [{"text": "before", "box": [293, 1503, 425, 1546]}], "linking": [[]], "id": 65}, {"box": [436, 1502, 518, 1546], "text": "VAT", "label": "question", "words": [{"text": "VAT", "box": [436, 1502, 518, 1546]}], "linking": [[]], "id": 66}, {"box": [1384, 1500, 1483, 1540], "text": "41.18", "label": "answer", "words": [{"text": "41.18", "box": [1384, 1500, 1483, 1540]}], "linking": [[]], "id": 67}, {"box": [191, 1551, 268, 1598], "text": "VAT", "label": "question", "words": [{"text": "VAT", "box": [191, 1551, 268, 1598]}], "linking": [[]], "id": 68}, {"box": [279, 1552, 304, 1597], "text": "@", "label": "question", "words": [{"text": "@", "box": [279, 1552, 304, 1597]}], "linking": [[]], "id": 69}, {"box": [331, 1553, 473, 1597], "text": "20.00%", "label": "question", "words": [{"text": "20.00%", "box": [331, 1553, 473, 1597]}], "linking": [[]], "id": 70}, {"box": [484, 1553, 534, 1596], "text": "on", "label": "question", "words": [{"text": "on", "box": [484, 1553, 534, 1596]}], "linking": [[]], "id": 71}, {"box": [545, 1553, 680, 1596], "text": "\u00a326.18", "label": "question", "words": [{"text": "\u00a326.18", "box": [545, 1553, 680, 1596]}], "linking": [[]], "id": 72}, {"box": [1407, 1554, 1473, 1592], "text": "5.23", "label": "answer", "words": [{"text": "5.23", "box": [1407, 1554, 1473, 1592]}], "linking": [[]], "id": 73}, {"box": [189, 1600, 268, 1647], "text": "VAT", "label": "question", "words": [{"text": "VAT", "box": [189, 1600, 268, 1647]}], "linking": [[]], "id": 74}, {"box": [279, 1602, 304, 1648], "text": "@", "label": "question", "words": [{"text": "@", "box": [279, 1602, 304, 1648]}], "linking": [[]], "id": 75}, {"box": [327, 1603, 449, 1648], "text": "0.00%", "label": "question", "words": [{"text": "0.00%", "box": [327, 1603, 449, 1648]}], "linking": [[]], "id": 76}, {"box": [460, 1604, 512, 1648], "text": "on", "label": "question", "words": [{"text": "on", "box": [460, 1604, 512, 1648]}], "linking": [[]], "id": 77}, {"box": [523, 1604, 655, 1647], "text": "\u00a315.00", "label": "question", "words": [{"text": "\u00a315.00", "box": [523, 1604, 655, 1647]}], "linking": [[]], "id": 78}, {"box": [1413, 1603, 1485, 1644], "text": "0.00", "label": "answer", "words": [{"text": "0.00", "box": [1413, 1603, 1485, 1644]}], "linking": [[]], "id": 79}, {"box": [190, 1712, 287, 1757], "text": "Total", "label": "question", "words": [{"text": "Total", "box": [190, 1712, 287, 1757]}], "linking": [[]], "id": 80}, {"box": [294, 1713, 371, 1758], "text": "new", "label": "question", "words": [{"text": "new", "box": [294, 1713, 371, 1758]}], "linking": [[]], "id": 81}, {"box": [388, 1714, 551, 1759], "text": "charges", "label": "question", "words": [{"text": "charges", "box": [388, 1714, 551, 1759]}], "linking": [[]], "id": 82}, {"box": [1385, 1713, 1485, 1752], "text": "46.41", "label": "answer", "words": [{"text": "46.41", "box": [1385, 1713, 1485, 1752]}], "linking": [[]], "id": 83}, {"box": [190, 1763, 363, 1809], "text": "Previous", "label": "question", "words": [{"text": "Previous", "box": [190, 1763, 363, 1809]}], "linking": [[]], "id": 84}, {"box": [371, 1763, 530, 1810], "text": "balance", "label": "question", "words": [{"text": "balance", "box": [371, 1763, 530, 1810]}], "linking": [[]], "id": 85}, {"box": [538, 1763, 559, 1810], "text": "-", "label": "question", "words": [{"text": "-", "box": [538, 1763, 559, 1810]}], "linking": [[]], "id": 86}, {"box": [567, 1763, 614, 1810], "text": "25", "label": "question", "words": [{"text": "25", "box": [567, 1763, 614, 1810]}], "linking": [[]], "id": 87}, {"box": [623, 1763, 699, 1810], "text": "Apr", "label": "answer", "words": [{"text": "Apr", "box": [623, 1763, 699, 1810]}], "linking": [[]], "id": 88}, {"box": [708, 1762, 757, 1810], "text": "20", "label": "question", "words": [{"text": "20", "box": [708, 1762, 757, 1810]}], "linking": [[]], "id": 89}, {"box": [1384, 1763, 1488, 1802], "text": "45.01", "label": "answer", "words": [{"text": "45.01", "box": [1384, 1763, 1488, 1802]}], "linking": [[]], "id": 90}, {"box": [191, 1813, 382, 1860], "text": "Payments", "label": "question", "words": [{"text": "Payments", "box": [191, 1813, 382, 1860]}], "linking": [[]], "id": 91}, {"box": [391, 1814, 566, 1861], "text": "received", "label": "question", "words": [{"text": "received", "box": [391, 1814, 566, 1861]}], "linking": [[]], "id": 92}, {"box": [575, 1814, 591, 1861], "text": "-", "label": "question", "words": [{"text": "-", "box": [575, 1814, 591, 1861]}], "linking": [[]], "id": 93}, {"box": [599, 1814, 790, 1861], "text": "thankyou", "label": "question", "words": [{"text": "thankyou", "box": [599, 1814, 790, 1861]}], "linking": [[]], "id": 94}, {"box": [1374, 1813, 1488, 1854], "text": "-45.01", "label": "answer", "words": [{"text": "-45.01", "box": [1374, 1813, 1488, 1854]}], "linking": [[]], "id": 95}, {"box": [189, 1922, 288, 1967], "text": "Total", "label": "question", "words": [{"text": "Total", "box": [189, 1922, 288, 1967]}], "linking": [[]], "id": 96}, {"box": [296, 1922, 449, 1967], "text": "amount", "label": "question", "words": [{"text": "amount", "box": [296, 1922, 449, 1967]}], "linking": [[]], "id": 97}, {"box": [458, 1922, 538, 1967], "text": "due", "label": "question", "words": [{"text": "due", "box": [458, 1922, 538, 1967]}], "linking": [[]], "id": 98}, {"box": [1335, 1924, 1486, 1972], "text": "\u00a346.41", "label": "answer", "words": [{"text": "\u00a346.41", "box": [1335, 1924, 1486, 1972]}], "linking": [[]], "id": 99}, {"box": [193, 2078, 275, 2125], "text": "We'll", "label": "question", "words": [{"text": "We'll", "box": [193, 2078, 275, 2125]}], "linking": [[]], "id": 100}, {"box": [283, 2079, 408, 2126], "text": "collect", "label": "other", "words": [{"text": "collect", "box": [283, 2079, 408, 2126]}], "linking": [[]], "id": 101}, {"box": [416, 2081, 483, 2127], "text": "this", "label": "question", "words": [{"text": "this", "box": [416, 2081, 483, 2127]}], "linking": [[]], "id": 102}, {"box": [491, 2081, 634, 2128], "text": "amount", "label": "other", "words": [{"text": "amount", "box": [491, 2081, 634, 2128]}], "linking": [[]], "id": 103}, {"box": [642, 2082, 721, 2129], "text": "from", "label": "other", "words": [{"text": "from", "box": [642, 2082, 721, 2129]}], "linking": [[]], "id": 104}, {"box": [736, 2082, 822, 2129], "text": "your", "label": "other", "words": [{"text": "your", "box": [736, 2082, 822, 2129]}], "linking": [[]], "id": 105}, {"box": [830, 2082, 979, 2128], "text": "account", "label": "other", "words": [{"text": "account", "box": [830, 2082, 979, 2128]}], "linking": [[]], "id": 106}, {"box": [987, 2080, 1036, 2128], "text": "on", "label": "other", "words": [{"text": "on", "box": [987, 2080, 1036, 2128]}], "linking": [[]], "id": 107}, {"box": [1044, 2080, 1088, 2128], "text": "or", "label": "other", "words": [{"text": "or", "box": [1044, 2080, 1088, 2128]}], "linking": [[]], "id": 108}, {"box": [1096, 2079, 1230, 2128], "text": "around", "label": "other", "words": [{"text": "around", "box": [1096, 2079, 1230, 2128]}], "linking": [[]], "id": 109}, {"box": [1238, 2077, 1284, 2128], "text": "08", "label": "other", "words": [{"text": "08", "box": [1238, 2077, 1284, 2128]}], "linking": [[]], "id": 110}, {"box": [1292, 2076, 1366, 2127], "text": "Jun", "label": "other", "words": [{"text": "Jun", "box": [1292, 2076, 1366, 2127]}], "linking": [[]], "id": 111}, {"box": [1374, 2074, 1436, 2127], "text": "20.", "label": "other", "words": [{"text": "20.", "box": [1374, 2074, 1436, 2127]}], "linking": [[]], "id": 112}, {"box": [190, 2129, 301, 2179], "text": "Thank", "label": "other", "words": [{"text": "Thank", "box": [190, 2129, 301, 2179]}], "linking": [[]], "id": 113}, {"box": [308, 2130, 383, 2180], "text": "you", "label": "other", "words": [{"text": "you", "box": [308, 2130, 383, 2180]}], "linking": [[]], "id": 114}, {"box": [390, 2131, 442, 2180], "text": "for", "label": "other", "words": [{"text": "for", "box": [390, 2131, 442, 2180]}], "linking": [[]], "id": 115}, {"box": [450, 2131, 577, 2180], "text": "paying", "label": "other", "words": [{"text": "paying", "box": [450, 2131, 577, 2180]}], "linking": [[]], "id": 116}, {"box": [584, 2131, 633, 2180], "text": "by", "label": "other", "words": [{"text": "by", "box": [584, 2131, 633, 2180]}], "linking": [[]], "id": 117}, {"box": [641, 2130, 755, 2177], "text": "Direct", "label": "other", "words": [{"text": "Direct", "box": [641, 2130, 755, 2177]}], "linking": [[]], "id": 118}, {"box": [763, 2129, 881, 2173], "text": "Debit.", "label": "other", "words": [{"text": "Debit.", "box": [763, 2129, 881, 2173]}], "linking": [[]], "id": 119}, {"box": [188, 2240, 288, 2294], "text": "This", "label": "other", "words": [{"text": "This", "box": [188, 2240, 288, 2294]}], "linking": [[]], "id": 120}, {"box": [297, 2240, 342, 2294], "text": "is", "label": "other", "words": [{"text": "is", "box": [297, 2240, 342, 2294]}], "linking": [[]], "id": 121}, {"box": [351, 2241, 436, 2294], "text": "not", "label": "other", "words": [{"text": "not", "box": [351, 2241, 436, 2294]}], "linking": [[]], "id": 122}, {"box": [446, 2241, 479, 2294], "text": "a", "label": "other", "words": [{"text": "a", "box": [446, 2241, 479, 2294]}], "linking": [[]], "id": 123}, {"box": [490, 2241, 588, 2294], "text": "VAT", "label": "other", "words": [{"text": "VAT", "box": [490, 2241, 588, 2294]}], "linking": [[]], "id": 124}, {"box": [599, 2240, 782, 2294], "text": "invoice", "label": "other", "words": [{"text": "invoice", "box": [599, 2240, 782, 2294]}], "linking": [[]], "id": 125}, {"box": [141, 3392, 308, 3436], "text": "Telef\u00f3nica", "label": "other", "words": [{"text": "Telef\u00f3nica", "box": [141, 3392, 308, 3436]}], "linking": [[]], "id": 126}, {"box": [315, 3391, 369, 3437], "text": "UK", "label": "other", "words": [{"text": "UK", "box": [315, 3391, 369, 3437]}], "linking": [[]], "id": 127}, {"box": [376, 3390, 515, 3437], "text": "Limited,", "label": "other", "words": [{"text": "Limited,", "box": [376, 3390, 515, 3437]}], "linking": [[]], "id": 128}, {"box": [522, 3390, 585, 3437], "text": "260", "label": "other", "words": [{"text": "260", "box": [522, 3390, 585, 3437]}], "linking": [[]], "id": 129}, {"box": [592, 3390, 672, 3437], "text": "Bath", "label": "other", "words": [{"text": "Bath", "box": [592, 3390, 672, 3437]}], "linking": [[]], "id": 130}, {"box": [679, 3390, 786, 3438], "text": "Road,", "label": "other", "words": [{"text": "Road,", "box": [679, 3390, 786, 3438]}], "linking": [[]], "id": 131}, {"box": [793, 3389, 920, 3437], "text": "Slough,", "label": "other", "words": [{"text": "Slough,", "box": [793, 3389, 920, 3437]}], "linking": [[]], "id": 132}, {"box": [927, 3388, 1030, 3437], "text": "Berks", "label": "answer", "words": [{"text": "Berks", "box": [927, 3388, 1030, 3437]}], "linking": [[]], "id": 133}, {"box": [1038, 3388, 1106, 3437], "text": "SL1", "label": "other", "words": [{"text": "SL1", "box": [1038, 3388, 1106, 3437]}], "linking": [[]], "id": 134}, {"box": [1114, 3388, 1199, 3437], "text": "4DX,", "label": "answer", "words": [{"text": "4DX,", "box": [1114, 3388, 1199, 3437]}], "linking": [[]], "id": 135}, {"box": [1207, 3388, 1392, 3437], "text": "Registered", "label": "other", "words": [{"text": "Registered", "box": [1207, 3388, 1392, 3437]}], "linking": [[]], "id": 136}, {"box": [1400, 3388, 1429, 3437], "text": "in", "label": "other", "words": [{"text": "in", "box": [1400, 3388, 1429, 3437]}], "linking": [[]], "id": 137}, {"box": [1438, 3388, 1581, 3436], "text": "England", "label": "other", "words": [{"text": "England", "box": [1438, 3388, 1581, 3436]}], "linking": [[]], "id": 138}, {"box": [1589, 3388, 1613, 3435], "text": "&", "label": "other", "words": [{"text": "&", "box": [1589, 3388, 1613, 3435]}], "linking": [[]], "id": 139}, {"box": [1621, 3387, 1727, 3435], "text": "Wales", "label": "other", "words": [{"text": "Wales", "box": [1621, 3387, 1727, 3435]}], "linking": [[]], "id": 140}, {"box": [1735, 3388, 1799, 3434], "text": "No.", "label": "other", "words": [{"text": "No.", "box": [1735, 3388, 1799, 3434]}], "linking": [[]], "id": 141}, {"box": [1808, 3388, 1959, 3434], "text": "1743099", "label": "other", "words": [{"text": "1743099", "box": [1808, 3388, 1959, 3434]}], "linking": [[]], "id": 142}, {"box": [2062, 3391, 2147, 3434], "text": "Page", "label": "other", "words": [{"text": "Page", "box": [2062, 3391, 2147, 3434]}], "linking": [[]], "id": 143}, {"box": [2158, 3392, 2174, 3434], "text": "1", "label": "other", "words": [{"text": "1", "box": [2158, 3392, 2174, 3434]}], "linking": [[]], "id": 144}, {"box": [2184, 3391, 2219, 3432], "text": "of", "label": "other", "words": [{"text": "of", "box": [2184, 3391, 2219, 3432]}], "linking": [[]], "id": 145}, {"box": [2230, 3389, 2250, 3431], "text": "9", "label": "other", "words": [{"text": "9", "box": [2230, 3389, 2250, 3431]}], "linking": [[]], "id": 146}]}