{"form": [{"box": [201, 224, 230, 259], "text": "PO", "label": "other", "words": [{"text": "PO", "box": [201, 224, 230, 259]}], "linking": [[]], "id": 0}, {"box": [250, 225, 313, 260], "text": "Box", "label": "other", "words": [{"text": "Box", "box": [250, 225, 313, 260]}], "linking": [[]], "id": 1}, {"box": [321, 225, 382, 262], "text": "624", "label": "other", "words": [{"text": "624", "box": [321, 225, 382, 262]}], "linking": [[]], "id": 2}, {"box": [196, 270, 284, 309], "text": "WEST", "label": "other", "words": [{"text": "WEST", "box": [196, 270, 284, 309]}], "linking": [[]], "id": 3}, {"box": [291, 271, 462, 310], "text": "GOSFORD", "label": "other", "words": [{"text": "GOSFORD", "box": [291, 271, 462, 310]}], "linking": [[]], "id": 4}, {"box": [472, 271, 546, 310], "text": "NSW", "label": "other", "words": [{"text": "NSW", "box": [472, 271, 546, 310]}], "linking": [[]], "id": 5}, {"box": [568, 270, 653, 308], "text": "2250", "label": "other", "words": [{"text": "2250", "box": [568, 270, 653, 308]}], "linking": [[]], "id": 6}, {"box": [198, 323, 378, 359], "text": "AUSTRALIA", "label": "other", "words": [{"text": "AUSTRALIA", "box": [198, 323, 378, 359]}], "linking": [[]], "id": 7}, {"box": [197, 420, 223, 462], "text": "T:", "label": "question", "words": [{"text": "T:", "box": [197, 420, 223, 462]}], "linking": [[]], "id": 8}, {"box": [232, 421, 295, 461], "text": "+61", "label": "answer", "words": [{"text": "+61", "box": [232, 421, 295, 461]}], "linking": [[]], "id": 9}, {"box": [304, 421, 326, 461], "text": "2", "label": "answer", "words": [{"text": "2", "box": [304, 421, 326, 461]}], "linking": [[]], "id": 10}, {"box": [335, 421, 417, 461], "text": "4339", "label": "answer", "words": [{"text": "4339", "box": [335, 421, 417, 461]}], "linking": [[]], "id": 11}, {"box": [426, 420, 513, 462], "text": "2595", "label": "answer", "words": [{"text": "2595", "box": [426, 420, 513, 462]}], "linking": [[]], "id": 12}, {"box": [194, 472, 238, 511], "text": "M:", "label": "question", "words": [{"text": "M:", "box": [194, 472, 238, 511]}], "linking": [[]], "id": 13}, {"box": [245, 471, 309, 511], "text": "+61", "label": "answer", "words": [{"text": "+61", "box": [245, 471, 309, 511]}], "linking": [[]], "id": 14}, {"box": [318, 470, 378, 510], "text": "404", "label": "answer", "words": [{"text": "404", "box": [318, 470, 378, 510]}], "linking": [[]], "id": 15}, {"box": [387, 469, 449, 509], "text": "037", "label": "answer", "words": [{"text": "037", "box": [387, 469, 449, 509]}], "linking": [[]], "id": 16}, {"box": [460, 469, 521, 508], "text": "057", "label": "answer", "words": [{"text": "057", "box": [460, 469, 521, 508]}], "linking": [[]], "id": 17}, {"box": [1488, 461, 1578, 498], "text": "TIGER", "label": "answer", "words": [{"text": "TIGER", "box": [1488, 461, 1578, 498]}], "linking": [[]], "id": 18}, {"box": [1586, 461, 1689, 497], "text": "PRESS", "label": "answer", "words": [{"text": "PRESS", "box": [1586, 461, 1689, 497]}], "linking": [[]], "id": 19}, {"box": [1697, 460, 1809, 497], "text": "GROUP", "label": "answer", "words": [{"text": "GROUP", "box": [1697, 460, 1809, 497]}], "linking": [[]], "id": 20}, {"box": [1817, 460, 2011, 496], "text": "(AUSTRALIA)", "label": "header", "words": [{"text": "(AUSTRALIA)", "box": [1817, 460, 2011, 496]}], "linking": [[]], "id": 21}, {"box": [2019, 460, 2079, 496], "text": "PTY", "label": "answer", "words": [{"text": "PTY", "box": [2019, 460, 2079, 496]}], "linking": [[]], "id": 22}, {"box": [2086, 461, 2213, 496], "text": "LIMITED", "label": "question", "words": [{"text": "LIMITED", "box": [2086, 461, 2213, 496]}], "linking": [[]], "id": 23}, {"box": [197, 520, 217, 563], "text": "E:", "label": "question", "words": [{"text": "E:", "box": [197, 520, 217, 563]}], "linking": [[]], "id": 24}, {"box": [225, 520, 798, 567], "text": "katherine.free@tigergroup.com.au", "label": "other", "words": [{"text": "katherine.free@tigergroup.com.au", "box": [225, 520, 798, 567]}], "linking": [[]], "id": 25}, {"box": [1998, 496, 2046, 525], "text": "ABN", "label": "other", "words": [{"text": "ABN", "box": [1998, 496, 2046, 525]}], "linking": [[]], "id": 26}, {"box": [2053, 495, 2077, 525], "text": "75", "label": "other", "words": [{"text": "75", "box": [2053, 495, 2077, 525]}], "linking": [[]], "id": 27}, {"box": [2084, 495, 2124, 525], "text": "628", "label": "other", "words": [{"text": "628", "box": [2084, 495, 2124, 525]}], "linking": [[]], "id": 28}, {"box": [2130, 494, 2170, 525], "text": "205", "label": "other", "words": [{"text": "205", "box": [2130, 494, 2170, 525]}], "linking": [[]], "id": 29}, {"box": [2176, 494, 2220, 525], "text": "765", "label": "other", "words": [{"text": "765", "box": [2176, 494, 2220, 525]}], "linking": [[]], "id": 30}, {"box": [649, 647, 706, 691], "text": "Bill", "label": "question", "words": [{"text": "Bill", "box": [649, 647, 706, 691]}], "linking": [[]], "id": 31}, {"box": [716, 650, 779, 692], "text": "To:", "label": "question", "words": [{"text": "To:", "box": [716, 650, 779, 692]}], "linking": [[]], "id": 32}, {"box": [1739, 649, 1869, 692], "text": "Invoice", "label": "question", "words": [{"text": "Invoice", "box": [1739, 649, 1869, 692]}], "linking": [[]], "id": 33}, {"box": [1879, 650, 1925, 693], "text": "No", "label": "question", "words": [{"text": "No", "box": [1879, 650, 1925, 693]}], "linking": [[]], "id": 34}, {"box": [1935, 650, 1963, 693], "text": ".:", "label": "question", "words": [{"text": ".:", "box": [1935, 650, 1963, 693]}], "linking": [[]], "id": 35}, {"box": [2041, 646, 2242, 684], "text": "*00008807*", "label": "answer", "words": [{"text": "*00008807*", "box": [2041, 646, 2242, 684]}], "linking": [[]], "id": 36}, {"box": [161, 710, 226, 749], "text": "HFC", "label": "answer", "words": [{"text": "HFC", "box": [161, 710, 226, 749]}], "linking": [[]], "id": 37}, {"box": [236, 710, 381, 749], "text": "Prestige", "label": "answer", "words": [{"text": "Prestige", "box": [236, 710, 381, 749]}], "linking": [[]], "id": 38}, {"box": [388, 709, 600, 750], "text": "International", "label": "answer", "words": [{"text": "International", "box": [388, 709, 600, 750]}], "linking": [[]], "id": 39}, {"box": [607, 710, 797, 751], "text": "Operations", "label": "answer", "words": [{"text": "Operations", "box": [607, 710, 797, 751]}], "linking": [[]], "id": 40}, {"box": [159, 752, 351, 794], "text": "Switzerland", "label": "answer", "words": [{"text": "Switzerland", "box": [159, 752, 351, 794]}], "linking": [[]], "id": 41}, {"box": [361, 751, 437, 793], "text": "Sarl,", "label": "answer", "words": [{"text": "Sarl,", "box": [361, 751, 437, 793]}], "linking": [[]], "id": 42}, {"box": [448, 751, 585, 791], "text": "CH3420", "label": "answer", "words": [{"text": "CH3420", "box": [448, 751, 585, 791]}], "linking": [[]], "id": 43}, {"box": [1864, 748, 1965, 783], "text": "Date:", "label": "question", "words": [{"text": "Date:", "box": [1864, 748, 1965, 783]}], "linking": [[]], "id": 44}, {"box": [2060, 749, 2217, 784], "text": "3/24/2020", "label": "answer", "words": [{"text": "3/24/2020", "box": [2060, 749, 2217, 784]}], "linking": [[]], "id": 45}, {"box": [160, 797, 282, 839], "text": "Chemin", "label": "answer", "words": [{"text": "Chemin", "box": [160, 797, 282, 839]}], "linking": [[]], "id": 46}, {"box": [288, 797, 385, 839], "text": "Louis", "label": "answer", "words": [{"text": "Louis", "box": [288, 797, 385, 839]}], "linking": [[]], "id": 47}, {"box": [392, 797, 407, 839], "text": "-", "label": "answer", "words": [{"text": "-", "box": [392, 797, 407, 839]}], "linking": [[]], "id": 48}, {"box": [414, 797, 524, 839], "text": "Huber", "label": "answer", "words": [{"text": "Huber", "box": [414, 797, 524, 839]}], "linking": [[]], "id": 49}, {"box": [531, 797, 589, 839], "text": "1-3", "label": "answer", "words": [{"text": "1-3", "box": [531, 797, 589, 839]}], "linking": [[]], "id": 50}, {"box": [597, 797, 690, 839], "text": "1213,", "label": "answer", "words": [{"text": "1213,", "box": [597, 797, 690, 839]}], "linking": [[]], "id": 51}, {"box": [698, 797, 893, 839], "text": "Petit-Lancy", "label": "answer", "words": [{"text": "Petit-Lancy", "box": [698, 797, 893, 839]}], "linking": [[]], "id": 52}, {"box": [157, 836, 209, 879], "text": "Vat", "label": "question", "words": [{"text": "Vat", "box": [157, 836, 209, 879]}], "linking": [[]], "id": 53}, {"box": [217, 837, 318, 879], "text": "Code:", "label": "question", "words": [{"text": "Code:", "box": [217, 837, 318, 879]}], "linking": [[]], "id": 54}, {"box": [326, 837, 409, 879], "text": "CHE", "label": "answer", "words": [{"text": "CHE", "box": [326, 837, 409, 879]}], "linking": [[]], "id": 55}, {"box": [420, 838, 546, 877], "text": "142536", "label": "answer", "words": [{"text": "142536", "box": [420, 838, 546, 877]}], "linking": [[]], "id": 56}, {"box": [554, 839, 624, 876], "text": "956", "label": "answer", "words": [{"text": "956", "box": [554, 839, 624, 876]}], "linking": [[]], "id": 57}, {"box": [1728, 844, 1777, 884], "text": "PO", "label": "question", "words": [{"text": "PO", "box": [1728, 844, 1777, 884]}], "linking": [[]], "id": 58}, {"box": [1789, 845, 1958, 886], "text": "Number:", "label": "question", "words": [{"text": "Number:", "box": [1789, 845, 1958, 886]}], "linking": [[]], "id": 59}, {"box": [2039, 839, 2246, 878], "text": "3300901942", "label": "answer", "words": [{"text": "3300901942", "box": [2039, 839, 2246, 878]}], "linking": [[]], "id": 60}, {"box": [182, 989, 403, 1030], "text": "DESCRIPTION", "label": "question", "words": [{"text": "DESCRIPTION", "box": [182, 989, 403, 1030]}], "linking": [[]], "id": 61}, {"box": [2094, 992, 2163, 1030], "text": "Cost", "label": "question", "words": [{"text": "Cost", "box": [2094, 992, 2163, 1030]}], "linking": [[]], "id": 62}, {"box": [2171, 992, 2245, 1031], "text": "AUD", "label": "question", "words": [{"text": "AUD", "box": [2171, 992, 2245, 1031]}], "linking": [[]], "id": 63}, {"box": [2261, 991, 2280, 1031], "text": "$", "label": "question", "words": [{"text": "$", "box": [2261, 991, 2280, 1031]}], "linking": [[]], "id": 64}, {"box": [181, 1045, 251, 1086], "text": "HPP", "label": "answer", "words": [{"text": "HPP", "box": [181, 1045, 251, 1086]}], "linking": [[]], "id": 65}, {"box": [257, 1045, 270, 1087], "text": "-", "label": "answer", "words": [{"text": "-", "box": [257, 1045, 270, 1087]}], "linking": [[]], "id": 66}, {"box": [276, 1045, 320, 1087], "text": "LS", "label": "answer", "words": [{"text": "LS", "box": [276, 1045, 320, 1087]}], "linking": [[]], "id": 67}, {"box": [326, 1046, 473, 1089], "text": "Auckland", "label": "answer", "words": [{"text": "Auckland", "box": [326, 1046, 473, 1089]}], "linking": [[]], "id": 68}, {"box": [481, 1046, 491, 1089], "text": "-", "label": "answer", "words": [{"text": "-", "box": [481, 1046, 491, 1089]}], "linking": [[]], "id": 69}, {"box": [499, 1046, 602, 1090], "text": "Period", "label": "answer", "words": [{"text": "Period", "box": [499, 1046, 602, 1090]}], "linking": [[]], "id": 70}, {"box": [611, 1048, 631, 1090], "text": "2", "label": "answer", "words": [{"text": "2", "box": [611, 1048, 631, 1090]}], "linking": [[]], "id": 71}, {"box": [640, 1048, 650, 1090], "text": "-", "label": "answer", "words": [{"text": "-", "box": [640, 1048, 650, 1090]}], "linking": [[]], "id": 72}, {"box": [659, 1048, 773, 1090], "text": "Arrivals", "label": "answer", "words": [{"text": "Arrivals", "box": [659, 1048, 773, 1090]}], "linking": [[]], "id": 73}, {"box": [784, 1049, 804, 1090], "text": "&", "label": "answer", "words": [{"text": "&", "box": [784, 1049, 804, 1090]}], "linking": [[]], "id": 74}, {"box": [816, 1049, 988, 1090], "text": "Departures", "label": "answer", "words": [{"text": "Departures", "box": [816, 1049, 988, 1090]}], "linking": [[]], "id": 75}, {"box": [2111, 1048, 2282, 1088], "text": "$12,273.79", "label": "answer", "words": [{"text": "$12,273.79", "box": [2111, 1048, 2282, 1088]}], "linking": [[]], "id": 76}, {"box": [189, 1087, 200, 1127], "text": "-", "label": "answer", "words": [{"text": "-", "box": [189, 1087, 200, 1127]}], "linking": [[]], "id": 77}, {"box": [207, 1088, 257, 1127], "text": "MJ", "label": "answer", "words": [{"text": "MJ", "box": [207, 1088, 257, 1127]}], "linking": [[]], "id": 78}, {"box": [264, 1089, 351, 1124], "text": "Daze", "label": "answer", "words": [{"text": "Daze", "box": [264, 1089, 351, 1124]}], "linking": [[]], "id": 79}, {"box": [182, 1208, 320, 1245], "text": "Installed:", "label": "question", "words": [{"text": "Installed:", "box": [182, 1208, 320, 1245]}], "linking": [[]], "id": 80}, {"box": [328, 1206, 366, 1244], "text": "22", "label": "answer", "words": [{"text": "22", "box": [328, 1206, 366, 1244]}], "linking": [[]], "id": 81}, {"box": [374, 1206, 434, 1244], "text": "Jan", "label": "answer", "words": [{"text": "Jan", "box": [374, 1206, 434, 1244]}], "linking": [[]], "id": 82}, {"box": [443, 1206, 519, 1243], "text": "2020", "label": "answer", "words": [{"text": "2020", "box": [443, 1206, 519, 1243]}], "linking": [[]], "id": 83}, {"box": [198, 1286, 244, 1324], "text": "Art", "label": "question", "words": [{"text": "Art", "box": [198, 1286, 244, 1324]}], "linking": [[]], "id": 84}, {"box": [252, 1286, 263, 1324], "text": "-", "label": "question", "words": [{"text": "-", "box": [252, 1286, 263, 1324]}], "linking": [[]], "id": 85}, {"box": [271, 1286, 351, 1325], "text": "proof", "label": "question", "words": [{"text": "proof", "box": [271, 1286, 351, 1325]}], "linking": [[]], "id": 86}, {"box": [359, 1287, 481, 1325], "text": "layouts,", "label": "question", "words": [{"text": "layouts,", "box": [359, 1287, 481, 1325]}], "linking": [[]], "id": 87}, {"box": [489, 1287, 530, 1324], "text": "art", "label": "question", "words": [{"text": "art", "box": [489, 1287, 530, 1324]}], "linking": [[]], "id": 88}, {"box": [538, 1286, 601, 1324], "text": "files", "label": "question", "words": [{"text": "files", "box": [538, 1286, 601, 1324]}], "linking": [[]], "id": 89}, {"box": [609, 1286, 632, 1324], "text": "&", "label": "question", "words": [{"text": "&", "box": [609, 1286, 632, 1324]}], "linking": [[]], "id": 90}, {"box": [643, 1285, 725, 1323], "text": "SIGs", "label": "question", "words": [{"text": "SIGs", "box": [643, 1285, 725, 1323]}], "linking": [[]], "id": 91}, {"box": [184, 1324, 192, 1364], "text": "-", "label": "question", "words": [{"text": "-", "box": [184, 1324, 192, 1364]}], "linking": [[]], "id": 92}, {"box": [199, 1325, 364, 1364], "text": "Production", "label": "question", "words": [{"text": "Production", "box": [199, 1325, 364, 1364]}], "linking": [[]], "id": 93}, {"box": [372, 1326, 397, 1364], "text": "&", "label": "question", "words": [{"text": "&", "box": [372, 1326, 397, 1364]}], "linking": [[]], "id": 94}, {"box": [406, 1326, 577, 1363], "text": "Installation", "label": "question", "words": [{"text": "Installation", "box": [406, 1326, 577, 1363]}], "linking": [[]], "id": 95}, {"box": [189, 1363, 190, 1404], "text": "-", "label": "question", "words": [{"text": "-", "box": [189, 1363, 190, 1404]}], "linking": [[]], "id": 96}, {"box": [199, 1363, 308, 1404], "text": "Freight", "label": "question", "words": [{"text": "Freight", "box": [199, 1363, 308, 1404]}], "linking": [[]], "id": 97}, {"box": [317, 1364, 340, 1404], "text": "&", "label": "question", "words": [{"text": "&", "box": [317, 1364, 340, 1404]}], "linking": [[]], "id": 98}, {"box": [349, 1365, 493, 1405], "text": "Handling", "label": "question", "words": [{"text": "Handling", "box": [349, 1365, 493, 1405]}], "linking": [[]], "id": 99}, {"box": [1742, 2110, 1804, 2147], "text": "Sub", "label": "question", "words": [{"text": "Sub", "box": [1742, 2110, 1804, 2147]}], "linking": [[]], "id": 100}, {"box": [1816, 2111, 1924, 2147], "text": "Total:", "label": "question", "words": [{"text": "Total:", "box": [1816, 2111, 1924, 2147]}], "linking": [[]], "id": 101}, {"box": [2102, 2103, 2287, 2144], "text": "$11,157.99", "label": "answer", "words": [{"text": "$11,157.99", "box": [2102, 2103, 2287, 2144]}], "linking": [[]], "id": 102}, {"box": [1833, 2187, 1917, 2224], "text": "GST:", "label": "question", "words": [{"text": "GST:", "box": [1833, 2187, 1917, 2224]}], "linking": [[]], "id": 103}, {"box": [2125, 2187, 2284, 2224], "text": "$1,115.80", "label": "answer", "words": [{"text": "$1,115.80", "box": [2125, 2187, 2284, 2224]}], "linking": [[]], "id": 104}, {"box": [1666, 2283, 1820, 2324], "text": "Balance", "label": "question", "words": [{"text": "Balance", "box": [1666, 2283, 1820, 2324]}], "linking": [[]], "id": 105}, {"box": [1829, 2283, 1928, 2326], "text": "Due:", "label": "question", "words": [{"text": "Due:", "box": [1829, 2283, 1928, 2326]}], "linking": [[]], "id": 106}, {"box": [2079, 2282, 2290, 2326], "text": "$12,273.79", "label": "answer", "words": [{"text": "$12,273.79", "box": [2079, 2282, 2290, 2326]}], "linking": [[]], "id": 107}, {"box": [616, 2366, 723, 2404], "text": "Terms", "label": "question", "words": [{"text": "Terms", "box": [616, 2366, 723, 2404]}], "linking": [[]], "id": 108}, {"box": [731, 2363, 758, 2404], "text": "&", "label": "question", "words": [{"text": "&", "box": [731, 2363, 758, 2404]}], "linking": [[]], "id": 109}, {"box": [772, 2362, 970, 2404], "text": "Conditions", "label": "question", "words": [{"text": "Conditions", "box": [772, 2362, 970, 2404]}], "linking": [[]], "id": 110}, {"box": [1758, 2370, 1825, 2411], "text": "How", "label": "question", "words": [{"text": "How", "box": [1758, 2370, 1825, 2411]}], "linking": [[]], "id": 111}, {"box": [1843, 2373, 1881, 2411], "text": "to", "label": "question", "words": [{"text": "to", "box": [1843, 2373, 1881, 2411]}], "linking": [[]], "id": 112}, {"box": [1890, 2373, 1958, 2410], "text": "Pay", "label": "question", "words": [{"text": "Pay", "box": [1890, 2373, 1958, 2410]}], "linking": [[]], "id": 113}, {"box": [175, 2443, 202, 2482], "text": "i)", "label": "question", "words": [{"text": "i)", "box": [175, 2443, 202, 2482]}], "linking": [[]], "id": 114}, {"box": [205, 2442, 309, 2482], "text": "Terms", "label": "question", "words": [{"text": "Terms", "box": [205, 2442, 309, 2482]}], "linking": [[]], "id": 115}, {"box": [314, 2441, 357, 2482], "text": "30", "label": "question", "words": [{"text": "30", "box": [314, 2441, 357, 2482]}], "linking": [[]], "id": 116}, {"box": [363, 2441, 441, 2482], "text": "days", "label": "question", "words": [{"text": "days", "box": [363, 2441, 441, 2482]}], "linking": [[]], "id": 117}, {"box": [447, 2441, 522, 2482], "text": "from", "label": "question", "words": [{"text": "from", "box": [447, 2441, 522, 2482]}], "linking": [[]], "id": 118}, {"box": [538, 2441, 615, 2482], "text": "date", "label": "question", "words": [{"text": "date", "box": [538, 2441, 615, 2482]}], "linking": [[]], "id": 119}, {"box": [623, 2443, 729, 2481], "text": "above", "label": "question", "words": [{"text": "above", "box": [623, 2443, 729, 2481]}], "linking": [[]], "id": 120}, {"box": [1439, 2442, 1457, 2483], "text": "i)", "label": "question", "words": [{"text": "i)", "box": [1439, 2442, 1457, 2483]}], "linking": [[]], "id": 121}, {"box": [1463, 2442, 1508, 2483], "text": "By", "label": "question", "words": [{"text": "By", "box": [1463, 2442, 1508, 2483]}], "linking": [[]], "id": 122}, {"box": [1514, 2442, 1645, 2483], "text": "Cheque", "label": "question", "words": [{"text": "Cheque", "box": [1514, 2442, 1645, 2483]}], "linking": [[]], "id": 123}, {"box": [1652, 2442, 1690, 2482], "text": "to", "label": "question", "words": [{"text": "to", "box": [1652, 2442, 1690, 2482]}], "linking": [[]], "id": 124}, {"box": [1698, 2442, 1755, 2482], "text": "the", "label": "question", "words": [{"text": "the", "box": [1698, 2442, 1755, 2482]}], "linking": [[]], "id": 125}, {"box": [1764, 2442, 1865, 2482], "text": "above", "label": "question", "words": [{"text": "above", "box": [1764, 2442, 1865, 2482]}], "linking": [[]], "id": 126}, {"box": [1874, 2442, 2010, 2482], "text": "address", "label": "question", "words": [{"text": "address", "box": [1874, 2442, 2010, 2482]}], "linking": [[]], "id": 127}, {"box": [179, 2491, 207, 2532], "text": "ii)", "label": "question", "words": [{"text": "ii)", "box": [179, 2491, 207, 2532]}], "linking": [[]], "id": 128}, {"box": [213, 2491, 282, 2533], "text": "Any", "label": "question", "words": [{"text": "Any", "box": [213, 2491, 282, 2533]}], "linking": [[]], "id": 129}, {"box": [289, 2491, 393, 2533], "text": "claims", "label": "question", "words": [{"text": "claims", "box": [289, 2491, 393, 2533]}], "linking": [[]], "id": 130}, {"box": [401, 2491, 439, 2533], "text": "to", "label": "question", "words": [{"text": "to", "box": [401, 2491, 439, 2533]}], "linking": [[]], "id": 131}, {"box": [447, 2491, 490, 2533], "text": "be", "label": "question", "words": [{"text": "be", "box": [447, 2491, 490, 2533]}], "linking": [[]], "id": 132}, {"box": [498, 2491, 531, 2533], "text": "in", "label": "question", "words": [{"text": "in", "box": [498, 2491, 531, 2533]}], "linking": [[]], "id": 133}, {"box": [539, 2491, 655, 2533], "text": "writing", "label": "question", "words": [{"text": "writing", "box": [539, 2491, 655, 2533]}], "linking": [[]], "id": 134}, {"box": [664, 2491, 766, 2533], "text": "within", "label": "question", "words": [{"text": "within", "box": [664, 2491, 766, 2533]}], "linking": [[]], "id": 135}, {"box": [775, 2490, 838, 2533], "text": "one", "label": "question", "words": [{"text": "one", "box": [775, 2490, 838, 2533]}], "linking": [[]], "id": 136}, {"box": [848, 2490, 933, 2533], "text": "week", "label": "question", "words": [{"text": "week", "box": [848, 2490, 933, 2533]}], "linking": [[]], "id": 137}, {"box": [943, 2490, 1016, 2533], "text": "from", "label": "question", "words": [{"text": "from", "box": [943, 2490, 1016, 2533]}], "linking": [[]], "id": 138}, {"box": [1033, 2490, 1149, 2533], "text": "invoice", "label": "question", "words": [{"text": "invoice", "box": [1033, 2490, 1149, 2533]}], "linking": [[]], "id": 139}, {"box": [1160, 2489, 1236, 2533], "text": "date", "label": "question", "words": [{"text": "date", "box": [1160, 2489, 1236, 2533]}], "linking": [[]], "id": 140}, {"box": [1443, 2491, 1464, 2535], "text": "ii)", "label": "question", "words": [{"text": "ii)", "box": [1443, 2491, 1464, 2535]}], "linking": [[]], "id": 141}, {"box": [1475, 2491, 1514, 2535], "text": "By", "label": "question", "words": [{"text": "By", "box": [1475, 2491, 1514, 2535]}], "linking": [[]], "id": 142}, {"box": [1525, 2492, 1623, 2535], "text": "Direct", "label": "question", "words": [{"text": "Direct", "box": [1525, 2492, 1623, 2535]}], "linking": [[]], "id": 143}, {"box": [1633, 2492, 1764, 2534], "text": "Deposit", "label": "question", "words": [{"text": "Deposit", "box": [1633, 2492, 1764, 2534]}], "linking": [[]], "id": 144}, {"box": [1774, 2493, 1808, 2534], "text": "to", "label": "question", "words": [{"text": "to", "box": [1774, 2493, 1808, 2534]}], "linking": [[]], "id": 145}, {"box": [1818, 2493, 1870, 2534], "text": "the", "label": "question", "words": [{"text": "the", "box": [1818, 2493, 1870, 2534]}], "linking": [[]], "id": 146}, {"box": [1879, 2493, 1981, 2534], "text": "below", "label": "question", "words": [{"text": "below", "box": [1879, 2493, 1981, 2534]}], "linking": [[]], "id": 147}, {"box": [1994, 2493, 2142, 2533], "text": "account:", "label": "question", "words": [{"text": "account:", "box": [1994, 2493, 2142, 2533]}], "linking": [[]], "id": 148}, {"box": [180, 2541, 216, 2583], "text": "iii)", "label": "question", "words": [{"text": "iii)", "box": [180, 2541, 216, 2583]}], "linking": [[]], "id": 149}, {"box": [223, 2541, 371, 2583], "text": "Payment", "label": "question", "words": [{"text": "Payment", "box": [223, 2541, 371, 2583]}], "linking": [[]], "id": 150}, {"box": [378, 2541, 475, 2583], "text": "terms", "label": "question", "words": [{"text": "terms", "box": [378, 2541, 475, 2583]}], "linking": [[]], "id": 151}, {"box": [482, 2542, 602, 2583], "text": "subject", "label": "question", "words": [{"text": "subject", "box": [482, 2542, 602, 2583]}], "linking": [[]], "id": 152}, {"box": [609, 2542, 646, 2583], "text": "to", "label": "question", "words": [{"text": "to", "box": [609, 2542, 646, 2583]}], "linking": [[]], "id": 153}, {"box": [653, 2542, 803, 2584], "text": "Payment", "label": "question", "words": [{"text": "Payment", "box": [653, 2542, 803, 2584]}], "linking": [[]], "id": 154}, {"box": [810, 2542, 907, 2584], "text": "Terms", "label": "question", "words": [{"text": "Terms", "box": [810, 2542, 907, 2584]}], "linking": [[]], "id": 155}, {"box": [915, 2541, 1045, 2585], "text": "advised", "label": "question", "words": [{"text": "advised", "box": [915, 2541, 1045, 2585]}], "linking": [[]], "id": 156}, {"box": [1053, 2541, 1097, 2585], "text": "by", "label": "question", "words": [{"text": "by", "box": [1053, 2541, 1097, 2585]}], "linking": [[]], "id": 157}, {"box": [1105, 2541, 1188, 2585], "text": "Tiger", "label": "answer", "words": [{"text": "Tiger", "box": [1105, 2541, 1188, 2585]}], "linking": [[]], "id": 158}, {"box": [1196, 2541, 1285, 2586], "text": "Press", "label": "answer", "words": [{"text": "Press", "box": [1196, 2541, 1285, 2586]}], "linking": [[]], "id": 159}, {"box": [1292, 2540, 1402, 2587], "text": "Group", "label": "answer", "words": [{"text": "Group", "box": [1292, 2540, 1402, 2587]}], "linking": [[]], "id": 160}, {"box": [183, 2590, 345, 2633], "text": "(Australia)", "label": "answer", "words": [{"text": "(Australia)", "box": [183, 2590, 345, 2633]}], "linking": [[]], "id": 161}, {"box": [352, 2591, 406, 2633], "text": "Pty", "label": "answer", "words": [{"text": "Pty", "box": [352, 2591, 406, 2633]}], "linking": [[]], "id": 162}, {"box": [414, 2591, 542, 2633], "text": "Limited", "label": "question", "words": [{"text": "Limited", "box": [414, 2591, 542, 2633]}], "linking": [[]], "id": 163}, {"box": [1481, 2591, 1562, 2634], "text": "Tiger", "label": "answer", "words": [{"text": "Tiger", "box": [1481, 2591, 1562, 2634]}], "linking": [[]], "id": 164}, {"box": [1569, 2591, 1656, 2635], "text": "Press", "label": "answer", "words": [{"text": "Press", "box": [1569, 2591, 1656, 2635]}], "linking": [[]], "id": 165}, {"box": [1663, 2591, 1771, 2636], "text": "Group", "label": "answer", "words": [{"text": "Group", "box": [1663, 2591, 1771, 2636]}], "linking": [[]], "id": 166}, {"box": [1779, 2591, 1948, 2637], "text": "(Australia)", "label": "answer", "words": [{"text": "(Australia)", "box": [1779, 2591, 1948, 2637]}], "linking": [[]], "id": 167}, {"box": [1957, 2589, 2010, 2637], "text": "Pty", "label": "answer", "words": [{"text": "Pty", "box": [1957, 2589, 2010, 2637]}], "linking": [[]], "id": 168}, {"box": [2019, 2589, 2147, 2636], "text": "Limited", "label": "answer", "words": [{"text": "Limited", "box": [2019, 2589, 2147, 2636]}], "linking": [[]], "id": 169}, {"box": [184, 2641, 217, 2683], "text": "iv)", "label": "question", "words": [{"text": "iv)", "box": [184, 2641, 217, 2683]}], "linking": [[]], "id": 170}, {"box": [222, 2641, 360, 2684], "text": "Invoices", "label": "question", "words": [{"text": "Invoices", "box": [222, 2641, 360, 2684]}], "linking": [[]], "id": 171}, {"box": [366, 2641, 404, 2684], "text": "to", "label": "question", "words": [{"text": "to", "box": [366, 2641, 404, 2684]}], "linking": [[]], "id": 172}, {"box": [410, 2641, 456, 2685], "text": "be", "label": "question", "words": [{"text": "be", "box": [410, 2641, 456, 2685]}], "linking": [[]], "id": 173}, {"box": [462, 2641, 541, 2685], "text": "paid", "label": "question", "words": [{"text": "paid", "box": [462, 2641, 541, 2685]}], "linking": [[]], "id": 174}, {"box": [548, 2641, 668, 2686], "text": "subject", "label": "question", "words": [{"text": "subject", "box": [548, 2641, 668, 2686]}], "linking": [[]], "id": 175}, {"box": [675, 2640, 712, 2686], "text": "to", "label": "question", "words": [{"text": "to", "box": [675, 2640, 712, 2686]}], "linking": [[]], "id": 176}, {"box": [719, 2640, 869, 2686], "text": "Payment", "label": "question", "words": [{"text": "Payment", "box": [719, 2640, 869, 2686]}], "linking": [[]], "id": 177}, {"box": [877, 2640, 973, 2686], "text": "Terms", "label": "question", "words": [{"text": "Terms", "box": [877, 2640, 973, 2686]}], "linking": [[]], "id": 178}, {"box": [982, 2640, 1026, 2686], "text": "by", "label": "question", "words": [{"text": "by", "box": [982, 2640, 1026, 2686]}], "linking": [[]], "id": 179}, {"box": [1034, 2639, 1116, 2686], "text": "Tiger", "label": "question", "words": [{"text": "Tiger", "box": [1034, 2639, 1116, 2686]}], "linking": [[]], "id": 180}, {"box": [1126, 2639, 1213, 2686], "text": "Press", "label": "question", "words": [{"text": "Press", "box": [1126, 2639, 1213, 2686]}], "linking": [[]], "id": 181}, {"box": [1222, 2639, 1330, 2686], "text": "Group", "label": "question", "words": [{"text": "Group", "box": [1222, 2639, 1330, 2686]}], "linking": [[]], "id": 182}, {"box": [1480, 2641, 1549, 2682], "text": "BSB:", "label": "question", "words": [{"text": "BSB:", "box": [1480, 2641, 1549, 2682]}], "linking": [[]], "id": 183}, {"box": [1558, 2641, 1618, 2682], "text": "633", "label": "answer", "words": [{"text": "633", "box": [1558, 2641, 1618, 2682]}], "linking": [[]], "id": 184}, {"box": [1626, 2642, 1696, 2682], "text": "000", "label": "answer", "words": [{"text": "000", "box": [1626, 2642, 1696, 2682]}], "linking": [[]], "id": 185}, {"box": [182, 2689, 344, 2734], "text": "(Australia)", "label": "answer", "words": [{"text": "(Australia)", "box": [182, 2689, 344, 2734]}], "linking": [[]], "id": 186}, {"box": [352, 2690, 406, 2734], "text": "Pty", "label": "answer", "words": [{"text": "Pty", "box": [352, 2690, 406, 2734]}], "linking": [[]], "id": 187}, {"box": [415, 2690, 544, 2733], "text": "Limited", "label": "question", "words": [{"text": "Limited", "box": [415, 2690, 544, 2733]}], "linking": [[]], "id": 188}, {"box": [1481, 2690, 1562, 2731], "text": "A/C:", "label": "question", "words": [{"text": "A/C:", "box": [1481, 2690, 1562, 2731]}], "linking": [[]], "id": 189}, {"box": [1571, 2691, 1629, 2731], "text": "163", "label": "answer", "words": [{"text": "163", "box": [1571, 2691, 1629, 2731]}], "linking": [[]], "id": 190}, {"box": [1638, 2691, 1703, 2731], "text": "693", "label": "answer", "words": [{"text": "693", "box": [1638, 2691, 1703, 2731]}], "linking": [[]], "id": 191}, {"box": [1712, 2690, 1773, 2730], "text": "112", "label": "answer", "words": [{"text": "112", "box": [1712, 2690, 1773, 2730]}], "linking": [[]], "id": 192}, {"box": [184, 2740, 207, 2784], "text": "v)", "label": "question", "words": [{"text": "v)", "box": [184, 2740, 207, 2784]}], "linking": [[]], "id": 193}, {"box": [212, 2740, 248, 2784], "text": "In", "label": "question", "words": [{"text": "In", "box": [212, 2740, 248, 2784]}], "linking": [[]], "id": 194}, {"box": [253, 2739, 364, 2785], "text": "defaul", "label": "question", "words": [{"text": "defaul", "box": [253, 2739, 364, 2785]}], "linking": [[]], "id": 195}, {"box": [370, 2739, 408, 2785], "text": "of", "label": "question", "words": [{"text": "of", "box": [370, 2739, 408, 2785]}], "linking": [[]], "id": 196}, {"box": [414, 2739, 478, 2786], "text": "due", "label": "question", "words": [{"text": "due", "box": [414, 2739, 478, 2786]}], "linking": [[]], "id": 197}, {"box": [484, 2738, 643, 2786], "text": "payment,", "label": "question", "words": [{"text": "payment,", "box": [484, 2738, 643, 2786]}], "linking": [[]], "id": 198}, {"box": [650, 2738, 693, 2786], "text": "all", "label": "question", "words": [{"text": "all", "box": [650, 2738, 693, 2786]}], "linking": [[]], "id": 199}, {"box": [700, 2738, 867, 2786], "text": "collection,", "label": "question", "words": [{"text": "collection,", "box": [700, 2738, 867, 2786]}], "linking": [[]], "id": 200}, {"box": [875, 2737, 960, 2786], "text": "legal", "label": "question", "words": [{"text": "legal", "box": [875, 2737, 960, 2786]}], "linking": [[]], "id": 201}, {"box": [968, 2737, 1033, 2786], "text": "and", "label": "question", "words": [{"text": "and", "box": [968, 2737, 1033, 2786]}], "linking": [[]], "id": 202}, {"box": [1041, 2737, 1129, 2786], "text": "court", "label": "question", "words": [{"text": "court", "box": [1041, 2737, 1129, 2786]}], "linking": [[]], "id": 203}, {"box": [1137, 2736, 1222, 2786], "text": "costs", "label": "question", "words": [{"text": "costs", "box": [1137, 2736, 1222, 2786]}], "linking": [[]], "id": 204}, {"box": [1231, 2736, 1286, 2786], "text": "will", "label": "question", "words": [{"text": "will", "box": [1231, 2736, 1286, 2786]}], "linking": [[]], "id": 205}, {"box": [1295, 2736, 1346, 2786], "text": "be", "label": "question", "words": [{"text": "be", "box": [1295, 2736, 1346, 2786]}], "linking": [[]], "id": 206}, {"box": [187, 2791, 247, 2834], "text": "paid", "label": "question", "words": [{"text": "paid", "box": [187, 2791, 247, 2834]}], "linking": [[]], "id": 207}, {"box": [257, 2791, 297, 2833], "text": "by", "label": "question", "words": [{"text": "by", "box": [257, 2791, 297, 2833]}], "linking": [[]], "id": 208}, {"box": [308, 2790, 363, 2832], "text": "the", "label": "question", "words": [{"text": "the", "box": [308, 2790, 363, 2832]}], "linking": [[]], "id": 209}, {"box": [373, 2790, 530, 2831], "text": "defaulter", "label": "question", "words": [{"text": "defaulter", "box": [373, 2790, 530, 2831]}], "linking": [[]], "id": 210}, {"box": [1479, 2788, 1580, 2833], "text": "SWIFT", "label": "question", "words": [{"text": "SWIFT", "box": [1479, 2788, 1580, 2833]}], "linking": [[]], "id": 211}, {"box": [1588, 2790, 1695, 2833], "text": "CODE:", "label": "question", "words": [{"text": "CODE:", "box": [1588, 2790, 1695, 2833]}], "linking": [[]], "id": 212}, {"box": [1703, 2790, 1876, 2829], "text": "BENDAU3", "label": "answer", "words": [{"text": "BENDAU3", "box": [1703, 2790, 1876, 2829]}], "linking": [[]], "id": 213}, {"box": [181, 2840, 215, 2882], "text": "vi)", "label": "question", "words": [{"text": "vi)", "box": [181, 2840, 215, 2882]}], "linking": [[]], "id": 214}, {"box": [224, 2841, 369, 2883], "text": "Removal", "label": "question", "words": [{"text": "Removal", "box": [224, 2841, 369, 2883]}], "linking": [[]], "id": 215}, {"box": [378, 2841, 439, 2884], "text": "and", "label": "question", "words": [{"text": "and", "box": [378, 2841, 439, 2884]}], "linking": [[]], "id": 216}, {"box": [448, 2841, 690, 2885], "text": "return/storage", "label": "question", "words": [{"text": "return/storage", "box": [448, 2841, 690, 2885]}], "linking": [[]], "id": 217}, {"box": [699, 2840, 736, 2885], "text": "of", "label": "question", "words": [{"text": "of", "box": [699, 2840, 736, 2885]}], "linking": [[]], "id": 218}, {"box": [745, 2840, 804, 2885], "text": "any", "label": "question", "words": [{"text": "any", "box": [745, 2840, 804, 2885]}], "linking": [[]], "id": 219}, {"box": [812, 2840, 938, 2885], "text": "window", "label": "question", "words": [{"text": "window", "box": [812, 2840, 938, 2885]}], "linking": [[]], "id": 220}, {"box": [950, 2839, 1044, 2884], "text": "items", "label": "question", "words": [{"text": "items", "box": [950, 2839, 1044, 2884]}], "linking": [[]], "id": 221}, {"box": [1052, 2838, 1109, 2884], "text": "will", "label": "question", "words": [{"text": "will", "box": [1052, 2838, 1109, 2884]}], "linking": [[]], "id": 222}, {"box": [1117, 2837, 1200, 2883], "text": "incur", "label": "question", "words": [{"text": "incur", "box": [1117, 2837, 1200, 2883]}], "linking": [[]], "id": 223}, {"box": [1209, 2837, 1382, 2881], "text": "additional", "label": "question", "words": [{"text": "additional", "box": [1209, 2837, 1382, 2881]}], "linking": [[]], "id": 224}, {"box": [182, 2893, 269, 2928], "text": "costs", "label": "question", "words": [{"text": "costs", "box": [182, 2893, 269, 2928]}], "linking": [[]], "id": 225}, {"box": [1481, 2889, 1591, 2931], "text": "BANK:", "label": "question", "words": [{"text": "BANK:", "box": [1481, 2889, 1591, 2931]}], "linking": [[]], "id": 226}, {"box": [1598, 2890, 1739, 2932], "text": "Bendigo", "label": "answer", "words": [{"text": "Bendigo", "box": [1598, 2890, 1739, 2932]}], "linking": [[]], "id": 227}, {"box": [1746, 2891, 1811, 2932], "text": "and", "label": "answer", "words": [{"text": "and", "box": [1746, 2891, 1811, 2932]}], "linking": [[]], "id": 228}, {"box": [1819, 2890, 1967, 2932], "text": "Adelaide", "label": "answer", "words": [{"text": "Adelaide", "box": [1819, 2890, 1967, 2932]}], "linking": [[]], "id": 229}, {"box": [1975, 2890, 2059, 2932], "text": "Bank", "label": "answer", "words": [{"text": "Bank", "box": [1975, 2890, 2059, 2932]}], "linking": [[]], "id": 230}, {"box": [2068, 2889, 2193, 2931], "text": "Limited", "label": "answer", "words": [{"text": "Limited", "box": [2068, 2889, 2193, 2931]}], "linking": [[]], "id": 231}, {"box": [179, 2939, 223, 2983], "text": "vii)", "label": "question", "words": [{"text": "vii)", "box": [179, 2939, 223, 2983]}], "linking": [[]], "id": 232}, {"box": [233, 2940, 337, 2983], "text": "Quote", "label": "other", "words": [{"text": "Quote", "box": [233, 2940, 337, 2983]}], "linking": [[]], "id": 233}, {"box": [348, 2940, 532, 2983], "text": "acceptance", "label": "other", "words": [{"text": "acceptance", "box": [348, 2940, 532, 2983]}], "linking": [[]], "id": 234}, {"box": [543, 2941, 653, 2982], "text": "means", "label": "other", "words": [{"text": "means", "box": [543, 2941, 653, 2982]}], "linking": [[]], "id": 235}, {"box": [663, 2941, 725, 2982], "text": "you", "label": "other", "words": [{"text": "you", "box": [663, 2941, 725, 2982]}], "linking": [[]], "id": 236}, {"box": [735, 2941, 828, 2982], "text": "agree", "label": "other", "words": [{"text": "agree", "box": [735, 2941, 828, 2982]}], "linking": [[]], "id": 237}, {"box": [838, 2940, 871, 2982], "text": "to", "label": "other", "words": [{"text": "to", "box": [838, 2940, 871, 2982]}], "linking": [[]], "id": 238}, {"box": [881, 2940, 937, 2982], "text": "the", "label": "other", "words": [{"text": "the", "box": [881, 2940, 937, 2982]}], "linking": [[]], "id": 239}, {"box": [947, 2940, 1049, 2981], "text": "above", "label": "other", "words": [{"text": "above", "box": [947, 2940, 1049, 2981]}], "linking": [[]], "id": 240}, {"box": [1059, 2939, 1155, 2981], "text": "Terms", "label": "other", "words": [{"text": "Terms", "box": [1059, 2939, 1155, 2981]}], "linking": [[]], "id": 241}, {"box": [1165, 2939, 1191, 2981], "text": "&", "label": "other", "words": [{"text": "&", "box": [1165, 2939, 1191, 2981]}], "linking": [[]], "id": 242}, {"box": [1205, 2938, 1395, 2981], "text": "Conditions", "label": "other", "words": [{"text": "Conditions", "box": [1205, 2938, 1395, 2981]}], "linking": [[]], "id": 243}]}