{"form": [{"box": [1639, 28, 2473, 67], "text": "9CC110D8608E41229EBA_005", "label": "other", "words": [{"text": "9CC110D8608E41229EBA_005", "box": [1639, 28, 2473, 67]}], "linking": [[]], "id": 0}, {"box": [1015, 996, 1406, 1070], "text": "Morrisons", "label": "header", "words": [{"text": "Morrisons", "box": [1015, 996, 1406, 1070]}], "linking": [[]], "id": 1}, {"box": [1124, 1078, 1210, 1111], "text": "Since", "label": "question", "words": [{"text": "Since", "box": [1124, 1078, 1210, 1111]}], "linking": [[]], "id": 2}, {"box": [1224, 1077, 1305, 1111], "text": "1999", "label": "question", "words": [{"text": "1999", "box": [1224, 1077, 1305, 1111]}], "linking": [[]], "id": 3}, {"box": [947, 1105, 979, 1142], "text": "WM", "label": "answer", "words": [{"text": "WM", "box": [947, 1105, 979, 1142]}], "linking": [[]], "id": 4}, {"box": [988, 1105, 1119, 1143], "text": "Morrison", "label": "answer", "words": [{"text": "Morrison", "box": [988, 1105, 1119, 1143]}], "linking": [[]], "id": 5}, {"box": [1128, 1108, 1316, 1144], "text": "Supermarkets", "label": "answer", "words": [{"text": "Supermarkets", "box": [1128, 1108, 1316, 1144]}], "linking": [[]], "id": 6}, {"box": [1325, 1108, 1376, 1144], "text": "PLC", "label": "answer", "words": [{"text": "PLC", "box": [1325, 1108, 1376, 1144]}], "linking": [[]], "id": 7}, {"box": [1384, 1107, 1441, 1144], "text": "BD3", "label": "answer", "words": [{"text": "BD3", "box": [1384, 1107, 1441, 1144]}], "linking": [[]], "id": 8}, {"box": [1449, 1104, 1501, 1144], "text": "7DL", "label": "answer", "words": [{"text": "7DL", "box": [1449, 1104, 1501, 1144]}], "linking": [[]], "id": 9}, {"box": [1020, 1153, 1163, 1192], "text": "Coalville", "label": "answer", "words": [{"text": "Coalville", "box": [1020, 1153, 1163, 1192]}], "linking": [[]], "id": 10}, {"box": [1177, 1154, 1194, 1192], "text": "-", "label": "answer", "words": [{"text": "-", "box": [1177, 1154, 1194, 1192]}], "linking": [[]], "id": 11}, {"box": [1203, 1153, 1285, 1192], "text": "01530", "label": "answer", "words": [{"text": "01530", "box": [1203, 1153, 1285, 1192]}], "linking": [[]], "id": 12}, {"box": [1293, 1154, 1394, 1193], "text": "814666", "label": "answer", "words": [{"text": "814666", "box": [1293, 1154, 1394, 1193]}], "linking": [[]], "id": 13}, {"box": [1087, 1203, 1132, 1239], "text": "VAT", "label": "question", "words": [{"text": "VAT", "box": [1087, 1203, 1132, 1239]}], "linking": [[]], "id": 14}, {"box": [1141, 1204, 1183, 1241], "text": "No.", "label": "question", "words": [{"text": "No.", "box": [1141, 1204, 1183, 1241]}], "linking": [[]], "id": 15}, {"box": [1192, 1203, 1327, 1239], "text": "343475355", "label": "answer", "words": [{"text": "343475355", "box": [1192, 1203, 1327, 1239]}], "linking": [[]], "id": 16}, {"box": [915, 1250, 966, 1290], "text": "OPT", "label": "question", "words": [{"text": "OPT", "box": [915, 1250, 966, 1290]}], "linking": [[]], "id": 17}, {"box": [975, 1251, 1089, 1290], "text": "receipt", "label": "question", "words": [{"text": "receipt", "box": [975, 1251, 1089, 1290]}], "linking": [[]], "id": 18}, {"box": [1097, 1254, 1163, 1290], "text": "from", "label": "question", "words": [{"text": "from", "box": [1097, 1254, 1163, 1290]}], "linking": [[]], "id": 19}, {"box": [1170, 1255, 1246, 1290], "text": "pump", "label": "question", "words": [{"text": "pump", "box": [1170, 1255, 1246, 1290]}], "linking": [[]], "id": 20}, {"box": [1264, 1255, 1285, 1290], "text": "2", "label": "question", "words": [{"text": "2", "box": [1264, 1255, 1285, 1290]}], "linking": [[]], "id": 21}, {"box": [915, 1350, 950, 1388], "text": "Wm", "label": "answer", "words": [{"text": "Wm", "box": [915, 1350, 950, 1388]}], "linking": [[]], "id": 22}, {"box": [958, 1351, 1086, 1389], "text": "Morrison", "label": "answer", "words": [{"text": "Morrison", "box": [958, 1351, 1086, 1389]}], "linking": [[]], "id": 23}, {"box": [1094, 1351, 1192, 1389], "text": "Petrol", "label": "answer", "words": [{"text": "Petrol", "box": [1094, 1351, 1192, 1389]}], "linking": [[]], "id": 24}, {"box": [1201, 1351, 1316, 1390], "text": "Filling", "label": "answer", "words": [{"text": "Filling", "box": [1201, 1351, 1316, 1390]}], "linking": [[]], "id": 25}, {"box": [1325, 1352, 1436, 1390], "text": "Station", "label": "answer", "words": [{"text": "Station", "box": [1325, 1352, 1436, 1390]}], "linking": [[]], "id": 26}, {"box": [1179, 1400, 1237, 1435], "text": "COPY", "label": "other", "words": [{"text": "COPY", "box": [1179, 1400, 1237, 1435]}], "linking": [[]], "id": 27}, {"box": [1249, 1402, 1361, 1434], "text": "RECEIPT", "label": "other", "words": [{"text": "RECEIPT", "box": [1249, 1402, 1361, 1434]}], "linking": [[]], "id": 28}, {"box": [1104, 1500, 1222, 1536], "text": "Customer", "label": "other", "words": [{"text": "Customer", "box": [1104, 1500, 1222, 1536]}], "linking": [[]], "id": 29}, {"box": [1231, 1503, 1299, 1535], "text": "Copy", "label": "other", "words": [{"text": "Copy", "box": [1231, 1503, 1299, 1535]}], "linking": [[]], "id": 30}, {"box": [997, 1546, 1014, 1582], "text": "--", "label": "other", "words": [{"text": "--", "box": [997, 1546, 1014, 1582]}], "linking": [[]], "id": 31}, {"box": [1022, 1546, 1087, 1583], "text": "0054", "label": "answer", "words": [{"text": "0054", "box": [1022, 1546, 1087, 1583]}], "linking": [[]], "id": 32}, {"box": [1096, 1546, 1238, 1585], "text": "COALVILLE", "label": "answer", "words": [{"text": "COALVILLE", "box": [1096, 1546, 1238, 1585]}], "linking": [[]], "id": 33}, {"box": [1249, 1547, 1316, 1584], "text": "Till", "label": "answer", "words": [{"text": "Till", "box": [1249, 1547, 1316, 1584]}], "linking": [[]], "id": 34}, {"box": [1325, 1548, 1351, 1583], "text": "75", "label": "answer", "words": [{"text": "75", "box": [1325, 1548, 1351, 1583]}], "linking": [[]], "id": 35}, {"box": [1360, 1547, 1404, 1583], "text": "---", "label": "answer", "words": [{"text": "---", "box": [1360, 1547, 1404, 1583]}], "linking": [[]], "id": 36}, {"box": [1106, 1595, 1225, 1633], "text": "12/11/18", "label": "other", "words": [{"text": "12/11/18", "box": [1106, 1595, 1225, 1633]}], "linking": [[]], "id": 37}, {"box": [1234, 1596, 1318, 1632], "text": "18:11", "label": "answer", "words": [{"text": "18:11", "box": [1234, 1596, 1318, 1632]}], "linking": [[]], "id": 38}, {"box": [1074, 1646, 1193, 1682], "text": "Merchant", "label": "question", "words": [{"text": "Merchant", "box": [1074, 1646, 1193, 1682]}], "linking": [[]], "id": 39}, {"box": [1201, 1649, 1257, 1682], "text": "No.", "label": "question", "words": [{"text": "No.", "box": [1201, 1649, 1257, 1682]}], "linking": [[]], "id": 40}, {"box": [1265, 1649, 1318, 1680], "text": "***", "label": "question", "words": [{"text": "***", "box": [1265, 1649, 1318, 1680]}], "linking": [[]], "id": 41}, {"box": [1083, 1697, 1134, 1731], "text": "ICC", "label": "question", "words": [{"text": "ICC", "box": [1083, 1697, 1134, 1731]}], "linking": [[]], "id": 42}, {"box": [1143, 1696, 1317, 1730], "text": "TRANSACTION", "label": "question", "words": [{"text": "TRANSACTION", "box": [1143, 1696, 1317, 1730]}], "linking": [[]], "id": 43}, {"box": [962, 1742, 1025, 1780], "text": "TRAN", "label": "question", "words": [{"text": "TRAN", "box": [962, 1742, 1025, 1780]}], "linking": [[]], "id": 44}, {"box": [1033, 1743, 1088, 1780], "text": "NO.", "label": "question", "words": [{"text": "NO.", "box": [1033, 1743, 1088, 1780]}], "linking": [[]], "id": 45}, {"box": [1096, 1744, 1195, 1780], "text": "929878", "label": "answer", "words": [{"text": "929878", "box": [1096, 1744, 1195, 1780]}], "linking": [[]], "id": 46}, {"box": [1218, 1744, 1269, 1780], "text": "EFT", "label": "question", "words": [{"text": "EFT", "box": [1218, 1744, 1269, 1780]}], "linking": [[]], "id": 47}, {"box": [1276, 1743, 1332, 1781], "text": "NO.", "label": "question", "words": [{"text": "NO.", "box": [1276, 1743, 1332, 1781]}], "linking": [[]], "id": 48}, {"box": [1340, 1743, 1441, 1780], "text": "640696", "label": "answer", "words": [{"text": "640696", "box": [1340, 1743, 1441, 1780]}], "linking": [[]], "id": 49}, {"box": [1116, 1794, 1146, 1824], "text": "**", "label": "question", "words": [{"text": "**", "box": [1116, 1794, 1146, 1824]}], "linking": [[]], "id": 50}, {"box": [1160, 1794, 1221, 1823], "text": "SALE", "label": "question", "words": [{"text": "SALE", "box": [1160, 1794, 1221, 1823]}], "linking": [[]], "id": 51}, {"box": [1236, 1794, 1270, 1821], "text": "**", "label": "question", "words": [{"text": "**", "box": [1236, 1794, 1270, 1821]}], "linking": [[]], "id": 52}, {"box": [1105, 1890, 1165, 1927], "text": "PUMP", "label": "question", "words": [{"text": "PUMP", "box": [1105, 1890, 1165, 1927]}], "linking": [[]], "id": 53}, {"box": [1173, 1891, 1193, 1928], "text": "2", "label": "question", "words": [{"text": "2", "box": [1173, 1891, 1193, 1928]}], "linking": [[]], "id": 54}, {"box": [1217, 1891, 1315, 1929], "text": "Diesel", "label": "question", "words": [{"text": "Diesel", "box": [1217, 1891, 1315, 1929]}], "linking": [[]], "id": 55}, {"box": [1041, 1941, 1164, 1975], "text": "Terminal", "label": "question", "words": [{"text": "Terminal", "box": [1041, 1941, 1164, 1975]}], "linking": [[]], "id": 56}, {"box": [1173, 1941, 1226, 1975], "text": "No.", "label": "question", "words": [{"text": "No.", "box": [1173, 1941, 1226, 1975]}], "linking": [[]], "id": 57}, {"box": [1236, 1940, 1277, 1974], "text": "***", "label": "question", "words": [{"text": "***", "box": [1236, 1940, 1277, 1974]}], "linking": [[]], "id": 58}, {"box": [1286, 1938, 1348, 1972], "text": "5247", "label": "answer", "words": [{"text": "5247", "box": [1286, 1938, 1348, 1972]}], "linking": [[]], "id": 59}, {"box": [1023, 1989, 1101, 2026], "text": "69.70", "label": "answer", "words": [{"text": "69.70", "box": [1023, 1989, 1101, 2026]}], "linking": [[]], "id": 60}, {"box": [1109, 1988, 1148, 2025], "text": "L.", "label": "answer", "words": [{"text": "L.", "box": [1109, 1988, 1148, 2025]}], "linking": [[]], "id": 61}, {"box": [1156, 1987, 1178, 2026], "text": "@", "label": "answer", "words": [{"text": "@", "box": [1156, 1987, 1178, 2026]}], "linking": [[]], "id": 62}, {"box": [1189, 1988, 1270, 2026], "text": "135.9", "label": "answer", "words": [{"text": "135.9", "box": [1189, 1988, 1270, 2026]}], "linking": [[]], "id": 63}, {"box": [1279, 1987, 1298, 2026], "text": "P", "label": "answer", "words": [{"text": "P", "box": [1279, 1987, 1298, 2026]}], "linking": [[]], "id": 64}, {"box": [1310, 1988, 1358, 2027], "text": "/L.", "label": "answer", "words": [{"text": "/L.", "box": [1310, 1988, 1358, 2027]}], "linking": [[]], "id": 65}, {"box": [1116, 2038, 1135, 2072], "text": "=", "label": "answer", "words": [{"text": "=", "box": [1116, 2038, 1135, 2072]}], "linking": [[]], "id": 66}, {"box": [1140, 2037, 1273, 2073], "text": "GBP94.72", "label": "answer", "words": [{"text": "GBP94.72", "box": [1140, 2037, 1273, 2073]}], "linking": [[]], "id": 67}, {"box": [1089, 2134, 1162, 2172], "text": "TOTAL", "label": "question", "words": [{"text": "TOTAL", "box": [1089, 2134, 1162, 2172]}], "linking": [[]], "id": 68}, {"box": [1170, 2136, 1301, 2175], "text": "GBP94.72", "label": "answer", "words": [{"text": "GBP94.72", "box": [1170, 2136, 1301, 2175]}], "linking": [[]], "id": 69}, {"box": [1037, 2232, 1100, 2270], "text": "Visa", "label": "question", "words": [{"text": "Visa", "box": [1037, 2232, 1100, 2270]}], "linking": [[]], "id": 70}, {"box": [1109, 2234, 1195, 2271], "text": "Debit", "label": "question", "words": [{"text": "Debit", "box": [1109, 2234, 1195, 2271]}], "linking": [[]], "id": 71}, {"box": [1203, 2235, 1276, 2270], "text": "*****", "label": "question", "words": [{"text": "*****", "box": [1203, 2235, 1276, 2270]}], "linking": [[]], "id": 72}, {"box": [1283, 2235, 1351, 2270], "text": "9242", "label": "answer", "words": [{"text": "9242", "box": [1283, 2235, 1351, 2270]}], "linking": [[]], "id": 73}, {"box": [1086, 2283, 1133, 2318], "text": "PAN", "label": "question", "words": [{"text": "PAN", "box": [1086, 2283, 1133, 2318]}], "linking": [[]], "id": 74}, {"box": [1144, 2285, 1208, 2320], "text": "Seq.", "label": "question", "words": [{"text": "Seq.", "box": [1144, 2285, 1208, 2320]}], "linking": [[]], "id": 75}, {"box": [1217, 2286, 1270, 2321], "text": "No.", "label": "question", "words": [{"text": "No.", "box": [1217, 2286, 1270, 2321]}], "linking": [[]], "id": 76}, {"box": [1279, 2286, 1316, 2322], "text": "00", "label": "question", "words": [{"text": "00", "box": [1279, 2286, 1316, 2322]}], "linking": [[]], "id": 77}, {"box": [1069, 2332, 1131, 2370], "text": "Auth", "label": "question", "words": [{"text": "Auth", "box": [1069, 2332, 1131, 2370]}], "linking": [[]], "id": 78}, {"box": [1138, 2332, 1225, 2369], "text": "Code:", "label": "question", "words": [{"text": "Code:", "box": [1138, 2332, 1225, 2369]}], "linking": [[]], "id": 79}, {"box": [1232, 2333, 1333, 2368], "text": "065140", "label": "answer", "words": [{"text": "065140", "box": [1232, 2333, 1333, 2368]}], "linking": [[]], "id": 80}, {"box": [1083, 2382, 1207, 2419], "text": "Verified", "label": "question", "words": [{"text": "Verified", "box": [1083, 2382, 1207, 2419]}], "linking": [[]], "id": 81}, {"box": [1216, 2383, 1253, 2420], "text": "by", "label": "question", "words": [{"text": "by", "box": [1216, 2383, 1253, 2420]}], "linking": [[]], "id": 82}, {"box": [1261, 2384, 1319, 2419], "text": "Pin", "label": "question", "words": [{"text": "Pin", "box": [1261, 2384, 1319, 2419]}], "linking": [[]], "id": 83}, {"box": [1058, 2480, 1119, 2517], "text": "AID:", "label": "question", "words": [{"text": "AID:", "box": [1058, 2480, 1119, 2517]}], "linking": [[]], "id": 84}, {"box": [1128, 2481, 1347, 2516], "text": "A0000000031010", "label": "answer", "words": [{"text": "A0000000031010", "box": [1128, 2481, 1347, 2516]}], "linking": [[]], "id": 85}, {"box": [934, 2577, 998, 2615], "text": "RATE", "label": "question", "words": [{"text": "RATE", "box": [934, 2577, 998, 2615]}], "linking": [[]], "id": 86}, {"box": [1019, 2578, 1071, 2615], "text": "NET", "label": "question", "words": [{"text": "NET", "box": [1019, 2578, 1071, 2615]}], "linking": [[]], "id": 87}, {"box": [1079, 2578, 1123, 2614], "text": "Pr", "label": "question", "words": [{"text": "Pr", "box": [1079, 2578, 1123, 2614]}], "linking": [[]], "id": 88}, {"box": [1157, 2577, 1258, 2617], "text": "V.A.T.", "label": "question", "words": [{"text": "V.A.T.", "box": [1157, 2577, 1258, 2617]}], "linking": [[]], "id": 89}, {"box": [1278, 2578, 1362, 2616], "text": "Gross", "label": "question", "words": [{"text": "Gross", "box": [1278, 2578, 1362, 2616]}], "linking": [[]], "id": 90}, {"box": [934, 2628, 1014, 2665], "text": "20.0%", "label": "answer", "words": [{"text": "20.0%", "box": [934, 2628, 1014, 2665]}], "linking": [[]], "id": 91}, {"box": [1053, 2631, 1136, 2664], "text": "78.93", "label": "answer", "words": [{"text": "78.93", "box": [1053, 2631, 1136, 2664]}], "linking": [[]], "id": 92}, {"box": [1176, 2629, 1257, 2664], "text": "15.79", "label": "answer", "words": [{"text": "15.79", "box": [1176, 2629, 1257, 2664]}], "linking": [[]], "id": 93}, {"box": [1296, 2627, 1379, 2662], "text": "94.72", "label": "answer", "words": [{"text": "94.72", "box": [1296, 2627, 1379, 2662]}], "linking": [[]], "id": 94}, {"box": [916, 2676, 967, 2714], "text": "VAT", "label": "question", "words": [{"text": "VAT", "box": [916, 2676, 967, 2714]}], "linking": [[]], "id": 95}, {"box": [975, 2678, 1029, 2715], "text": "No.", "label": "question", "words": [{"text": "No.", "box": [975, 2678, 1029, 2715]}], "linking": [[]], "id": 96}, {"box": [1036, 2679, 1090, 2715], "text": "343", "label": "answer", "words": [{"text": "343", "box": [1036, 2679, 1090, 2715]}], "linking": [[]], "id": 97}, {"box": [1098, 2679, 1167, 2714], "text": "4753", "label": "answer", "words": [{"text": "4753", "box": [1098, 2679, 1167, 2714]}], "linking": [[]], "id": 98}, {"box": [1174, 2678, 1211, 2713], "text": "55", "label": "answer", "words": [{"text": "55", "box": [1174, 2678, 1211, 2713]}], "linking": [[]], "id": 99}, {"box": [1023, 2727, 1119, 2763], "text": "PLEASE", "label": "other", "words": [{"text": "PLEASE", "box": [1023, 2727, 1119, 2763]}], "linking": [[]], "id": 100}, {"box": [1127, 2727, 1194, 2763], "text": "KEEP", "label": "other", "words": [{"text": "KEEP", "box": [1127, 2727, 1194, 2763]}], "linking": [[]], "id": 101}, {"box": [1206, 2726, 1271, 2763], "text": "THIS", "label": "other", "words": [{"text": "THIS", "box": [1206, 2726, 1271, 2763]}], "linking": [[]], "id": 102}, {"box": [1279, 2726, 1396, 2765], "text": "RECEIPT", "label": "other", "words": [{"text": "RECEIPT", "box": [1279, 2726, 1396, 2765]}], "linking": [[]], "id": 103}]}