{"form": [{"box": [119, 115, 277, 144], "text": "RONTEC", "label": "other", "words": [{"text": "RONTEC", "box": [119, 115, 277, 144]}], "linking": [[]], "id": 0}, {"box": [9, 182, 41, 202], "text": "RSS", "label": "answer", "words": [{"text": "RSS", "box": [9, 182, 41, 202]}], "linking": [[]], "id": 1}, {"box": [44, 182, 88, 202], "text": "East", "label": "answer", "words": [{"text": "East", "box": [44, 182, 88, 202]}], "linking": [[]], "id": 2}, {"box": [92, 181, 145, 203], "text": "Marsh", "label": "answer", "words": [{"text": "Marsh", "box": [92, 181, 145, 203]}], "linking": [[]], "id": 3}, {"box": [10, 206, 51, 227], "text": "East", "label": "answer", "words": [{"text": "East", "box": [10, 206, 51, 227]}], "linking": [[]], "id": 4}, {"box": [54, 206, 108, 226], "text": "Marsh", "label": "answer", "words": [{"text": "Marsh", "box": [54, 206, 108, 226]}], "linking": [[]], "id": 5}, {"box": [11, 230, 70, 251], "text": "Albion", "label": "answer", "words": [{"text": "Albion", "box": [11, 230, 70, 251]}], "linking": [[]], "id": 6}, {"box": [74, 231, 137, 251], "text": "Street", "label": "answer", "words": [{"text": "Street", "box": [74, 231, 137, 251]}], "linking": [[]], "id": 7}, {"box": [9, 253, 79, 278], "text": "Grimsby", "label": "answer", "words": [{"text": "Grimsby", "box": [9, 253, 79, 278]}], "linking": [[]], "id": 8}, {"box": [12, 279, 51, 299], "text": "DN32", "label": "answer", "words": [{"text": "DN32", "box": [12, 279, 51, 299]}], "linking": [[]], "id": 9}, {"box": [59, 279, 89, 299], "text": "7DX", "label": "answer", "words": [{"text": "7DX", "box": [59, 279, 89, 299]}], "linking": [[]], "id": 10}, {"box": [11, 326, 51, 347], "text": "Site", "label": "question", "words": [{"text": "Site", "box": [11, 326, 51, 347]}], "linking": [[]], "id": 11}, {"box": [56, 327, 80, 347], "text": "ID", "label": "question", "words": [{"text": "ID", "box": [56, 327, 80, 347]}], "linking": [[]], "id": 12}, {"box": [88, 327, 99, 347], "text": ":", "label": "question", "words": [{"text": ":", "box": [88, 327, 99, 347]}], "linking": [[]], "id": 13}, {"box": [105, 327, 147, 347], "text": "6407", "label": "answer", "words": [{"text": "6407", "box": [105, 327, 147, 347]}], "linking": [[]], "id": 14}, {"box": [13, 350, 100, 372], "text": "Telephone", "label": "question", "words": [{"text": "Telephone", "box": [13, 350, 100, 372]}], "linking": [[]], "id": 15}, {"box": [104, 351, 167, 371], "text": "Number", "label": "question", "words": [{"text": "Number", "box": [104, 351, 167, 371]}], "linking": [[]], "id": 16}, {"box": [172, 350, 185, 371], "text": ":", "label": "question", "words": [{"text": ":", "box": [172, 350, 185, 371]}], "linking": [[]], "id": 17}, {"box": [189, 350, 241, 370], "text": "01472", "label": "answer", "words": [{"text": "01472", "box": [189, 350, 241, 370]}], "linking": [[]], "id": 18}, {"box": [248, 350, 307, 369], "text": "362921", "label": "answer", "words": [{"text": "362921", "box": [248, 350, 307, 369]}], "linking": [[]], "id": 19}, {"box": [12, 371, 41, 396], "text": "VAT", "label": "question", "words": [{"text": "VAT", "box": [12, 371, 41, 396]}], "linking": [[]], "id": 20}, {"box": [46, 371, 90, 397], "text": "Code", "label": "question", "words": [{"text": "Code", "box": [46, 371, 90, 397]}], "linking": [[]], "id": 21}, {"box": [95, 373, 196, 396], "text": "(Articles)", "label": "question", "words": [{"text": "(Articles)", "box": [95, 373, 196, 396]}], "linking": [[]], "id": 22}, {"box": [200, 372, 212, 396], "text": ":", "label": "question", "words": [{"text": ":", "box": [200, 372, 212, 396]}], "linking": [[]], "id": 23}, {"box": [217, 372, 250, 396], "text": "261", "label": "answer", "words": [{"text": "261", "box": [217, 372, 250, 396]}], "linking": [[]], "id": 24}, {"box": [254, 371, 281, 395], "text": "86", "label": "answer", "words": [{"text": "86", "box": [254, 371, 281, 395]}], "linking": [[]], "id": 25}, {"box": [286, 370, 329, 394], "text": "4684", "label": "answer", "words": [{"text": "4684", "box": [286, 370, 329, 394]}], "linking": [[]], "id": 26}, {"box": [13, 397, 43, 418], "text": "VAT", "label": "question", "words": [{"text": "VAT", "box": [13, 397, 43, 418]}], "linking": [[]], "id": 27}, {"box": [47, 397, 91, 419], "text": "Code", "label": "question", "words": [{"text": "Code", "box": [47, 397, 91, 419]}], "linking": [[]], "id": 28}, {"box": [96, 398, 167, 418], "text": "(Fuels)", "label": "question", "words": [{"text": "(Fuels)", "box": [96, 398, 167, 418]}], "linking": [[]], "id": 29}, {"box": [172, 398, 184, 418], "text": ":", "label": "question", "words": [{"text": ":", "box": [172, 398, 184, 418]}], "linking": [[]], "id": 30}, {"box": [192, 398, 222, 418], "text": "115", "label": "answer", "words": [{"text": "115", "box": [192, 398, 222, 418]}], "linking": [[]], "id": 31}, {"box": [229, 397, 259, 417], "text": "116", "label": "answer", "words": [{"text": "116", "box": [229, 397, 259, 417]}], "linking": [[]], "id": 32}, {"box": [266, 397, 299, 416], "text": "459", "label": "answer", "words": [{"text": "459", "box": [266, 397, 299, 416]}], "linking": [[]], "id": 33}, {"box": [50, 445, 192, 465], "text": "CUSTOMER", "label": "header", "words": [{"text": "CUSTOMER", "box": [50, 445, 192, 465]}], "linking": [[]], "id": 34}, {"box": [216, 444, 349, 464], "text": "RECEIPT", "label": "header", "words": [{"text": "RECEIPT", "box": [216, 444, 349, 464]}], "linking": [[]], "id": 35}, {"box": [23, 492, 89, 511], "text": "ARTICLE", "label": "question", "words": [{"text": "ARTICLE", "box": [23, 492, 89, 511]}], "linking": [[]], "id": 36}, {"box": [229, 491, 259, 510], "text": "VAT", "label": "question", "words": [{"text": "VAT", "box": [229, 491, 259, 510]}], "linking": [[]], "id": 37}, {"box": [336, 491, 396, 510], "text": "AMOUNT", "label": "question", "words": [{"text": "AMOUNT", "box": [336, 491, 396, 510]}], "linking": [[]], "id": 38}, {"box": [13, 517, 81, 536], "text": "*Diesel", "label": "question", "words": [{"text": "*Diesel", "box": [13, 517, 81, 536]}], "linking": [[]], "id": 39}, {"box": [242, 516, 248, 533], "text": "1", "label": "answer", "words": [{"text": "1", "box": [242, 516, 248, 533]}], "linking": [[]], "id": 40}, {"box": [326, 516, 336, 535], "text": "\u00a3", "label": "answer", "words": [{"text": "\u00a3", "box": [326, 516, 336, 535]}], "linking": [[]], "id": 41}, {"box": [344, 516, 395, 535], "text": "69.01", "label": "answer", "words": [{"text": "69.01", "box": [344, 516, 395, 535]}], "linking": [[]], "id": 42}, {"box": [35, 538, 83, 563], "text": "(PUMP", "label": "answer", "words": [{"text": "(PUMP", "box": [35, 538, 83, 563]}], "linking": [[]], "id": 43}, {"box": [96, 537, 119, 563], "text": "1;", "label": "answer", "words": [{"text": "1;", "box": [96, 537, 119, 563]}], "linking": [[]], "id": 44}, {"box": [124, 537, 175, 562], "text": "56.61", "label": "answer", "words": [{"text": "56.61", "box": [124, 537, 175, 562]}], "linking": [[]], "id": 45}, {"box": [180, 536, 193, 562], "text": "@", "label": "answer", "words": [{"text": "@", "box": [180, 536, 193, 562]}], "linking": [[]], "id": 46}, {"box": [198, 536, 212, 562], "text": "*", "label": "answer", "words": [{"text": "*", "box": [198, 536, 212, 562]}], "linking": [[]], "id": 47}, {"box": [217, 536, 231, 562], "text": "\u00a3", "label": "answer", "words": [{"text": "\u00a3", "box": [217, 536, 231, 562]}], "linking": [[]], "id": 48}, {"box": [237, 536, 291, 562], "text": "1.219/", "label": "answer", "words": [{"text": "1.219/", "box": [237, 536, 291, 562]}], "linking": [[]], "id": 49}, {"box": [297, 536, 303, 561], "text": "\u20a1", "label": "answer", "words": [{"text": "\u20a1", "box": [297, 536, 303, 561]}], "linking": [[]], "id": 50}, {"box": [308, 536, 318, 561], "text": ")", "label": "answer", "words": [{"text": ")", "box": [308, 536, 318, 561]}], "linking": [[]], "id": 51}, {"box": [327, 539, 334, 556], "text": "*", "label": "answer", "words": [{"text": "*", "box": [327, 539, 334, 556]}], "linking": [[]], "id": 52}, {"box": [270, 568, 276, 578], "text": "+", "label": "other", "words": [{"text": "+", "box": [270, 568, 276, 578]}], "linking": [[]], "id": 53}, {"box": [33, 586, 118, 607], "text": "TOTAL", "label": "question", "words": [{"text": "TOTAL", "box": [33, 586, 118, 607]}], "linking": [[]], "id": 54}, {"box": [259, 587, 270, 607], "text": "\u00a3", "label": "answer", "words": [{"text": "\u00a3", "box": [259, 587, 270, 607]}], "linking": [[]], "id": 55}, {"box": [293, 586, 389, 608], "text": "69.01", "label": "answer", "words": [{"text": "69.01", "box": [293, 586, 389, 608]}], "linking": [[]], "id": 56}, {"box": [13, 632, 51, 654], "text": "Visa", "label": "question", "words": [{"text": "Visa", "box": [13, 632, 51, 654]}], "linking": [[]], "id": 57}, {"box": [325, 634, 336, 654], "text": "\u00a3", "label": "answer", "words": [{"text": "\u00a3", "box": [325, 634, 336, 654]}], "linking": [[]], "id": 58}, {"box": [343, 634, 395, 654], "text": "69.01", "label": "answer", "words": [{"text": "69.01", "box": [343, 634, 395, 654]}], "linking": [[]], "id": 59}, {"box": [11, 681, 68, 704], "text": "GemPay", "label": "answer", "words": [{"text": "GemPay", "box": [11, 681, 68, 704]}], "linking": [[]], "id": 60}, {"box": [10, 705, 58, 725], "text": "VISA:", "label": "question", "words": [{"text": "VISA:", "box": [10, 705, 58, 725]}], "linking": [[]], "id": 61}, {"box": [239, 708, 352, 724], "text": "************", "label": "answer", "words": [{"text": "************", "box": [239, 708, 352, 724]}], "linking": [[]], "id": 62}, {"box": [357, 707, 391, 725], "text": "7476", "label": "answer", "words": [{"text": "7476", "box": [357, 707, 391, 725]}], "linking": [[]], "id": 63}, {"box": [10, 729, 88, 749], "text": "Terminal", "label": "question", "words": [{"text": "Terminal", "box": [10, 729, 88, 749]}], "linking": [[]], "id": 64}, {"box": [93, 729, 112, 749], "text": "ID", "label": "question", "words": [{"text": "ID", "box": [93, 729, 112, 749]}], "linking": [[]], "id": 65}, {"box": [116, 729, 135, 749], "text": ".:", "label": "question", "words": [{"text": ".:", "box": [116, 729, 135, 749]}], "linking": [[]], "id": 66}, {"box": [314, 729, 393, 748], "text": "20248971", "label": "answer", "words": [{"text": "20248971", "box": [314, 729, 393, 748]}], "linking": [[]], "id": 67}, {"box": [10, 753, 117, 773], "text": "Transaction", "label": "question", "words": [{"text": "Transaction", "box": [10, 753, 117, 773]}], "linking": [[]], "id": 68}, {"box": [121, 754, 141, 773], "text": "no", "label": "question", "words": [{"text": "no", "box": [121, 754, 141, 773]}], "linking": [[]], "id": 69}, {"box": [145, 754, 162, 774], "text": ".:", "label": "question", "words": [{"text": ".:", "box": [145, 754, 162, 774]}], "linking": [[]], "id": 70}, {"box": [335, 752, 392, 773], "text": "021816", "label": "answer", "words": [{"text": "021816", "box": [335, 752, 392, 773]}], "linking": [[]], "id": 71}, {"box": [10, 777, 78, 797], "text": "Loyalty", "label": "question", "words": [{"text": "Loyalty", "box": [10, 777, 78, 797]}], "linking": [[]], "id": 72}, {"box": [82, 777, 118, 798], "text": "no.", "label": "question", "words": [{"text": "no.", "box": [82, 777, 118, 798]}], "linking": [[]], "id": 73}, {"box": [239, 775, 390, 798], "text": "9794024111587939", "label": "answer", "words": [{"text": "9794024111587939", "box": [239, 775, 390, 798]}], "linking": [[]], "id": 74}, {"box": [10, 800, 87, 821], "text": "Balance:", "label": "question", "words": [{"text": "Balance:", "box": [10, 800, 87, 821]}], "linking": [[]], "id": 75}, {"box": [373, 800, 394, 819], "text": "28", "label": "answer", "words": [{"text": "28", "box": [373, 800, 394, 819]}], "linking": [[]], "id": 76}, {"box": [10, 849, 78, 869], "text": "VISA", "label": "answer", "words": [{"text": "VISA", "box": [10, 849, 78, 869]}], "linking": [[]], "id": 77}, {"box": [9, 896, 40, 919], "text": "VAT", "label": "question", "words": [{"text": "VAT", "box": [9, 896, 40, 919]}], "linking": [[]], "id": 78}, {"box": [45, 897, 88, 919], "text": "type", "label": "question", "words": [{"text": "type", "box": [45, 897, 88, 919]}], "linking": [[]], "id": 79}, {"box": [124, 899, 132, 918], "text": "%", "label": "question", "words": [{"text": "%", "box": [124, 899, 132, 918]}], "linking": [[]], "id": 80}, {"box": [228, 897, 270, 917], "text": "Nett", "label": "question", "words": [{"text": "Nett", "box": [228, 897, 270, 917]}], "linking": [[]], "id": 81}, {"box": [295, 897, 328, 919], "text": "VAT", "label": "question", "words": [{"text": "VAT", "box": [295, 897, 328, 919]}], "linking": [[]], "id": 82}, {"box": [333, 898, 396, 919], "text": "amount", "label": "question", "words": [{"text": "amount", "box": [333, 898, 396, 919]}], "linking": [[]], "id": 83}, {"box": [50, 923, 56, 938], "text": "1", "label": "answer", "words": [{"text": "1", "box": [50, 923, 56, 938]}], "linking": [[]], "id": 84}, {"box": [95, 922, 144, 942], "text": "20.00", "label": "answer", "words": [{"text": "20.00", "box": [95, 922, 144, 942]}], "linking": [[]], "id": 85}, {"box": [198, 920, 212, 944], "text": "\u00a3", "label": "answer", "words": [{"text": "\u00a3", "box": [198, 920, 212, 944]}], "linking": [[]], "id": 86}, {"box": [217, 920, 267, 944], "text": "57.51", "label": "answer", "words": [{"text": "57.51", "box": [217, 920, 267, 944]}], "linking": [[]], "id": 87}, {"box": [325, 923, 337, 944], "text": "\u00a3", "label": "answer", "words": [{"text": "\u00a3", "box": [325, 923, 337, 944]}], "linking": [[]], "id": 88}, {"box": [344, 923, 395, 943], "text": "11.50", "label": "answer", "words": [{"text": "11.50", "box": [344, 923, 395, 943]}], "linking": [[]], "id": 89}, {"box": [8, 970, 106, 990], "text": "28-12-2017", "label": "answer", "words": [{"text": "28-12-2017", "box": [8, 970, 106, 990]}], "linking": [[]], "id": 90}, {"box": [113, 970, 163, 990], "text": "13:53", "label": "answer", "words": [{"text": "13:53", "box": [113, 970, 163, 990]}], "linking": [[]], "id": 91}, {"box": [180, 971, 222, 991], "text": "5843", "label": "other", "words": [{"text": "5843", "box": [180, 971, 222, 991]}], "linking": [[]], "id": 92}, {"box": [256, 969, 282, 994], "text": "05", "label": "other", "words": [{"text": "05", "box": [256, 969, 282, 994]}], "linking": [[]], "id": 93}, {"box": [296, 971, 398, 994], "text": "1537110336", "label": "other", "words": [{"text": "1537110336", "box": [296, 971, 398, 994]}], "linking": [[]], "id": 94}, {"box": [9, 993, 183, 1014], "text": "11-040752-62618104", "label": "other", "words": [{"text": "11-040752-62618104", "box": [9, 993, 183, 1014]}], "linking": [[]], "id": 95}, {"box": [9, 1040, 96, 1063], "text": "Thank-You", "label": "other", "words": [{"text": "Thank-You", "box": [9, 1040, 96, 1063]}], "linking": [[]], "id": 96}, {"box": [100, 1042, 134, 1064], "text": "For", "label": "other", "words": [{"text": "For", "box": [100, 1042, 134, 1064]}], "linking": [[]], "id": 97}, {"box": [139, 1042, 212, 1067], "text": "Calling", "label": "other", "words": [{"text": "Calling", "box": [139, 1042, 212, 1067]}], "linking": [[]], "id": 98}]}