{"form": [{"box": [1543, 65, 2162, 400], "text": "Six", "label": "other", "words": [{"text": "Six", "box": [1543, 65, 2162, 400]}], "linking": [[]], "id": 0}, {"box": [2053, 17, 2468, 63], "text": "XPD040921743", "label": "other", "words": [{"text": "XPD040921743", "box": [2053, 17, 2468, 63]}], "linking": [[]], "id": 1}, {"box": [223, 63, 378, 104], "text": "SIXT:PN", "label": "other", "words": [{"text": "SIXT:PN", "box": [223, 63, 378, 104]}], "linking": [[]], "id": 2}, {"box": [224, 111, 393, 146], "text": "Electronically", "label": "other", "words": [{"text": "Electronically", "box": [224, 111, 393, 146]}], "linking": [[]], "id": 3}, {"box": [402, 110, 487, 146], "text": "signed", "label": "other", "words": [{"text": "signed", "box": [402, 110, 487, 146]}], "linking": [[]], "id": 4}, {"box": [495, 109, 527, 146], "text": "on", "label": "other", "words": [{"text": "on", "box": [495, 109, 527, 146]}], "linking": [[]], "id": 5}, {"box": [535, 109, 686, 145], "text": "05.11.2020", "label": "other", "words": [{"text": "05.11.2020", "box": [535, 109, 686, 145]}], "linking": [[]], "id": 6}, {"box": [699, 108, 778, 145], "text": "23:29", "label": "other", "words": [{"text": "23:29", "box": [699, 108, 778, 145]}], "linking": [[]], "id": 7}, {"box": [220, 144, 352, 180], "text": "Certificate", "label": "other", "words": [{"text": "Certificate", "box": [220, 144, 352, 180]}], "linking": [[]], "id": 8}, {"box": [358, 149, 448, 180], "text": "(issuer", "label": "other", "words": [{"text": "(issuer", "box": [358, 149, 448, 180]}], "linking": [[]], "id": 9}, {"box": [455, 150, 508, 180], "text": "and", "label": "other", "words": [{"text": "and", "box": [455, 150, 508, 180]}], "linking": [[]], "id": 10}, {"box": [515, 151, 584, 181], "text": "serial", "label": "other", "words": [{"text": "serial", "box": [515, 151, 584, 181]}], "linking": [[]], "id": 11}, {"box": [591, 151, 702, 182], "text": "number)", "label": "other", "words": [{"text": "number)", "box": [591, 151, 702, 182]}], "linking": [[]], "id": 12}, {"box": [222, 184, 347, 217], "text": "D-TRUST", "label": "other", "words": [{"text": "D-TRUST", "box": [222, 184, 347, 217]}], "linking": [[]], "id": 13}, {"box": [355, 184, 398, 216], "text": "CA", "label": "other", "words": [{"text": "CA", "box": [355, 184, 398, 216]}], "linking": [[]], "id": 14}, {"box": [406, 184, 449, 216], "text": "3-1", "label": "other", "words": [{"text": "3-1", "box": [406, 184, 449, 216]}], "linking": [[]], "id": 15}, {"box": [457, 184, 524, 215], "text": "2016", "label": "other", "words": [{"text": "2016", "box": [457, 184, 524, 215]}], "linking": [[]], "id": 16}, {"box": [223, 223, 779, 255], "text": "09A06DB395ADEE56698581BE52335A42", "label": "other", "words": [{"text": "09A06DB395ADEE56698581BE52335A42", "box": [223, 223, 779, 255]}], "linking": [[]], "id": 17}, {"box": [354, 557, 397, 590], "text": "Sixt", "label": "answer", "words": [{"text": "Sixt", "box": [354, 557, 397, 590]}], "linking": [[]], "id": 18}, {"box": [405, 557, 455, 591], "text": "rent", "label": "answer", "words": [{"text": "rent", "box": [405, 557, 455, 591]}], "linking": [[]], "id": 19}, {"box": [464, 556, 477, 591], "text": "a", "label": "answer", "words": [{"text": "a", "box": [464, 556, 477, 591]}], "linking": [[]], "id": 20}, {"box": [485, 556, 527, 592], "text": "car", "label": "answer", "words": [{"text": "car", "box": [485, 556, 527, 592]}], "linking": [[]], "id": 21}, {"box": [535, 556, 632, 593], "text": "Limited", "label": "answer", "words": [{"text": "Limited", "box": [535, 556, 632, 593]}], "linking": [[]], "id": 22}, {"box": [640, 555, 686, 593], "text": "Sixt", "label": "answer", "words": [{"text": "Sixt", "box": [640, 555, 686, 593]}], "linking": [[]], "id": 23}, {"box": [694, 555, 788, 595], "text": "House,", "label": "answer", "words": [{"text": "House,", "box": [694, 555, 788, 595]}], "linking": [[]], "id": 24}, {"box": [795, 556, 809, 595], "text": "5", "label": "answer", "words": [{"text": "5", "box": [795, 556, 809, 595]}], "linking": [[]], "id": 25}, {"box": [817, 556, 919, 596], "text": "Langley", "label": "answer", "words": [{"text": "Langley", "box": [817, 556, 919, 596]}], "linking": [[]], "id": 26}, {"box": [927, 555, 1016, 596], "text": "Quays,", "label": "answer", "words": [{"text": "Quays,", "box": [927, 555, 1016, 596]}], "linking": [[]], "id": 27}, {"box": [1024, 555, 1159, 596], "text": "Waterside", "label": "answer", "words": [{"text": "Waterside", "box": [1024, 555, 1159, 596]}], "linking": [[]], "id": 28}, {"box": [1166, 555, 1243, 596], "text": "Drive,", "label": "answer", "words": [{"text": "Drive,", "box": [1166, 555, 1243, 596]}], "linking": [[]], "id": 29}, {"box": [1250, 555, 1359, 596], "text": "Langley,", "label": "answer", "words": [{"text": "Langley,", "box": [1250, 555, 1359, 596]}], "linking": [[]], "id": 30}, {"box": [1367, 554, 1459, 596], "text": "Slough", "label": "answer", "words": [{"text": "Slough", "box": [1367, 554, 1459, 596]}], "linking": [[]], "id": 31}, {"box": [1466, 554, 1515, 596], "text": "SL3", "label": "answer", "words": [{"text": "SL3", "box": [1466, 554, 1515, 596]}], "linking": [[]], "id": 32}, {"box": [1522, 555, 1586, 596], "text": "6EY,", "label": "answer", "words": [{"text": "6EY,", "box": [1522, 555, 1586, 596]}], "linking": [[]], "id": 33}, {"box": [1593, 555, 1704, 595], "text": "England", "label": "answer", "words": [{"text": "England", "box": [1593, 555, 1704, 595]}], "linking": [[]], "id": 34}, {"box": [357, 750, 656, 794], "text": "Company/Mr/Ms", "label": "question", "words": [{"text": "Company/Mr/Ms", "box": [357, 750, 656, 794]}], "linking": [[]], "id": 35}, {"box": [354, 796, 539, 839], "text": "HERTZKE", "label": "answer", "words": [{"text": "HERTZKE", "box": [354, 796, 539, 839]}], "linking": [[]], "id": 36}, {"box": [353, 844, 522, 885], "text": "PATRICK", "label": "answer", "words": [{"text": "PATRICK", "box": [353, 844, 522, 885]}], "linking": [[]], "id": 37}, {"box": [357, 896, 463, 934], "text": "pipers", "label": "answer", "words": [{"text": "pipers", "box": [357, 896, 463, 934]}], "linking": [[]], "id": 38}, {"box": [472, 894, 542, 935], "text": "end", "label": "answer", "words": [{"text": "end", "box": [472, 894, 542, 935]}], "linking": [[]], "id": 39}, {"box": [356, 940, 552, 981], "text": "GANDERS", "label": "answer", "words": [{"text": "GANDERS", "box": [356, 940, 552, 981]}], "linking": [[]], "id": 40}, {"box": [356, 983, 525, 1027], "text": "VIRGINIA", "label": "answer", "words": [{"text": "VIRGINIA", "box": [356, 983, 525, 1027]}], "linking": [[]], "id": 41}, {"box": [535, 982, 713, 1027], "text": "WATERS", "label": "answer", "words": [{"text": "WATERS", "box": [535, 982, 713, 1027]}], "linking": [[]], "id": 42}, {"box": [356, 1035, 443, 1074], "text": "gu25", "label": "answer", "words": [{"text": "gu25", "box": [356, 1035, 443, 1074]}], "linking": [[]], "id": 43}, {"box": [452, 1034, 522, 1075], "text": "4aw", "label": "answer", "words": [{"text": "4aw", "box": [452, 1034, 522, 1075]}], "linking": [[]], "id": 44}, {"box": [350, 1078, 740, 1123], "text": "GROSSBRITANNIEN", "label": "answer", "words": [{"text": "GROSSBRITANNIEN", "box": [350, 1078, 740, 1123]}], "linking": [[]], "id": 45}, {"box": [297, 1228, 368, 1264], "text": "Time", "label": "question", "words": [{"text": "Time", "box": [297, 1228, 368, 1264]}], "linking": [[]], "id": 46}, {"box": [375, 1230, 443, 1264], "text": "out:", "label": "question", "words": [{"text": "out:", "box": [375, 1230, 443, 1264]}], "linking": [[]], "id": 47}, {"box": [1686, 1233, 1867, 1271], "text": "INVOICE", "label": "header", "words": [{"text": "INVOICE", "box": [1686, 1233, 1867, 1271]}], "linking": [[]], "id": 48}, {"box": [296, 1280, 449, 1317], "text": "08.10.2020", "label": "answer", "words": [{"text": "08.10.2020", "box": [296, 1280, 449, 1317]}], "linking": [[]], "id": 49}, {"box": [458, 1279, 471, 1317], "text": "/", "label": "answer", "words": [{"text": "/", "box": [458, 1279, 471, 1317]}], "linking": [[]], "id": 50}, {"box": [481, 1279, 563, 1318], "text": "20:48", "label": "answer", "words": [{"text": "20:48", "box": [481, 1279, 563, 1318]}], "linking": [[]], "id": 51}, {"box": [630, 1280, 652, 1320], "text": "-", "label": "question", "words": [{"text": "-", "box": [630, 1280, 652, 1320]}], "linking": [[]], "id": 52}, {"box": [659, 1280, 733, 1320], "text": "City:", "label": "question", "words": [{"text": "City:", "box": [659, 1280, 733, 1320]}], "linking": [[]], "id": 53}, {"box": [740, 1282, 849, 1319], "text": "London", "label": "answer", "words": [{"text": "London", "box": [740, 1282, 849, 1319]}], "linking": [[]], "id": 54}, {"box": [856, 1282, 996, 1318], "text": "Heathrow", "label": "answer", "words": [{"text": "Heathrow", "box": [856, 1282, 996, 1318]}], "linking": [[]], "id": 55}, {"box": [1003, 1280, 1050, 1318], "text": "AP", "label": "answer", "words": [{"text": "AP", "box": [1003, 1280, 1050, 1318]}], "linking": [[]], "id": 56}, {"box": [1059, 1279, 1080, 1318], "text": "T", "label": "answer", "words": [{"text": "T", "box": [1059, 1279, 1080, 1318]}], "linking": [[]], "id": 57}, {"box": [1688, 1289, 1796, 1319], "text": "Langley,", "label": "question", "words": [{"text": "Langley,", "box": [1688, 1289, 1796, 1319]}], "linking": [[]], "id": 58}, {"box": [1977, 1288, 2110, 1318], "text": "04.11.2020", "label": "answer", "words": [{"text": "04.11.2020", "box": [1977, 1288, 2110, 1318]}], "linking": [[]], "id": 59}, {"box": [294, 1330, 347, 1364], "text": "ml:", "label": "question", "words": [{"text": "ml:", "box": [294, 1330, 347, 1364]}], "linking": [[]], "id": 60}, {"box": [361, 1329, 437, 1362], "text": "2494", "label": "answer", "words": [{"text": "2494", "box": [361, 1329, 437, 1362]}], "linking": [[]], "id": 61}, {"box": [1692, 1322, 1827, 1351], "text": "Document:", "label": "question", "words": [{"text": "Document:", "box": [1692, 1322, 1827, 1351]}], "linking": [[]], "id": 62}, {"box": [1836, 1319, 2133, 1351], "text": "9473801075/00/M/00/N", "label": "answer", "words": [{"text": "9473801075/00/M/00/N", "box": [1836, 1319, 2133, 1351]}], "linking": [[]], "id": 63}, {"box": [296, 1415, 365, 1455], "text": "Time", "label": "question", "words": [{"text": "Time", "box": [296, 1415, 365, 1455]}], "linking": [[]], "id": 64}, {"box": [375, 1418, 408, 1456], "text": "in", "label": "question", "words": [{"text": "in", "box": [375, 1418, 408, 1456]}], "linking": [[]], "id": 65}, {"box": [417, 1418, 436, 1456], "text": ":", "label": "question", "words": [{"text": ":", "box": [417, 1418, 436, 1456]}], "linking": [[]], "id": 66}, {"box": [296, 1473, 448, 1515], "text": "04.11.2020", "label": "answer", "words": [{"text": "04.11.2020", "box": [296, 1473, 448, 1515]}], "linking": [[]], "id": 67}, {"box": [457, 1473, 470, 1515], "text": "/", "label": "answer", "words": [{"text": "/", "box": [457, 1473, 470, 1515]}], "linking": [[]], "id": 68}, {"box": [479, 1473, 566, 1511], "text": "21:28", "label": "answer", "words": [{"text": "21:28", "box": [479, 1473, 566, 1511]}], "linking": [[]], "id": 69}, {"box": [631, 1473, 652, 1515], "text": "-", "label": "question", "words": [{"text": "-", "box": [631, 1473, 652, 1515]}], "linking": [[]], "id": 70}, {"box": [661, 1474, 732, 1516], "text": "City:", "label": "question", "words": [{"text": "City:", "box": [661, 1474, 732, 1516]}], "linking": [[]], "id": 71}, {"box": [741, 1475, 848, 1516], "text": "London", "label": "answer", "words": [{"text": "London", "box": [741, 1475, 848, 1516]}], "linking": [[]], "id": 72}, {"box": [858, 1475, 995, 1516], "text": "Heathrow", "label": "answer", "words": [{"text": "Heathrow", "box": [858, 1475, 995, 1516]}], "linking": [[]], "id": 73}, {"box": [1004, 1474, 1050, 1516], "text": "AP", "label": "answer", "words": [{"text": "AP", "box": [1004, 1474, 1050, 1516]}], "linking": [[]], "id": 74}, {"box": [1060, 1474, 1081, 1515], "text": "T", "label": "answer", "words": [{"text": "T", "box": [1060, 1474, 1081, 1515]}], "linking": [[]], "id": 75}, {"box": [1690, 1461, 1740, 1492], "text": "Cust", "label": "question", "words": [{"text": "Cust", "box": [1690, 1461, 1740, 1492]}], "linking": [[]], "id": 76}, {"box": [1747, 1461, 1756, 1492], "text": ".:", "label": "question", "words": [{"text": ".:", "box": [1747, 1461, 1756, 1492]}], "linking": [[]], "id": 77}, {"box": [1763, 1461, 1874, 1493], "text": "9866425", "label": "answer", "words": [{"text": "9866425", "box": [1763, 1461, 1874, 1493]}], "linking": [[]], "id": 78}, {"box": [1881, 1462, 1938, 1493], "text": "VAT", "label": "question", "words": [{"text": "VAT", "box": [1881, 1462, 1938, 1493]}], "linking": [[]], "id": 79}, {"box": [1945, 1463, 1975, 1494], "text": "no", "label": "question", "words": [{"text": "no", "box": [1945, 1463, 1975, 1494]}], "linking": [[]], "id": 80}, {"box": [1982, 1464, 1999, 1494], "text": ".:", "label": "question", "words": [{"text": ".:", "box": [1982, 1464, 1999, 1494]}], "linking": [[]], "id": 81}, {"box": [296, 1524, 346, 1560], "text": "ml:", "label": "question", "words": [{"text": "ml:", "box": [296, 1524, 346, 1560]}], "linking": [[]], "id": 82}, {"box": [360, 1524, 437, 1561], "text": "4431", "label": "answer", "words": [{"text": "4431", "box": [360, 1524, 437, 1561]}], "linking": [[]], "id": 83}, {"box": [293, 1599, 383, 1636], "text": "Rental", "label": "question", "words": [{"text": "Rental", "box": [293, 1599, 383, 1636]}], "linking": [[]], "id": 84}, {"box": [391, 1601, 460, 1637], "text": "days", "label": "question", "words": [{"text": "days", "box": [391, 1601, 460, 1637]}], "linking": [[]], "id": 85}, {"box": [935, 1604, 968, 1637], "text": "28", "label": "answer", "words": [{"text": "28", "box": [935, 1604, 968, 1637]}], "linking": [[]], "id": 86}, {"box": [1109, 1601, 1188, 1634], "text": "39.15", "label": "answer", "words": [{"text": "39.15", "box": [1109, 1601, 1188, 1634]}], "linking": [[]], "id": 87}, {"box": [1277, 1601, 1398, 1636], "text": "1,096.20", "label": "answer", "words": [{"text": "1,096.20", "box": [1277, 1601, 1398, 1636]}], "linking": [[]], "id": 88}, {"box": [1410, 1602, 1480, 1635], "text": "GBP", "label": "answer", "words": [{"text": "GBP", "box": [1410, 1602, 1480, 1635]}], "linking": [[]], "id": 89}, {"box": [1541, 1605, 1582, 1637], "text": "A1", "label": "answer", "words": [{"text": "A1", "box": [1541, 1605, 1582, 1637]}], "linking": [[]], "id": 90}, {"box": [1692, 1583, 1777, 1612], "text": "Drivers", "label": "question", "words": [{"text": "Drivers", "box": [1692, 1583, 1777, 1612]}], "linking": [[]], "id": 91}, {"box": [1785, 1585, 1873, 1608], "text": "name:", "label": "question", "words": [{"text": "name:", "box": [1785, 1585, 1873, 1608]}], "linking": [[]], "id": 92}, {"box": [1928, 1583, 2060, 1610], "text": "HERTZKE", "label": "answer", "words": [{"text": "HERTZKE", "box": [1928, 1583, 2060, 1610]}], "linking": [[]], "id": 93}, {"box": [2069, 1582, 2193, 1609], "text": "PATRICK", "label": "answer", "words": [{"text": "PATRICK", "box": [2069, 1582, 2193, 1609]}], "linking": [[]], "id": 94}, {"box": [297, 1641, 343, 1675], "text": "Mis", "label": "question", "words": [{"text": "Mis", "box": [297, 1641, 343, 1675]}], "linking": [[]], "id": 95}, {"box": [350, 1642, 480, 1680], "text": "inclusive", "label": "question", "words": [{"text": "inclusive", "box": [350, 1642, 480, 1680]}], "linking": [[]], "id": 96}, {"box": [1692, 1615, 1840, 1647], "text": "Registration", "label": "question", "words": [{"text": "Registration", "box": [1692, 1615, 1840, 1647]}], "linking": [[]], "id": 97}, {"box": [1848, 1616, 1903, 1646], "text": "No:", "label": "question", "words": [{"text": "No:", "box": [1848, 1616, 1903, 1646]}], "linking": [[]], "id": 98}, {"box": [1929, 1618, 2087, 1643], "text": "0014718344", "label": "answer", "words": [{"text": "0014718344", "box": [1929, 1618, 2087, 1643]}], "linking": [[]], "id": 99}, {"box": [2094, 1616, 2232, 1643], "text": "KW20FDK", "label": "answer", "words": [{"text": "KW20FDK", "box": [2094, 1616, 2232, 1643]}], "linking": [[]], "id": 100}, {"box": [898, 1645, 968, 1673], "text": "1,937", "label": "answer", "words": [{"text": "1,937", "box": [898, 1645, 968, 1673]}], "linking": [[]], "id": 101}, {"box": [1929, 1653, 1999, 1680], "text": "LAND", "label": "answer", "words": [{"text": "LAND", "box": [1929, 1653, 1999, 1680]}], "linking": [[]], "id": 102}, {"box": [2011, 1653, 2112, 1680], "text": "RANGE", "label": "answer", "words": [{"text": "RANGE", "box": [2011, 1653, 2112, 1680]}], "linking": [[]], "id": 103}, {"box": [2121, 1653, 2185, 1680], "text": "ROV", "label": "answer", "words": [{"text": "ROV", "box": [2121, 1653, 2185, 1680]}], "linking": [[]], "id": 104}, {"box": [2194, 1653, 2294, 1680], "text": "SPORT", "label": "answer", "words": [{"text": "SPORT", "box": [2194, 1653, 2294, 1680]}], "linking": [[]], "id": 105}, {"box": [2301, 1653, 2358, 1680], "text": "UTL", "label": "answer", "words": [{"text": "UTL", "box": [2301, 1653, 2358, 1680]}], "linking": [[]], "id": 106}, {"box": [2365, 1653, 2397, 1679], "text": "DI", "label": "answer", "words": [{"text": "DI", "box": [2365, 1653, 2397, 1679]}], "linking": [[]], "id": 107}, {"box": [2402, 1653, 2463, 1679], "text": "AUT", "label": "answer", "words": [{"text": "AUT", "box": [2402, 1653, 2463, 1679]}], "linking": [[]], "id": 108}, {"box": [294, 1683, 345, 1719], "text": "Out", "label": "question", "words": [{"text": "Out", "box": [294, 1683, 345, 1719]}], "linking": [[]], "id": 109}, {"box": [353, 1683, 388, 1719], "text": "Of", "label": "question", "words": [{"text": "Of", "box": [353, 1683, 388, 1719]}], "linking": [[]], "id": 110}, {"box": [396, 1683, 483, 1718], "text": "Hours", "label": "question", "words": [{"text": "Hours", "box": [396, 1683, 483, 1718]}], "linking": [[]], "id": 111}, {"box": [492, 1682, 552, 1717], "text": "Fee", "label": "question", "words": [{"text": "Fee", "box": [492, 1682, 552, 1717]}], "linking": [[]], "id": 112}, {"box": [954, 1689, 966, 1711], "text": "1", "label": "answer", "words": [{"text": "1", "box": [954, 1689, 966, 1711]}], "linking": [[]], "id": 113}, {"box": [1108, 1685, 1188, 1719], "text": "85.00", "label": "answer", "words": [{"text": "85.00", "box": [1108, 1685, 1188, 1719]}], "linking": [[]], "id": 114}, {"box": [1317, 1684, 1398, 1718], "text": "85.00", "label": "answer", "words": [{"text": "85.00", "box": [1317, 1684, 1398, 1718]}], "linking": [[]], "id": 115}, {"box": [1412, 1685, 1482, 1718], "text": "GBP", "label": "answer", "words": [{"text": "GBP", "box": [1412, 1685, 1482, 1718]}], "linking": [[]], "id": 116}, {"box": [1543, 1685, 1587, 1724], "text": "A1", "label": "answer", "words": [{"text": "A1", "box": [1543, 1685, 1587, 1724]}], "linking": [[]], "id": 117}, {"box": [297, 1724, 367, 1761], "text": "Road", "label": "question", "words": [{"text": "Road", "box": [297, 1724, 367, 1761]}], "linking": [[]], "id": 118}, {"box": [375, 1725, 427, 1760], "text": "tax,", "label": "question", "words": [{"text": "tax,", "box": [375, 1725, 427, 1760]}], "linking": [[]], "id": 119}, {"box": [434, 1725, 501, 1760], "text": "RFL", "label": "question", "words": [{"text": "RFL", "box": [434, 1725, 501, 1760]}], "linking": [[]], "id": 120}, {"box": [934, 1727, 969, 1756], "text": "28", "label": "answer", "words": [{"text": "28", "box": [934, 1727, 969, 1756]}], "linking": [[]], "id": 121}, {"box": [1126, 1726, 1188, 1758], "text": "1.74", "label": "answer", "words": [{"text": "1.74", "box": [1126, 1726, 1188, 1758]}], "linking": [[]], "id": 122}, {"box": [1320, 1727, 1398, 1760], "text": "48.72", "label": "answer", "words": [{"text": "48.72", "box": [1320, 1727, 1398, 1760]}], "linking": [[]], "id": 123}, {"box": [1411, 1725, 1481, 1758], "text": "GBP", "label": "answer", "words": [{"text": "GBP", "box": [1411, 1725, 1481, 1758]}], "linking": [[]], "id": 124}, {"box": [1544, 1725, 1581, 1763], "text": "A1", "label": "question", "words": [{"text": "A1", "box": [1544, 1725, 1581, 1763]}], "linking": [[]], "id": 125}, {"box": [1686, 1713, 1778, 1743], "text": "Group:", "label": "question", "words": [{"text": "Group:", "box": [1686, 1713, 1778, 1743]}], "linking": [[]], "id": 126}, {"box": [1930, 1708, 2003, 1745], "text": "SFAR", "label": "answer", "words": [{"text": "SFAR", "box": [1930, 1708, 2003, 1745]}], "linking": [[]], "id": 127}, {"box": [2011, 1708, 2150, 1745], "text": "GBJ8K000", "label": "answer", "words": [{"text": "GBJ8K000", "box": [2011, 1708, 2150, 1745]}], "linking": [[]], "id": 128}, {"box": [2158, 1709, 2341, 1744], "text": "CORPORATE", "label": "answer", "words": [{"text": "CORPORATE", "box": [2158, 1709, 2341, 1744]}], "linking": [[]], "id": 129}, {"box": [2349, 1708, 2431, 1742], "text": "RATE", "label": "answer", "words": [{"text": "RATE", "box": [2349, 1708, 2431, 1742]}], "linking": [[]], "id": 130}, {"box": [298, 1766, 432, 1801], "text": "Additional", "label": "question", "words": [{"text": "Additional", "box": [298, 1766, 432, 1801]}], "linking": [[]], "id": 131}, {"box": [441, 1767, 531, 1802], "text": "driver", "label": "question", "words": [{"text": "driver", "box": [441, 1767, 531, 1802]}], "linking": [[]], "id": 132}, {"box": [954, 1771, 967, 1793], "text": "1", "label": "answer", "words": [{"text": "1", "box": [954, 1771, 967, 1793]}], "linking": [[]], "id": 133}, {"box": [1108, 1767, 1188, 1800], "text": "90.00", "label": "answer", "words": [{"text": "90.00", "box": [1108, 1767, 1188, 1800]}], "linking": [[]], "id": 134}, {"box": [1321, 1767, 1397, 1800], "text": "90.00", "label": "answer", "words": [{"text": "90.00", "box": [1321, 1767, 1397, 1800]}], "linking": [[]], "id": 135}, {"box": [1413, 1766, 1481, 1798], "text": "GBP", "label": "answer", "words": [{"text": "GBP", "box": [1413, 1766, 1481, 1798]}], "linking": [[]], "id": 136}, {"box": [1544, 1764, 1578, 1804], "text": "A1", "label": "question", "words": [{"text": "A1", "box": [1544, 1764, 1578, 1804]}], "linking": [[]], "id": 137}, {"box": [1687, 1753, 1762, 1780], "text": "Order", "label": "question", "words": [{"text": "Order", "box": [1687, 1753, 1762, 1780]}], "linking": [[]], "id": 138}, {"box": [1768, 1756, 1812, 1780], "text": "no:", "label": "question", "words": [{"text": "no:", "box": [1768, 1756, 1812, 1780]}], "linking": [[]], "id": 139}, {"box": [297, 1805, 417, 1843], "text": "Premium", "label": "question", "words": [{"text": "Premium", "box": [297, 1805, 417, 1843]}], "linking": [[]], "id": 140}, {"box": [429, 1806, 551, 1843], "text": "Location", "label": "question", "words": [{"text": "Location", "box": [429, 1806, 551, 1843]}], "linking": [[]], "id": 141}, {"box": [559, 1806, 621, 1842], "text": "Fee", "label": "question", "words": [{"text": "Fee", "box": [559, 1806, 621, 1842]}], "linking": [[]], "id": 142}, {"box": [892, 1809, 968, 1838], "text": "18.00", "label": "answer", "words": [{"text": "18.00", "box": [892, 1809, 968, 1838]}], "linking": [[]], "id": 143}, {"box": [1302, 1808, 1396, 1842], "text": "237.58", "label": "answer", "words": [{"text": "237.58", "box": [1302, 1808, 1396, 1842]}], "linking": [[]], "id": 144}, {"box": [1414, 1808, 1482, 1841], "text": "GBP", "label": "answer", "words": [{"text": "GBP", "box": [1414, 1808, 1482, 1841]}], "linking": [[]], "id": 145}, {"box": [1541, 1808, 1583, 1845], "text": "A1", "label": "answer", "words": [{"text": "A1", "box": [1541, 1808, 1583, 1845]}], "linking": [[]], "id": 146}, {"box": [1688, 1789, 1783, 1815], "text": "Second", "label": "question", "words": [{"text": "Second", "box": [1688, 1789, 1783, 1815]}], "linking": [[]], "id": 147}, {"box": [1789, 1788, 1868, 1815], "text": "Order", "label": "question", "words": [{"text": "Order", "box": [1789, 1788, 1868, 1815]}], "linking": [[]], "id": 148}, {"box": [1872, 1789, 1886, 1815], "text": ":", "label": "question", "words": [{"text": ":", "box": [1872, 1789, 1886, 1815]}], "linking": [[]], "id": 149}, {"box": [298, 1847, 390, 1887], "text": "Choice", "label": "answer", "words": [{"text": "Choice", "box": [298, 1847, 390, 1887]}], "linking": [[]], "id": 150}, {"box": [398, 1849, 532, 1885], "text": "Upgrade", "label": "answer", "words": [{"text": "Upgrade", "box": [398, 1849, 532, 1885]}], "linking": [[]], "id": 151}, {"box": [932, 1846, 968, 1880], "text": "27", "label": "answer", "words": [{"text": "27", "box": [932, 1846, 968, 1880]}], "linking": [[]], "id": 152}, {"box": [1116, 1852, 1189, 1881], "text": "50.00", "label": "answer", "words": [{"text": "50.00", "box": [1116, 1852, 1189, 1881]}], "linking": [[]], "id": 153}, {"box": [1275, 1848, 1400, 1885], "text": "1,350.00", "label": "answer", "words": [{"text": "1,350.00", "box": [1275, 1848, 1400, 1885]}], "linking": [[]], "id": 154}, {"box": [1410, 1848, 1483, 1883], "text": "GBP", "label": "answer", "words": [{"text": "GBP", "box": [1410, 1848, 1483, 1883]}], "linking": [[]], "id": 155}, {"box": [1542, 1842, 1580, 1879], "text": "A1", "label": "answer", "words": [{"text": "A1", "box": [1542, 1842, 1580, 1879]}], "linking": [[]], "id": 156}, {"box": [1689, 1821, 1754, 1849], "text": "Third", "label": "question", "words": [{"text": "Third", "box": [1689, 1821, 1754, 1849]}], "linking": [[]], "id": 157}, {"box": [1760, 1822, 1850, 1850], "text": "Order:", "label": "question", "words": [{"text": "Order:", "box": [1760, 1822, 1850, 1850]}], "linking": [[]], "id": 158}, {"box": [1686, 1856, 1768, 1884], "text": "Costc.", "label": "question", "words": [{"text": "Costc.", "box": [1686, 1856, 1768, 1884]}], "linking": [[]], "id": 159}, {"box": [1774, 1855, 1810, 1884], "text": "Cu", "label": "question", "words": [{"text": "Cu", "box": [1774, 1855, 1810, 1884]}], "linking": [[]], "id": 160}, {"box": [1816, 1855, 1835, 1885], "text": ".:", "label": "question", "words": [{"text": ".:", "box": [1816, 1855, 1835, 1885]}], "linking": [[]], "id": 161}, {"box": [295, 1913, 414, 1947], "text": "Subtotal", "label": "question", "words": [{"text": "Subtotal", "box": [295, 1913, 414, 1947]}], "linking": [[]], "id": 162}, {"box": [1285, 1913, 1411, 1951], "text": "2,907.50", "label": "answer", "words": [{"text": "2,907.50", "box": [1285, 1913, 1411, 1951]}], "linking": [[]], "id": 163}, {"box": [1425, 1914, 1495, 1949], "text": "GBP", "label": "answer", "words": [{"text": "GBP", "box": [1425, 1914, 1495, 1949]}], "linking": [[]], "id": 164}, {"box": [1688, 1890, 1804, 1920], "text": "Payment", "label": "question", "words": [{"text": "Payment", "box": [1688, 1890, 1804, 1920]}], "linking": [[]], "id": 165}, {"box": [1927, 1889, 1963, 1916], "text": "AE", "label": "question", "words": [{"text": "AE", "box": [1927, 1889, 1963, 1916]}], "linking": [[]], "id": 166}, {"box": [1973, 1886, 2100, 1916], "text": "************", "label": "question", "words": [{"text": "************", "box": [1973, 1886, 2100, 1916]}], "linking": [[]], "id": 167}, {"box": [2108, 1884, 2155, 1920], "text": "003", "label": "answer", "words": [{"text": "003", "box": [2108, 1884, 2155, 1920]}], "linking": [[]], "id": 168}, {"box": [1690, 1925, 1737, 1951], "text": "Res", "label": "question", "words": [{"text": "Res", "box": [1690, 1925, 1737, 1951]}], "linking": [[]], "id": 169}, {"box": [1743, 1925, 1792, 1950], "text": "No.", "label": "question", "words": [{"text": "No.", "box": [1743, 1925, 1792, 1950]}], "linking": [[]], "id": 170}, {"box": [1929, 1923, 2093, 1954], "text": "9905388631", "label": "answer", "words": [{"text": "9905388631", "box": [1929, 1923, 2093, 1954]}], "linking": [[]], "id": 171}, {"box": [294, 1961, 329, 1996], "text": "A1", "label": "question", "words": [{"text": "A1", "box": [294, 1961, 329, 1996]}], "linking": [[]], "id": 172}, {"box": [338, 1961, 406, 1996], "text": "VAT", "label": "question", "words": [{"text": "VAT", "box": [338, 1961, 406, 1996]}], "linking": [[]], "id": 173}, {"box": [416, 1961, 528, 1996], "text": "20,00%", "label": "question", "words": [{"text": "20,00%", "box": [416, 1961, 528, 1996]}], "linking": [[]], "id": 174}, {"box": [1310, 1962, 1405, 1997], "text": "581.50", "label": "answer", "words": [{"text": "581.50", "box": [1310, 1962, 1405, 1997]}], "linking": [[]], "id": 175}, {"box": [1422, 1962, 1490, 1996], "text": "GBP", "label": "answer", "words": [{"text": "GBP", "box": [1422, 1962, 1490, 1996]}], "linking": [[]], "id": 176}, {"box": [292, 2010, 368, 2040], "text": "Total", "label": "question", "words": [{"text": "Total", "box": [292, 2010, 368, 2040]}], "linking": [[]], "id": 177}, {"box": [1290, 2009, 1411, 2044], "text": "3,489.00", "label": "answer", "words": [{"text": "3,489.00", "box": [1290, 2009, 1411, 2044]}], "linking": [[]], "id": 178}, {"box": [1424, 2009, 1496, 2042], "text": "GBP", "label": "answer", "words": [{"text": "GBP", "box": [1424, 2009, 1496, 2042]}], "linking": [[]], "id": 179}, {"box": [296, 2064, 367, 2107], "text": "Final", "label": "question", "words": [{"text": "Final", "box": [296, 2064, 367, 2107]}], "linking": [[]], "id": 180}, {"box": [377, 2068, 497, 2108], "text": "amount", "label": "question", "words": [{"text": "amount", "box": [377, 2068, 497, 2108]}], "linking": [[]], "id": 181}, {"box": [1283, 2066, 1414, 2103], "text": "3,489,00", "label": "answer", "words": [{"text": "3,489,00", "box": [1283, 2066, 1414, 2103]}], "linking": [[]], "id": 182}, {"box": [1423, 2067, 1497, 2101], "text": "GBP", "label": "answer", "words": [{"text": "GBP", "box": [1423, 2067, 1497, 2101]}], "linking": [[]], "id": 183}, {"box": [259, 2130, 361, 2167], "text": "Excess", "label": "answer", "words": [{"text": "Excess", "box": [259, 2130, 361, 2167]}], "linking": [[]], "id": 184}, {"box": [369, 2130, 492, 2168], "text": "4000.00", "label": "question", "words": [{"text": "4000.00", "box": [369, 2130, 492, 2168]}], "linking": [[]], "id": 185}, {"box": [259, 2177, 344, 2217], "text": "Thank", "label": "question", "words": [{"text": "Thank", "box": [259, 2177, 344, 2217]}], "linking": [[]], "id": 186}, {"box": [354, 2178, 401, 2217], "text": "you", "label": "question", "words": [{"text": "you", "box": [354, 2178, 401, 2217]}], "linking": [[]], "id": 187}, {"box": [411, 2178, 450, 2217], "text": "for", "label": "question", "words": [{"text": "for", "box": [411, 2178, 450, 2217]}], "linking": [[]], "id": 188}, {"box": [460, 2178, 572, 2218], "text": "booking", "label": "question", "words": [{"text": "booking", "box": [460, 2178, 572, 2218]}], "linking": [[]], "id": 189}, {"box": [582, 2179, 635, 2218], "text": "Sixt", "label": "question", "words": [{"text": "Sixt", "box": [582, 2179, 635, 2218]}], "linking": [[]], "id": 190}, {"box": [644, 2179, 651, 2218], "text": "!", "label": "question", "words": [{"text": "!", "box": [644, 2179, 651, 2218]}], "linking": [[]], "id": 191}, {"box": [258, 2221, 312, 2256], "text": "The", "label": "question", "words": [{"text": "The", "box": [258, 2221, 312, 2256]}], "linking": [[]], "id": 192}, {"box": [320, 2221, 419, 2256], "text": "service", "label": "question", "words": [{"text": "service", "box": [320, 2221, 419, 2256]}], "linking": [[]], "id": 193}, {"box": [427, 2221, 482, 2256], "text": "has", "label": "question", "words": [{"text": "has", "box": [427, 2221, 482, 2256]}], "linking": [[]], "id": 194}, {"box": [490, 2220, 560, 2256], "text": "been", "label": "question", "words": [{"text": "been", "box": [490, 2220, 560, 2256]}], "linking": [[]], "id": 195}, {"box": [568, 2220, 697, 2256], "text": "rendered", "label": "question", "words": [{"text": "rendered", "box": [568, 2220, 697, 2256]}], "linking": [[]], "id": 196}, {"box": [704, 2220, 826, 2256], "text": "between", "label": "question", "words": [{"text": "between", "box": [704, 2220, 826, 2256]}], "linking": [[]], "id": 197}, {"box": [834, 2220, 920, 2256], "text": "check", "label": "question", "words": [{"text": "check", "box": [834, 2220, 920, 2256]}], "linking": [[]], "id": 198}, {"box": [928, 2220, 974, 2256], "text": "out", "label": "question", "words": [{"text": "out", "box": [928, 2220, 974, 2256]}], "linking": [[]], "id": 199}, {"box": [981, 2220, 1044, 2256], "text": "date", "label": "question", "words": [{"text": "date", "box": [981, 2220, 1044, 2256]}], "linking": [[]], "id": 200}, {"box": [1052, 2220, 1107, 2256], "text": "and", "label": "question", "words": [{"text": "and", "box": [1052, 2220, 1107, 2256]}], "linking": [[]], "id": 201}, {"box": [1114, 2220, 1199, 2256], "text": "check", "label": "question", "words": [{"text": "check", "box": [1114, 2220, 1199, 2256]}], "linking": [[]], "id": 202}, {"box": [1208, 2221, 1233, 2256], "text": "in", "label": "question", "words": [{"text": "in", "box": [1208, 2221, 1233, 2256]}], "linking": [[]], "id": 203}, {"box": [1241, 2221, 1312, 2256], "text": "date.", "label": "other", "words": [{"text": "date.", "box": [1241, 2221, 1312, 2256]}], "linking": [[]], "id": 204}, {"box": [263, 2262, 319, 2298], "text": "This", "label": "question", "words": [{"text": "This", "box": [263, 2262, 319, 2298]}], "linking": [[]], "id": 205}, {"box": [326, 2262, 433, 2298], "text": "amount", "label": "question", "words": [{"text": "amount", "box": [326, 2262, 433, 2298]}], "linking": [[]], "id": 206}, {"box": [440, 2262, 493, 2298], "text": "has", "label": "other", "words": [{"text": "has", "box": [440, 2262, 493, 2298]}], "linking": [[]], "id": 207}, {"box": [500, 2261, 572, 2298], "text": "been", "label": "other", "words": [{"text": "been", "box": [500, 2261, 572, 2298]}], "linking": [[]], "id": 208}, {"box": [579, 2261, 698, 2298], "text": "charged", "label": "other", "words": [{"text": "charged", "box": [579, 2261, 698, 2298]}], "linking": [[]], "id": 209}, {"box": [705, 2261, 733, 2298], "text": "to", "label": "other", "words": [{"text": "to", "box": [705, 2261, 733, 2298]}], "linking": [[]], "id": 210}, {"box": [740, 2261, 805, 2298], "text": "your", "label": "other", "words": [{"text": "your", "box": [740, 2261, 805, 2298]}], "linking": [[]], "id": 211}, {"box": [812, 2261, 949, 2298], "text": "American", "label": "question", "words": [{"text": "American", "box": [812, 2261, 949, 2298]}], "linking": [[]], "id": 212}, {"box": [956, 2261, 1074, 2298], "text": "Express", "label": "question", "words": [{"text": "Express", "box": [956, 2261, 1074, 2298]}], "linking": [[]], "id": 213}, {"box": [1083, 2261, 1214, 2298], "text": "Account.", "label": "other", "words": [{"text": "Account.", "box": [1083, 2261, 1214, 2298]}], "linking": [[]], "id": 214}, {"box": [1221, 2262, 1281, 2297], "text": "This", "label": "other", "words": [{"text": "This", "box": [1221, 2262, 1281, 2297]}], "linking": [[]], "id": 215}, {"box": [1289, 2262, 1316, 2297], "text": "is", "label": "other", "words": [{"text": "is", "box": [1289, 2262, 1316, 2297]}], "linking": [[]], "id": 216}, {"box": [1323, 2262, 1369, 2297], "text": "not", "label": "other", "words": [{"text": "not", "box": [1323, 2262, 1369, 2297]}], "linking": [[]], "id": 217}, {"box": [1378, 2262, 1397, 2297], "text": "a", "label": "other", "words": [{"text": "a", "box": [1378, 2262, 1397, 2297]}], "linking": [[]], "id": 218}, {"box": [256, 2303, 375, 2340], "text": "payment", "label": "other", "words": [{"text": "payment", "box": [256, 2303, 375, 2340]}], "linking": [[]], "id": 219}, {"box": [382, 2302, 503, 2338], "text": "request.", "label": "other", "words": [{"text": "request.", "box": [382, 2302, 503, 2338]}], "linking": [[]], "id": 220}, {"box": [510, 2301, 572, 2337], "text": "This", "label": "other", "words": [{"text": "This", "box": [510, 2301, 572, 2337]}], "linking": [[]], "id": 221}, {"box": [580, 2301, 606, 2337], "text": "is", "label": "other", "words": [{"text": "is", "box": [580, 2301, 606, 2337]}], "linking": [[]], "id": 222}, {"box": [613, 2300, 657, 2337], "text": "the", "label": "other", "words": [{"text": "the", "box": [613, 2300, 657, 2337]}], "linking": [[]], "id": 223}, {"box": [664, 2300, 765, 2337], "text": "invoice", "label": "other", "words": [{"text": "invoice", "box": [664, 2300, 765, 2337]}], "linking": [[]], "id": 224}, {"box": [772, 2301, 814, 2337], "text": "for", "label": "other", "words": [{"text": "for", "box": [772, 2301, 814, 2337]}], "linking": [[]], "id": 225}, {"box": [821, 2301, 883, 2337], "text": "your", "label": "other", "words": [{"text": "your", "box": [821, 2301, 883, 2337]}], "linking": [[]], "id": 226}, {"box": [890, 2301, 1023, 2338], "text": "records.", "label": "other", "words": [{"text": "records.", "box": [890, 2301, 1023, 2338]}], "linking": [[]], "id": 227}, {"box": [260, 2381, 331, 2416], "text": "email", "label": "other", "words": [{"text": "email", "box": [260, 2381, 331, 2416]}], "linking": [[]], "id": 228}, {"box": [337, 2382, 777, 2412], "text": "customer-service-uk@sixt.com", "label": "other", "words": [{"text": "customer-service-uk@sixt.com", "box": [337, 2382, 777, 2412]}], "linking": [[]], "id": 229}, {"box": [259, 2414, 312, 2447], "text": "Tel:", "label": "question", "words": [{"text": "Tel:", "box": [259, 2414, 312, 2447]}], "linking": [[]], "id": 230}, {"box": [319, 2414, 375, 2447], "text": "+44", "label": "answer", "words": [{"text": "+44", "box": [319, 2414, 375, 2447]}], "linking": [[]], "id": 231}, {"box": [381, 2414, 435, 2447], "text": "207", "label": "answer", "words": [{"text": "207", "box": [381, 2414, 435, 2447]}], "linking": [[]], "id": 232}, {"box": [441, 2415, 583, 2448], "text": "0188247*", "label": "answer", "words": [{"text": "0188247*", "box": [441, 2415, 583, 2448]}], "linking": [[]], "id": 233}, {"box": [590, 2415, 719, 2449], "text": "(Monday", "label": "other", "words": [{"text": "(Monday", "box": [590, 2415, 719, 2449]}], "linking": [[]], "id": 234}, {"box": [725, 2415, 737, 2449], "text": "-", "label": "answer", "words": [{"text": "-", "box": [725, 2415, 737, 2449]}], "linking": [[]], "id": 235}, {"box": [743, 2414, 838, 2450], "text": "Friday", "label": "answer", "words": [{"text": "Friday", "box": [743, 2414, 838, 2450]}], "linking": [[]], "id": 236}, {"box": [845, 2414, 916, 2451], "text": "10am", "label": "answer", "words": [{"text": "10am", "box": [845, 2414, 916, 2451]}], "linking": [[]], "id": 237}, {"box": [930, 2413, 947, 2452], "text": "-", "label": "answer", "words": [{"text": "-", "box": [930, 2413, 947, 2452]}], "linking": [[]], "id": 238}, {"box": [954, 2413, 1098, 2454], "text": "16:30pm)", "label": "answer", "words": [{"text": "16:30pm)", "box": [954, 2413, 1098, 2454]}], "linking": [[]], "id": 239}, {"box": [260, 2452, 345, 2487], "text": "*(local", "label": "other", "words": [{"text": "*(local", "box": [260, 2452, 345, 2487]}], "linking": [[]], "id": 240}, {"box": [352, 2452, 423, 2487], "text": "rates", "label": "question", "words": [{"text": "rates", "box": [352, 2452, 423, 2487]}], "linking": [[]], "id": 241}, {"box": [430, 2452, 481, 2487], "text": "will", "label": "question", "words": [{"text": "will", "box": [430, 2452, 481, 2487]}], "linking": [[]], "id": 242}, {"box": [488, 2452, 564, 2487], "text": "apply", "label": "question", "words": [{"text": "apply", "box": [488, 2452, 564, 2487]}], "linking": [[]], "id": 243}, {"box": [571, 2452, 624, 2487], "text": "and", "label": "other", "words": [{"text": "and", "box": [571, 2452, 624, 2487]}], "linking": [[]], "id": 244}, {"box": [631, 2453, 728, 2488], "text": "mobile", "label": "question", "words": [{"text": "mobile", "box": [631, 2453, 728, 2488]}], "linking": [[]], "id": 245}, {"box": [735, 2453, 850, 2488], "text": "charges", "label": "question", "words": [{"text": "charges", "box": [735, 2453, 850, 2488]}], "linking": [[]], "id": 246}, {"box": [857, 2454, 921, 2489], "text": "may", "label": "question", "words": [{"text": "may", "box": [857, 2454, 921, 2489]}], "linking": [[]], "id": 247}, {"box": [928, 2455, 1005, 2489], "text": "vary)", "label": "question", "words": [{"text": "vary)", "box": [928, 2455, 1005, 2489]}], "linking": [[]], "id": 248}, {"box": [257, 2526, 349, 2560], "text": "Branch", "label": "question", "words": [{"text": "Branch", "box": [257, 2526, 349, 2560]}], "linking": [[]], "id": 249}, {"box": [555, 2528, 618, 2558], "text": "Date", "label": "question", "words": [{"text": "Date", "box": [555, 2528, 618, 2558]}], "linking": [[]], "id": 250}, {"box": [727, 2530, 789, 2557], "text": "Time", "label": "question", "words": [{"text": "Time", "box": [727, 2530, 789, 2557]}], "linking": [[]], "id": 251}, {"box": [834, 2528, 906, 2555], "text": "Is/out", "label": "question", "words": [{"text": "Is/out", "box": [834, 2528, 906, 2555]}], "linking": [[]], "id": 252}, {"box": [993, 2529, 1073, 2558], "text": "mls/in", "label": "question", "words": [{"text": "mls/in", "box": [993, 2529, 1073, 2558]}], "linking": [[]], "id": 253}, {"box": [1122, 2530, 1173, 2556], "text": "mls", "label": "question", "words": [{"text": "mls", "box": [1122, 2530, 1173, 2556]}], "linking": [[]], "id": 254}, {"box": [1353, 2529, 1420, 2556], "text": "Plate", "label": "question", "words": [{"text": "Plate", "box": [1353, 2529, 1420, 2556]}], "linking": [[]], "id": 255}, {"box": [1536, 2526, 1598, 2555], "text": "CO2", "label": "question", "words": [{"text": "CO2", "box": [1536, 2526, 1598, 2555]}], "linking": [[]], "id": 256}, {"box": [1631, 2525, 1705, 2553], "text": "GLP*", "label": "question", "words": [{"text": "GLP*", "box": [1631, 2525, 1705, 2553]}], "linking": [[]], "id": 257}, {"box": [259, 2578, 350, 2612], "text": "London", "label": "answer", "words": [{"text": "London", "box": [259, 2578, 350, 2612]}], "linking": [[]], "id": 258}, {"box": [358, 2580, 416, 2613], "text": "Hea", "label": "answer", "words": [{"text": "Hea", "box": [358, 2580, 416, 2613]}], "linking": [[]], "id": 259}, {"box": [557, 2581, 670, 2610], "text": "04.11.20", "label": "answer", "words": [{"text": "04.11.20", "box": [557, 2581, 670, 2610]}], "linking": [[]], "id": 260}, {"box": [724, 2579, 797, 2610], "text": "21:28", "label": "answer", "words": [{"text": "21:28", "box": [724, 2579, 797, 2610]}], "linking": [[]], "id": 261}, {"box": [853, 2581, 916, 2609], "text": "2494", "label": "answer", "words": [{"text": "2494", "box": [853, 2581, 916, 2609]}], "linking": [[]], "id": 262}, {"box": [999, 2580, 1059, 2608], "text": "4431", "label": "answer", "words": [{"text": "4431", "box": [999, 2580, 1059, 2608]}], "linking": [[]], "id": 263}, {"box": [1124, 2582, 1185, 2609], "text": "1937", "label": "answer", "words": [{"text": "1937", "box": [1124, 2582, 1185, 2609]}], "linking": [[]], "id": 264}, {"box": [1355, 2580, 1491, 2610], "text": "KW20FDK", "label": "answer", "words": [{"text": "KW20FDK", "box": [1355, 2580, 1491, 2610]}], "linking": [[]], "id": 265}, {"box": [1545, 2582, 1592, 2607], "text": "220", "label": "answer", "words": [{"text": "220", "box": [1545, 2582, 1592, 2607]}], "linking": [[]], "id": 266}, {"box": [1638, 2581, 1719, 2610], "text": "87945", "label": "answer", "words": [{"text": "87945", "box": [1638, 2581, 1719, 2610]}], "linking": [[]], "id": 267}, {"box": [257, 2627, 332, 2666], "text": "*GLP", "label": "other", "words": [{"text": "*GLP", "box": [257, 2627, 332, 2666]}], "linking": [[]], "id": 268}, {"box": [340, 2628, 361, 2666], "text": "=", "label": "question", "words": [{"text": "=", "box": [340, 2628, 361, 2666]}], "linking": [[]], "id": 269}, {"box": [368, 2628, 544, 2666], "text": "On-the-road", "label": "question", "words": [{"text": "On-the-road", "box": [368, 2628, 544, 2666]}], "linking": [[]], "id": 270}, {"box": [552, 2629, 620, 2666], "text": "price", "label": "question", "words": [{"text": "price", "box": [552, 2629, 620, 2666]}], "linking": [[]], "id": 271}, {"box": [628, 2630, 689, 2666], "text": "incl.", "label": "question", "words": [{"text": "incl.", "box": [628, 2630, 689, 2666]}], "linking": [[]], "id": 272}, {"box": [697, 2630, 763, 2666], "text": "VAT", "label": "answer", "words": [{"text": "VAT", "box": [697, 2630, 763, 2666]}], "linking": [[]], "id": 273}, {"box": [771, 2631, 799, 2666], "text": "in", "label": "answer", "words": [{"text": "in", "box": [771, 2631, 799, 2666]}], "linking": [[]], "id": 274}, {"box": [807, 2631, 885, 2666], "text": "GBP;", "label": "question", "words": [{"text": "GBP;", "box": [807, 2631, 885, 2666]}], "linking": [[]], "id": 275}, {"box": [893, 2631, 964, 2666], "text": "CO2", "label": "answer", "words": [{"text": "CO2", "box": [893, 2631, 964, 2666]}], "linking": [[]], "id": 276}, {"box": [972, 2631, 990, 2666], "text": "=", "label": "answer", "words": [{"text": "=", "box": [972, 2631, 990, 2666]}], "linking": [[]], "id": 277}, {"box": [998, 2631, 1069, 2666], "text": "CO2", "label": "answer", "words": [{"text": "CO2", "box": [998, 2631, 1069, 2666]}], "linking": [[]], "id": 278}, {"box": [1077, 2631, 1204, 2666], "text": "emission", "label": "answer", "words": [{"text": "emission", "box": [1077, 2631, 1204, 2666]}], "linking": [[]], "id": 279}, {"box": [1212, 2631, 1351, 2666], "text": "combined", "label": "answer", "words": [{"text": "combined", "box": [1212, 2631, 1351, 2666]}], "linking": [[]], "id": 280}, {"box": [1360, 2630, 1461, 2666], "text": "(g/km)", "label": "question", "words": [{"text": "(g/km)", "box": [1360, 2630, 1461, 2666]}], "linking": [[]], "id": 281}, {"box": [1196, 3002, 1224, 3071], "text": ".....", "label": "other", "words": [{"text": ".....", "box": [1196, 3002, 1224, 3071]}], "linking": [[]], "id": 282}, {"box": [226, 3260, 586, 3397], "text": "SIXT", "label": "answer", "words": [{"text": "SIXT", "box": [226, 3260, 586, 3397]}], "linking": [[]], "id": 283}, {"box": [703, 3304, 843, 3341], "text": "Registered", "label": "question", "words": [{"text": "Registered", "box": [703, 3304, 843, 3341]}], "linking": [[]], "id": 284}, {"box": [851, 3306, 875, 3341], "text": "in", "label": "other", "words": [{"text": "in", "box": [851, 3306, 875, 3341]}], "linking": [[]], "id": 285}, {"box": [882, 3306, 997, 3341], "text": "England.", "label": "other", "words": [{"text": "England.", "box": [882, 3306, 997, 3341]}], "linking": [[]], "id": 286}, {"box": [1004, 3306, 1128, 3341], "text": "Company", "label": "other", "words": [{"text": "Company", "box": [1004, 3306, 1128, 3341]}], "linking": [[]], "id": 287}, {"box": [1135, 3306, 1221, 3341], "text": "House", "label": "other", "words": [{"text": "House", "box": [1135, 3306, 1221, 3341]}], "linking": [[]], "id": 288}, {"box": [1228, 3306, 1372, 3341], "text": "Registered", "label": "question", "words": [{"text": "Registered", "box": [1228, 3306, 1372, 3341]}], "linking": [[]], "id": 289}, {"box": [1379, 3305, 1491, 3342], "text": "Number:", "label": "question", "words": [{"text": "Number:", "box": [1379, 3305, 1491, 3342]}], "linking": [[]], "id": 290}, {"box": [1498, 3304, 1606, 3342], "text": "440897.", "label": "answer", "words": [{"text": "440897.", "box": [1498, 3304, 1606, 3342]}], "linking": [[]], "id": 291}, {"box": [706, 3339, 758, 3376], "text": "VAT", "label": "question", "words": [{"text": "VAT", "box": [706, 3339, 758, 3376]}], "linking": [[]], "id": 292}, {"box": [767, 3340, 922, 3376], "text": "Registration", "label": "question", "words": [{"text": "Registration", "box": [767, 3340, 922, 3376]}], "linking": [[]], "id": 293}, {"box": [930, 3342, 964, 3376], "text": "No", "label": "question", "words": [{"text": "No", "box": [930, 3342, 964, 3376]}], "linking": [[]], "id": 294}, {"box": [972, 3341, 984, 3376], "text": ".:", "label": "question", "words": [{"text": ".:", "box": [972, 3341, 984, 3376]}], "linking": [[]], "id": 295}, {"box": [992, 3341, 1086, 3376], "text": "GB359", "label": "answer", "words": [{"text": "GB359", "box": [992, 3341, 1086, 3376]}], "linking": [[]], "id": 296}, {"box": [1093, 3340, 1143, 3375], "text": "218", "label": "answer", "words": [{"text": "218", "box": [1093, 3340, 1143, 3375]}], "linking": [[]], "id": 297}, {"box": [1150, 3339, 1211, 3375], "text": "379.", "label": "answer", "words": [{"text": "379.", "box": [1150, 3339, 1211, 3375]}], "linking": [[]], "id": 298}]}