{"form": [{"box": [96, 7, 696, 52], "text": "3003-141415303-AZBBW002", "label": "other", "words": [{"text": "3003-141415303-AZBBW002", "box": [96, 7, 696, 52]}], "linking": [[]], "id": 0}, {"box": [131, 168, 224, 208], "text": "Sixt", "label": "other", "words": [{"text": "Sixt", "box": [131, 168, 224, 208]}], "linking": [[]], "id": 1}, {"box": [248, 170, 350, 208], "text": "rent", "label": "other", "words": [{"text": "rent", "box": [248, 170, 350, 208]}], "linking": [[]], "id": 2}, {"box": [373, 171, 396, 208], "text": "a", "label": "other", "words": [{"text": "a", "box": [373, 171, 396, 208]}], "linking": [[]], "id": 3}, {"box": [422, 171, 498, 208], "text": "car", "label": "other", "words": [{"text": "car", "box": [422, 171, 498, 208]}], "linking": [[]], "id": 4}, {"box": [521, 171, 698, 204], "text": "Limited", "label": "other", "words": [{"text": "Limited", "box": [521, 171, 698, 204]}], "linking": [[]], "id": 5}, {"box": [1581, 167, 2025, 208], "text": "0000000000/GB/C/EB", "label": "other", "words": [{"text": "0000000000/GB/C/EB", "box": [1581, 167, 2025, 208]}], "linking": [[]], "id": 6}, {"box": [130, 216, 223, 254], "text": "Sixt", "label": "answer", "words": [{"text": "Sixt", "box": [130, 216, 223, 254]}], "linking": [[]], "id": 7}, {"box": [246, 217, 397, 254], "text": "House,", "label": "answer", "words": [{"text": "House,", "box": [246, 217, 397, 254]}], "linking": [[]], "id": 8}, {"box": [426, 217, 446, 255], "text": "5", "label": "answer", "words": [{"text": "5", "box": [426, 217, 446, 255]}], "linking": [[]], "id": 9}, {"box": [472, 217, 647, 256], "text": "Langley", "label": "answer", "words": [{"text": "Langley", "box": [472, 217, 647, 256]}], "linking": [[]], "id": 10}, {"box": [674, 217, 799, 258], "text": "Quays", "label": "answer", "words": [{"text": "Quays", "box": [674, 217, 799, 258]}], "linking": [[]], "id": 11}, {"box": [130, 261, 349, 302], "text": "Waterside", "label": "answer", "words": [{"text": "Waterside", "box": [130, 261, 349, 302]}], "linking": [[]], "id": 12}, {"box": [371, 262, 526, 302], "text": "Drive,", "label": "answer", "words": [{"text": "Drive,", "box": [371, 262, 526, 302]}], "linking": [[]], "id": 13}, {"box": [550, 263, 725, 300], "text": "Langley", "label": "answer", "words": [{"text": "Langley", "box": [550, 263, 725, 300]}], "linking": [[]], "id": 14}, {"box": [158, 306, 301, 350], "text": "Slough", "label": "answer", "words": [{"text": "Slough", "box": [158, 306, 301, 350]}], "linking": [[]], "id": 15}, {"box": [326, 308, 403, 350], "text": "SL3", "label": "answer", "words": [{"text": "SL3", "box": [326, 308, 403, 350]}], "linking": [[]], "id": 16}, {"box": [424, 309, 528, 349], "text": "6EY,", "label": "answer", "words": [{"text": "6EY,", "box": [424, 309, 528, 349]}], "linking": [[]], "id": 17}, {"box": [548, 308, 729, 347], "text": "England", "label": "answer", "words": [{"text": "England", "box": [548, 308, 729, 347]}], "linking": [[]], "id": 18}, {"box": [1108, 398, 1422, 439], "text": "INVOICE", "label": "header", "words": [{"text": "INVOICE", "box": [1108, 398, 1422, 439]}], "linking": [[]], "id": 19}, {"box": [1482, 402, 1503, 440], "text": "(", "label": "header", "words": [{"text": "(", "box": [1482, 402, 1503, 440]}], "linking": [[]], "id": 20}, {"box": [1524, 401, 1698, 441], "text": "COPY", "label": "header", "words": [{"text": "COPY", "box": [1524, 401, 1698, 441]}], "linking": [[]], "id": 21}, {"box": [1728, 401, 1751, 443], "text": ")", "label": "header", "words": [{"text": ")", "box": [1728, 401, 1751, 443]}], "linking": [[]], "id": 22}, {"box": [1077, 494, 1271, 530], "text": "Document", "label": "question", "words": [{"text": "Document", "box": [1077, 494, 1271, 530]}], "linking": [[]], "id": 23}, {"box": [1281, 491, 1301, 530], "text": ":", "label": "question", "words": [{"text": ":", "box": [1281, 491, 1301, 530]}], "linking": [[]], "id": 24}, {"box": [1329, 491, 1824, 530], "text": "9353279246/00/M/00/N", "label": "answer", "words": [{"text": "9353279246/00/M/00/N", "box": [1329, 491, 1824, 530]}], "linking": [[]], "id": 25}, {"box": [206, 538, 526, 574], "text": "Company/Mr/Ms", "label": "question", "words": [{"text": "Company/Mr/Ms", "box": [206, 538, 526, 574]}], "linking": [[]], "id": 26}, {"box": [208, 583, 347, 617], "text": "SARDAR", "label": "answer", "words": [{"text": "SARDAR", "box": [208, 583, 347, 617]}], "linking": [[]], "id": 27}, {"box": [1080, 582, 1275, 627], "text": "Langley,", "label": "answer", "words": [{"text": "Langley,", "box": [1080, 582, 1275, 627]}], "linking": [[]], "id": 28}, {"box": [1829, 583, 2077, 622], "text": "23.03.2017", "label": "answer", "words": [{"text": "23.03.2017", "box": [1829, 583, 2077, 622]}], "linking": [[]], "id": 29}, {"box": [209, 631, 321, 665], "text": "KIRAN", "label": "answer", "words": [{"text": "KIRAN", "box": [209, 631, 321, 665]}], "linking": [[]], "id": 30}, {"box": [1079, 631, 1172, 668], "text": "Cust", "label": "question", "words": [{"text": "Cust", "box": [1079, 631, 1172, 668]}], "linking": [[]], "id": 31}, {"box": [1181, 629, 1220, 668], "text": ".:", "label": "question", "words": [{"text": ".:", "box": [1181, 629, 1220, 668]}], "linking": [[]], "id": 32}, {"box": [1229, 628, 1398, 668], "text": "9998052", "label": "answer", "words": [{"text": "9998052", "box": [1229, 628, 1398, 668]}], "linking": [[]], "id": 33}, {"box": [1426, 629, 1501, 669], "text": "VAT", "label": "question", "words": [{"text": "VAT", "box": [1426, 629, 1501, 669]}], "linking": [[]], "id": 34}, {"box": [1525, 632, 1574, 671], "text": "no", "label": "question", "words": [{"text": "no", "box": [1525, 632, 1574, 671]}], "linking": [[]], "id": 35}, {"box": [1586, 634, 1627, 672], "text": ".:", "label": "question", "words": [{"text": ".:", "box": [1586, 634, 1627, 672]}], "linking": [[]], "id": 36}, {"box": [210, 677, 249, 714], "text": "15", "label": "answer", "words": [{"text": "15", "box": [210, 677, 249, 714]}], "linking": [[]], "id": 37}, {"box": [278, 677, 399, 714], "text": "TRENT", "label": "answer", "words": [{"text": "TRENT", "box": [278, 677, 399, 714]}], "linking": [[]], "id": 38}, {"box": [423, 675, 546, 714], "text": "CLOSE", "label": "answer", "words": [{"text": "CLOSE", "box": [423, 675, 546, 714]}], "linking": [[]], "id": 39}, {"box": [208, 723, 472, 761], "text": "FARNBOROUGH", "label": "answer", "words": [{"text": "FARNBOROUGH", "box": [208, 723, 472, 761]}], "linking": [[]], "id": 40}, {"box": [1081, 726, 1248, 761], "text": "Drivers", "label": "question", "words": [{"text": "Drivers", "box": [1081, 726, 1248, 761]}], "linking": [[]], "id": 41}, {"box": [1273, 728, 1401, 759], "text": "name:", "label": "question", "words": [{"text": "name:", "box": [1273, 728, 1401, 759]}], "linking": [[]], "id": 42}, {"box": [1511, 724, 1647, 759], "text": "SARDAR", "label": "answer", "words": [{"text": "SARDAR", "box": [1511, 724, 1647, 759]}], "linking": [[]], "id": 43}, {"box": [1675, 726, 1797, 758], "text": "KIRAN", "label": "answer", "words": [{"text": "KIRAN", "box": [1675, 726, 1797, 758]}], "linking": [[]], "id": 44}, {"box": [206, 773, 347, 808], "text": "Hants,", "label": "answer", "words": [{"text": "Hants,", "box": [206, 773, 347, 808]}], "linking": [[]], "id": 45}, {"box": [375, 771, 473, 808], "text": "GU14", "label": "answer", "words": [{"text": "GU14", "box": [375, 771, 473, 808]}], "linking": [[]], "id": 46}, {"box": [504, 769, 571, 806], "text": "9NE", "label": "answer", "words": [{"text": "9NE", "box": [504, 769, 571, 806]}], "linking": [[]], "id": 47}, {"box": [1080, 775, 1369, 807], "text": "Registration", "label": "question", "words": [{"text": "Registration", "box": [1080, 775, 1369, 807]}], "linking": [[]], "id": 48}, {"box": [1400, 771, 1475, 806], "text": "No:", "label": "question", "words": [{"text": "No:", "box": [1400, 771, 1475, 806]}], "linking": [[]], "id": 49}, {"box": [1501, 770, 1749, 806], "text": "0013579963", "label": "answer", "words": [{"text": "0013579963", "box": [1501, 770, 1749, 806]}], "linking": [[]], "id": 50}, {"box": [1775, 769, 1950, 807], "text": "GJ17GLZ", "label": "answer", "words": [{"text": "GJ17GLZ", "box": [1775, 769, 1950, 807]}], "linking": [[]], "id": 51}, {"box": [205, 815, 573, 849], "text": "GROSSBRITANNIEN", "label": "answer", "words": [{"text": "GROSSBRITANNIEN", "box": [205, 815, 573, 849]}], "linking": [[]], "id": 52}, {"box": [1079, 816, 1171, 852], "text": "AUDI", "label": "answer", "words": [{"text": "AUDI", "box": [1079, 816, 1171, 852]}], "linking": [[]], "id": 53}, {"box": [1198, 815, 1248, 852], "text": "A1", "label": "answer", "words": [{"text": "A1", "box": [1198, 815, 1248, 852]}], "linking": [[]], "id": 54}, {"box": [1277, 815, 1320, 852], "text": "SB", "label": "answer", "words": [{"text": "SB", "box": [1277, 815, 1320, 852]}], "linking": [[]], "id": 55}, {"box": [1351, 815, 1423, 851], "text": "SAL", "label": "answer", "words": [{"text": "SAL", "box": [1351, 815, 1423, 851]}], "linking": [[]], "id": 56}, {"box": [1447, 815, 1524, 850], "text": "PET", "label": "answer", "words": [{"text": "PET", "box": [1447, 815, 1524, 850]}], "linking": [[]], "id": 57}, {"box": [1547, 816, 1625, 848], "text": "AUT", "label": "answer", "words": [{"text": "AUT", "box": [1547, 816, 1625, 848]}], "linking": [[]], "id": 58}, {"box": [1083, 865, 1226, 899], "text": "Group:", "label": "question", "words": [{"text": "Group:", "box": [1083, 865, 1226, 899]}], "linking": [[]], "id": 59}, {"box": [1327, 863, 1422, 898], "text": "CCAR", "label": "answer", "words": [{"text": "CCAR", "box": [1327, 863, 1422, 898]}], "linking": [[]], "id": 60}, {"box": [1449, 864, 1648, 898], "text": "GBACC000", "label": "answer", "words": [{"text": "GBACC000", "box": [1449, 864, 1648, 898]}], "linking": [[]], "id": 61}, {"box": [1672, 863, 1897, 898], "text": "CORPORATE", "label": "answer", "words": [{"text": "CORPORATE", "box": [1672, 863, 1897, 898]}], "linking": [[]], "id": 62}, {"box": [1923, 861, 2022, 898], "text": "RATE", "label": "answer", "words": [{"text": "RATE", "box": [1923, 861, 2022, 898]}], "linking": [[]], "id": 63}, {"box": [129, 904, 597, 946], "text": "RecipientOfServices", "label": "question", "words": [{"text": "RecipientOfServices", "box": [129, 904, 597, 946]}], "linking": [[]], "id": 64}, {"box": [605, 911, 629, 946], "text": ":", "label": "question", "words": [{"text": ":", "box": [605, 911, 629, 946]}], "linking": [[]], "id": 65}, {"box": [1080, 907, 1198, 946], "text": "Order", "label": "question", "words": [{"text": "Order", "box": [1080, 907, 1198, 946]}], "linking": [[]], "id": 66}, {"box": [1222, 910, 1299, 944], "text": "no:", "label": "question", "words": [{"text": "no:", "box": [1222, 910, 1299, 944]}], "linking": [[]], "id": 67}, {"box": [129, 952, 349, 992], "text": "Accenture", "label": "question", "words": [{"text": "Accenture", "box": [129, 952, 349, 992]}], "linking": [[]], "id": 68}, {"box": [1083, 954, 1223, 991], "text": "Second", "label": "question", "words": [{"text": "Second", "box": [1083, 954, 1223, 991]}], "linking": [[]], "id": 69}, {"box": [1247, 954, 1374, 994], "text": "Order", "label": "question", "words": [{"text": "Order", "box": [1247, 954, 1374, 994]}], "linking": [[]], "id": 70}, {"box": [1405, 958, 1426, 996], "text": ":", "label": "question", "words": [{"text": ":", "box": [1405, 958, 1426, 996]}], "linking": [[]], "id": 71}, {"box": [134, 994, 158, 1037], "text": "1", "label": "answer", "words": [{"text": "1", "box": [134, 994, 158, 1037]}], "linking": [[]], "id": 72}, {"box": [170, 995, 424, 1038], "text": "Plantation", "label": "answer", "words": [{"text": "Plantation", "box": [170, 995, 424, 1038]}], "linking": [[]], "id": 73}, {"box": [446, 998, 575, 1037], "text": "Place", "label": "answer", "words": [{"text": "Place", "box": [446, 998, 575, 1037]}], "linking": [[]], "id": 74}, {"box": [602, 996, 651, 1036], "text": "30", "label": "answer", "words": [{"text": "30", "box": [602, 996, 651, 1036]}], "linking": [[]], "id": 75}, {"box": [1081, 998, 1197, 1036], "text": "Third", "label": "question", "words": [{"text": "Third", "box": [1081, 998, 1197, 1036]}], "linking": [[]], "id": 76}, {"box": [1222, 1000, 1376, 1036], "text": "Order:", "label": "question", "words": [{"text": "Order:", "box": [1222, 1000, 1376, 1036]}], "linking": [[]], "id": 77}, {"box": [138, 1043, 346, 1083], "text": "Fenchurch", "label": "answer", "words": [{"text": "Fenchurch", "box": [138, 1043, 346, 1083]}], "linking": [[]], "id": 78}, {"box": [374, 1045, 523, 1080], "text": "Street", "label": "answer", "words": [{"text": "Street", "box": [374, 1045, 523, 1080]}], "linking": [[]], "id": 79}, {"box": [1083, 1048, 1224, 1084], "text": "Costc.", "label": "question", "words": [{"text": "Costc.", "box": [1083, 1048, 1224, 1084]}], "linking": [[]], "id": 80}, {"box": [1250, 1049, 1323, 1084], "text": "Cu.", "label": "question", "words": [{"text": "Cu.", "box": [1250, 1049, 1323, 1084]}], "linking": [[]], "id": 81}, {"box": [1331, 1049, 1350, 1084], "text": ":", "label": "question", "words": [{"text": ":", "box": [1331, 1049, 1350, 1084]}], "linking": [[]], "id": 82}, {"box": [136, 1091, 272, 1127], "text": "London", "label": "answer", "words": [{"text": "London", "box": [136, 1091, 272, 1127]}], "linking": [[]], "id": 83}, {"box": [1084, 1095, 1247, 1131], "text": "Payment", "label": "question", "words": [{"text": "Payment", "box": [1084, 1095, 1247, 1131]}], "linking": [[]], "id": 84}, {"box": [1458, 1094, 1483, 1131], "text": ":", "label": "question", "words": [{"text": ":", "box": [1458, 1094, 1483, 1131]}], "linking": [[]], "id": 85}, {"box": [1496, 1093, 1549, 1126], "text": "AE", "label": "answer", "words": [{"text": "AE", "box": [1496, 1093, 1549, 1126]}], "linking": [[]], "id": 86}, {"box": [1578, 1091, 1847, 1123], "text": "***********", "label": "other", "words": [{"text": "***********", "box": [1578, 1091, 1847, 1123]}], "linking": [[]], "id": 87}, {"box": [1856, 1090, 1951, 1130], "text": "1008", "label": "answer", "words": [{"text": "1008", "box": [1856, 1090, 1951, 1130]}], "linking": [[]], "id": 88}, {"box": [132, 1137, 220, 1173], "text": "EC3M", "label": "answer", "words": [{"text": "EC3M", "box": [132, 1137, 220, 1173]}], "linking": [[]], "id": 89}, {"box": [254, 1137, 321, 1172], "text": "3BD", "label": "answer", "words": [{"text": "3BD", "box": [254, 1137, 321, 1172]}], "linking": [[]], "id": 90}, {"box": [1080, 1139, 1146, 1175], "text": "Res", "label": "question", "words": [{"text": "Res", "box": [1080, 1139, 1146, 1175]}], "linking": [[]], "id": 91}, {"box": [1174, 1141, 1252, 1175], "text": "No.", "label": "question", "words": [{"text": "No.", "box": [1174, 1141, 1252, 1175]}], "linking": [[]], "id": 92}, {"box": [1504, 1137, 1749, 1173], "text": "9849182981", "label": "answer", "words": [{"text": "9849182981", "box": [1504, 1137, 1749, 1173]}], "linking": [[]], "id": 93}, {"box": [1079, 1186, 1173, 1220], "text": "Vcr:", "label": "question", "words": [{"text": "Vcr:", "box": [1079, 1186, 1173, 1220]}], "linking": [[]], "id": 94}, {"box": [132, 1274, 224, 1313], "text": "Time", "label": "question", "words": [{"text": "Time", "box": [132, 1274, 224, 1313]}], "linking": [[]], "id": 95}, {"box": [250, 1276, 322, 1313], "text": "out", "label": "question", "words": [{"text": "out", "box": [250, 1276, 322, 1313]}], "linking": [[]], "id": 96}, {"box": [331, 1278, 350, 1313], "text": ":", "label": "question", "words": [{"text": ":", "box": [331, 1278, 350, 1313]}], "linking": [[]], "id": 97}, {"box": [485, 1274, 726, 1313], "text": "20.03.2017", "label": "answer", "words": [{"text": "20.03.2017", "box": [485, 1274, 726, 1313]}], "linking": [[]], "id": 98}, {"box": [752, 1276, 772, 1313], "text": "/", "label": "answer", "words": [{"text": "/", "box": [752, 1276, 772, 1313]}], "linking": [[]], "id": 99}, {"box": [801, 1276, 923, 1313], "text": "08:00", "label": "answer", "words": [{"text": "08:00", "box": [801, 1276, 923, 1313]}], "linking": [[]], "id": 100}, {"box": [975, 1276, 1024, 1312], "text": "m1", "label": "answer", "words": [{"text": "m1", "box": [975, 1276, 1024, 1312]}], "linking": [[]], "id": 101}, {"box": [1033, 1278, 1042, 1313], "text": ":", "label": "question", "words": [{"text": ":", "box": [1033, 1278, 1042, 1313]}], "linking": [[]], "id": 102}, {"box": [1159, 1274, 1223, 1313], "text": "559", "label": "answer", "words": [{"text": "559", "box": [1159, 1274, 1223, 1313]}], "linking": [[]], "id": 103}, {"box": [1247, 1275, 1377, 1314], "text": "City:", "label": "answer", "words": [{"text": "City:", "box": [1247, 1275, 1377, 1314]}], "linking": [[]], "id": 104}, {"box": [1424, 1275, 1773, 1315], "text": "Feltham/Hatton", "label": "answer", "words": [{"text": "Feltham/Hatton", "box": [1424, 1275, 1773, 1315]}], "linking": [[]], "id": 105}, {"box": [1797, 1277, 1925, 1314], "text": "Cross", "label": "answer", "words": [{"text": "Cross", "box": [1797, 1277, 1925, 1314]}], "linking": [[]], "id": 106}, {"box": [133, 1325, 221, 1357], "text": "Time", "label": "question", "words": [{"text": "Time", "box": [133, 1325, 221, 1357]}], "linking": [[]], "id": 107}, {"box": [254, 1324, 294, 1357], "text": "in", "label": "question", "words": [{"text": "in", "box": [254, 1324, 294, 1357]}], "linking": [[]], "id": 108}, {"box": [480, 1320, 724, 1358], "text": "23.03.2017", "label": "answer", "words": [{"text": "23.03.2017", "box": [480, 1320, 724, 1358]}], "linking": [[]], "id": 109}, {"box": [750, 1321, 770, 1358], "text": "/", "label": "answer", "words": [{"text": "/", "box": [750, 1321, 770, 1358]}], "linking": [[]], "id": 110}, {"box": [803, 1321, 922, 1358], "text": "18:00", "label": "answer", "words": [{"text": "18:00", "box": [803, 1321, 922, 1358]}], "linking": [[]], "id": 111}, {"box": [973, 1322, 1052, 1355], "text": "ml:", "label": "question", "words": [{"text": "ml:", "box": [973, 1322, 1052, 1355]}], "linking": [[]], "id": 112}, {"box": [1160, 1318, 1223, 1359], "text": "721", "label": "answer", "words": [{"text": "721", "box": [1160, 1318, 1223, 1359]}], "linking": [[]], "id": 113}, {"box": [1249, 1322, 1379, 1360], "text": "City:", "label": "answer", "words": [{"text": "City:", "box": [1249, 1322, 1379, 1360]}], "linking": [[]], "id": 114}, {"box": [1425, 1321, 1771, 1359], "text": "Feltham/Hatton", "label": "answer", "words": [{"text": "Feltham/Hatton", "box": [1425, 1321, 1771, 1359]}], "linking": [[]], "id": 115}, {"box": [1797, 1324, 1925, 1357], "text": "Cross", "label": "answer", "words": [{"text": "Cross", "box": [1797, 1324, 1925, 1357]}], "linking": [[]], "id": 116}, {"box": [907, 1369, 1046, 1406], "text": "NUMBER", "label": "question", "words": [{"text": "NUMBER", "box": [907, 1369, 1046, 1406]}], "linking": [[]], "id": 117}, {"box": [1153, 1368, 1298, 1404], "text": "SINGLE", "label": "question", "words": [{"text": "SINGLE", "box": [1153, 1368, 1298, 1404]}], "linking": [[]], "id": 118}, {"box": [1324, 1368, 1445, 1404], "text": "PRICE", "label": "question", "words": [{"text": "PRICE", "box": [1324, 1368, 1445, 1404]}], "linking": [[]], "id": 119}, {"box": [132, 1418, 273, 1452], "text": "Rental", "label": "question", "words": [{"text": "Rental", "box": [132, 1418, 273, 1452]}], "linking": [[]], "id": 120}, {"box": [300, 1417, 399, 1452], "text": "days", "label": "question", "words": [{"text": "days", "box": [300, 1417, 399, 1452]}], "linking": [[]], "id": 121}, {"box": [982, 1421, 1001, 1451], "text": "4", "label": "answer", "words": [{"text": "4", "box": [982, 1421, 1001, 1451]}], "linking": [[]], "id": 122}, {"box": [1028, 1421, 1045, 1451], "text": "x", "label": "answer", "words": [{"text": "x", "box": [1028, 1421, 1045, 1451]}], "linking": [[]], "id": 123}, {"box": [1237, 1412, 1348, 1449], "text": "33.70", "label": "answer", "words": [{"text": "33.70", "box": [1237, 1412, 1348, 1449]}], "linking": [[]], "id": 124}, {"box": [1606, 1414, 1751, 1451], "text": "134.80", "label": "answer", "words": [{"text": "134.80", "box": [1606, 1414, 1751, 1451]}], "linking": [[]], "id": 125}, {"box": [1815, 1417, 1873, 1449], "text": "GBP", "label": "answer", "words": [{"text": "GBP", "box": [1815, 1417, 1873, 1449]}], "linking": [[]], "id": 126}, {"box": [2004, 1420, 2045, 1449], "text": "A1", "label": "answer", "words": [{"text": "A1", "box": [2004, 1420, 2045, 1449]}], "linking": [[]], "id": 127}, {"box": [130, 1458, 198, 1495], "text": "Mls", "label": "question", "words": [{"text": "Mls", "box": [130, 1458, 198, 1495]}], "linking": [[]], "id": 128}, {"box": [227, 1461, 447, 1495], "text": "inclusive", "label": "question", "words": [{"text": "inclusive", "box": [227, 1461, 447, 1495]}], "linking": [[]], "id": 129}, {"box": [931, 1463, 996, 1492], "text": "162", "label": "answer", "words": [{"text": "162", "box": [931, 1463, 996, 1492]}], "linking": [[]], "id": 130}, {"box": [132, 1507, 373, 1542], "text": "Collection", "label": "question", "words": [{"text": "Collection", "box": [132, 1507, 373, 1542]}], "linking": [[]], "id": 131}, {"box": [980, 1511, 996, 1538], "text": "1", "label": "answer", "words": [{"text": "1", "box": [980, 1511, 996, 1538]}], "linking": [[]], "id": 132}, {"box": [1257, 1508, 1345, 1544], "text": "8.00", "label": "answer", "words": [{"text": "8.00", "box": [1257, 1508, 1345, 1544]}], "linking": [[]], "id": 133}, {"box": [1657, 1507, 1748, 1542], "text": "8.00", "label": "answer", "words": [{"text": "8.00", "box": [1657, 1507, 1748, 1542]}], "linking": [[]], "id": 134}, {"box": [1812, 1509, 1870, 1537], "text": "GBE", "label": "answer", "words": [{"text": "GBE", "box": [1812, 1509, 1870, 1537]}], "linking": [[]], "id": 135}, {"box": [2010, 1509, 2048, 1539], "text": "A1", "label": "answer", "words": [{"text": "A1", "box": [2010, 1509, 2048, 1539]}], "linking": [[]], "id": 136}, {"box": [138, 1551, 327, 1591], "text": "Delivery", "label": "question", "words": [{"text": "Delivery", "box": [138, 1551, 327, 1591]}], "linking": [[]], "id": 137}, {"box": [986, 1555, 1006, 1590], "text": "1", "label": "answer", "words": [{"text": "1", "box": [986, 1555, 1006, 1590]}], "linking": [[]], "id": 138}, {"box": [1025, 1555, 1045, 1590], "text": "x", "label": "answer", "words": [{"text": "x", "box": [1025, 1555, 1045, 1590]}], "linking": [[]], "id": 139}, {"box": [1260, 1554, 1347, 1589], "text": "8.00", "label": "answer", "words": [{"text": "8.00", "box": [1260, 1554, 1347, 1589]}], "linking": [[]], "id": 140}, {"box": [1657, 1554, 1745, 1590], "text": "8.00", "label": "answer", "words": [{"text": "8.00", "box": [1657, 1554, 1745, 1590]}], "linking": [[]], "id": 141}, {"box": [1808, 1554, 1873, 1588], "text": "GBP", "label": "answer", "words": [{"text": "GBP", "box": [1808, 1554, 1873, 1588]}], "linking": [[]], "id": 142}, {"box": [2004, 1554, 2048, 1588], "text": "A1", "label": "answer", "words": [{"text": "A1", "box": [2004, 1554, 2048, 1588]}], "linking": [[]], "id": 143}, {"box": [135, 1601, 221, 1638], "text": "Road", "label": "question", "words": [{"text": "Road", "box": [135, 1601, 221, 1638]}], "linking": [[]], "id": 144}, {"box": [251, 1601, 350, 1637], "text": "tax,", "label": "question", "words": [{"text": "tax,", "box": [251, 1601, 350, 1637]}], "linking": [[]], "id": 145}, {"box": [374, 1600, 447, 1634], "text": "RFL", "label": "question", "words": [{"text": "RFL", "box": [374, 1600, 447, 1634]}], "linking": [[]], "id": 146}, {"box": [983, 1603, 995, 1628], "text": "4", "label": "answer", "words": [{"text": "4", "box": [983, 1603, 995, 1628]}], "linking": [[]], "id": 147}, {"box": [1028, 1605, 1043, 1632], "text": "X", "label": "answer", "words": [{"text": "X", "box": [1028, 1605, 1043, 1632]}], "linking": [[]], "id": 148}, {"box": [1255, 1598, 1347, 1630], "text": "1.30", "label": "answer", "words": [{"text": "1.30", "box": [1255, 1598, 1347, 1630]}], "linking": [[]], "id": 149}, {"box": [1656, 1600, 1745, 1633], "text": "5.20", "label": "answer", "words": [{"text": "5.20", "box": [1656, 1600, 1745, 1633]}], "linking": [[]], "id": 150}, {"box": [1808, 1598, 1872, 1632], "text": "GBP", "label": "answer", "words": [{"text": "GBP", "box": [1808, 1598, 1872, 1632]}], "linking": [[]], "id": 151}, {"box": [2002, 1598, 2047, 1632], "text": "A1", "label": "answer", "words": [{"text": "A1", "box": [2002, 1598, 2047, 1632]}], "linking": [[]], "id": 152}, {"box": [135, 1691, 322, 1724], "text": "Subtotal", "label": "question", "words": [{"text": "Subtotal", "box": [135, 1691, 322, 1724]}], "linking": [[]], "id": 153}, {"box": [1605, 1691, 1747, 1729], "text": "156.00", "label": "answer", "words": [{"text": "156.00", "box": [1605, 1691, 1747, 1729]}], "linking": [[]], "id": 154}, {"box": [1812, 1691, 1869, 1722], "text": "GBP", "label": "answer", "words": [{"text": "GBP", "box": [1812, 1691, 1869, 1722]}], "linking": [[]], "id": 155}, {"box": [128, 1735, 175, 1774], "text": "A1", "label": "question", "words": [{"text": "A1", "box": [128, 1735, 175, 1774]}], "linking": [[]], "id": 156}, {"box": [199, 1734, 275, 1775], "text": "VAT", "label": "question", "words": [{"text": "VAT", "box": [199, 1734, 275, 1775]}], "linking": [[]], "id": 157}, {"box": [302, 1734, 452, 1775], "text": "20,00%", "label": "question", "words": [{"text": "20,00%", "box": [302, 1734, 452, 1775]}], "linking": [[]], "id": 158}, {"box": [1635, 1735, 1747, 1776], "text": "31.20", "label": "answer", "words": [{"text": "31.20", "box": [1635, 1735, 1747, 1776]}], "linking": [[]], "id": 159}, {"box": [1806, 1740, 1871, 1770], "text": "GBP", "label": "answer", "words": [{"text": "GBP", "box": [1806, 1740, 1871, 1770]}], "linking": [[]], "id": 160}, {"box": [131, 1830, 249, 1865], "text": "Total", "label": "question", "words": [{"text": "Total", "box": [131, 1830, 249, 1865]}], "linking": [[]], "id": 161}, {"box": [1608, 1829, 1747, 1866], "text": "187.20", "label": "answer", "words": [{"text": "187.20", "box": [1608, 1829, 1747, 1866]}], "linking": [[]], "id": 162}, {"box": [1806, 1834, 1869, 1861], "text": "GBP", "label": "answer", "words": [{"text": "GBP", "box": [1806, 1834, 1869, 1861]}], "linking": [[]], "id": 163}, {"box": [132, 1920, 249, 1958], "text": "Final", "label": "question", "words": [{"text": "Final", "box": [132, 1920, 249, 1958]}], "linking": [[]], "id": 164}, {"box": [277, 1921, 426, 1956], "text": "amount", "label": "question", "words": [{"text": "amount", "box": [277, 1921, 426, 1956]}], "linking": [[]], "id": 165}, {"box": [1614, 1920, 1746, 1955], "text": "187.20", "label": "answer", "words": [{"text": "187.20", "box": [1614, 1920, 1746, 1955]}], "linking": [[]], "id": 166}, {"box": [1805, 1920, 1869, 1954], "text": "GBP", "label": "answer", "words": [{"text": "GBP", "box": [1805, 1920, 1869, 1954]}], "linking": [[]], "id": 167}, {"box": [1406, 1974, 1615, 1996], "text": "=========", "label": "other", "words": [{"text": "=========", "box": [1406, 1974, 1615, 1996]}], "linking": [[]], "id": 168}, {"box": [1651, 1973, 1767, 1996], "text": "=====", "label": "answer", "words": [{"text": "=====", "box": [1651, 1973, 1767, 1996]}], "linking": [[]], "id": 169}, {"box": [133, 2013, 247, 2051], "text": "Thank", "label": "question", "words": [{"text": "Thank", "box": [133, 2013, 247, 2051]}], "linking": [[]], "id": 170}, {"box": [274, 2013, 347, 2052], "text": "you", "label": "other", "words": [{"text": "you", "box": [274, 2013, 347, 2052]}], "linking": [[]], "id": 171}, {"box": [376, 2013, 446, 2052], "text": "for", "label": "other", "words": [{"text": "for", "box": [376, 2013, 446, 2052]}], "linking": [[]], "id": 172}, {"box": [473, 2013, 647, 2052], "text": "booking", "label": "other", "words": [{"text": "booking", "box": [473, 2013, 647, 2052]}], "linking": [[]], "id": 173}, {"box": [675, 2013, 774, 2051], "text": "Sixt", "label": "question", "words": [{"text": "Sixt", "box": [675, 2013, 774, 2051]}], "linking": [[]], "id": 174}, {"box": [806, 2013, 828, 2051], "text": "!", "label": "other", "words": [{"text": "!", "box": [806, 2013, 828, 2051]}], "linking": [[]], "id": 175}, {"box": [130, 2059, 200, 2100], "text": "The", "label": "other", "words": [{"text": "The", "box": [130, 2059, 200, 2100]}], "linking": [[]], "id": 176}, {"box": [221, 2060, 399, 2100], "text": "service", "label": "other", "words": [{"text": "service", "box": [221, 2060, 399, 2100]}], "linking": [[]], "id": 177}, {"box": [422, 2060, 499, 2100], "text": "has", "label": "other", "words": [{"text": "has", "box": [422, 2060, 499, 2100]}], "linking": [[]], "id": 178}, {"box": [520, 2061, 623, 2100], "text": "been", "label": "other", "words": [{"text": "been", "box": [520, 2061, 623, 2100]}], "linking": [[]], "id": 179}, {"box": [649, 2061, 851, 2100], "text": "rendered", "label": "other", "words": [{"text": "rendered", "box": [649, 2061, 851, 2100]}], "linking": [[]], "id": 180}, {"box": [872, 2061, 1049, 2100], "text": "between", "label": "other", "words": [{"text": "between", "box": [872, 2061, 1049, 2100]}], "linking": [[]], "id": 181}, {"box": [1075, 2061, 1201, 2100], "text": "check", "label": "other", "words": [{"text": "check", "box": [1075, 2061, 1201, 2100]}], "linking": [[]], "id": 182}, {"box": [1223, 2061, 1302, 2100], "text": "out", "label": "other", "words": [{"text": "out", "box": [1223, 2061, 1302, 2100]}], "linking": [[]], "id": 183}, {"box": [1323, 2060, 1425, 2100], "text": "date", "label": "other", "words": [{"text": "date", "box": [1323, 2060, 1425, 2100]}], "linking": [[]], "id": 184}, {"box": [1450, 2060, 1526, 2100], "text": "and", "label": "other", "words": [{"text": "and", "box": [1450, 2060, 1526, 2100]}], "linking": [[]], "id": 185}, {"box": [1550, 2060, 1676, 2099], "text": "check", "label": "other", "words": [{"text": "check", "box": [1550, 2060, 1676, 2099]}], "linking": [[]], "id": 186}, {"box": [1703, 2060, 1750, 2099], "text": "in", "label": "other", "words": [{"text": "in", "box": [1703, 2060, 1750, 2099]}], "linking": [[]], "id": 187}, {"box": [1775, 2059, 1893, 2099], "text": "date.", "label": "other", "words": [{"text": "date.", "box": [1775, 2059, 1893, 2099]}], "linking": [[]], "id": 188}, {"box": [133, 2104, 223, 2143], "text": "This", "label": "other", "words": [{"text": "This", "box": [133, 2104, 223, 2143]}], "linking": [[]], "id": 189}, {"box": [248, 2105, 398, 2144], "text": "amount", "label": "other", "words": [{"text": "amount", "box": [248, 2105, 398, 2144]}], "linking": [[]], "id": 190}, {"box": [422, 2105, 522, 2145], "text": "will", "label": "other", "words": [{"text": "will", "box": [422, 2105, 522, 2145]}], "linking": [[]], "id": 191}, {"box": [547, 2106, 597, 2145], "text": "be", "label": "other", "words": [{"text": "be", "box": [547, 2106, 597, 2145]}], "linking": [[]], "id": 192}, {"box": [621, 2106, 798, 2145], "text": "charged", "label": "other", "words": [{"text": "charged", "box": [621, 2106, 798, 2145]}], "linking": [[]], "id": 193}, {"box": [823, 2106, 870, 2145], "text": "to", "label": "other", "words": [{"text": "to", "box": [823, 2106, 870, 2145]}], "linking": [[]], "id": 194}, {"box": [897, 2106, 1000, 2145], "text": "your", "label": "other", "words": [{"text": "your", "box": [897, 2106, 1000, 2145]}], "linking": [[]], "id": 195}, {"box": [1022, 2107, 1225, 2145], "text": "American", "label": "other", "words": [{"text": "American", "box": [1022, 2107, 1225, 2145]}], "linking": [[]], "id": 196}, {"box": [1249, 2107, 1424, 2144], "text": "Express", "label": "other", "words": [{"text": "Express", "box": [1249, 2107, 1424, 2144]}], "linking": [[]], "id": 197}, {"box": [1445, 2107, 1653, 2143], "text": "Account.", "label": "other", "words": [{"text": "Account.", "box": [1445, 2107, 1653, 2143]}], "linking": [[]], "id": 198}, {"box": [133, 2152, 220, 2191], "text": "This", "label": "other", "words": [{"text": "This", "box": [133, 2152, 220, 2191]}], "linking": [[]], "id": 199}, {"box": [251, 2153, 297, 2192], "text": "is", "label": "other", "words": [{"text": "is", "box": [251, 2153, 297, 2192]}], "linking": [[]], "id": 200}, {"box": [323, 2152, 397, 2192], "text": "not", "label": "other", "words": [{"text": "not", "box": [323, 2152, 397, 2192]}], "linking": [[]], "id": 201}, {"box": [424, 2152, 444, 2192], "text": "a", "label": "other", "words": [{"text": "a", "box": [424, 2152, 444, 2192]}], "linking": [[]], "id": 202}, {"box": [471, 2152, 647, 2193], "text": "payment", "label": "other", "words": [{"text": "payment", "box": [471, 2152, 647, 2193]}], "linking": [[]], "id": 203}, {"box": [675, 2152, 876, 2193], "text": "request.", "label": "other", "words": [{"text": "request.", "box": [675, 2152, 876, 2193]}], "linking": [[]], "id": 204}, {"box": [901, 2152, 998, 2193], "text": "This", "label": "other", "words": [{"text": "This", "box": [901, 2152, 998, 2193]}], "linking": [[]], "id": 205}, {"box": [1028, 2152, 1073, 2193], "text": "is", "label": "other", "words": [{"text": "is", "box": [1028, 2152, 1073, 2193]}], "linking": [[]], "id": 206}, {"box": [1100, 2152, 1172, 2193], "text": "the", "label": "other", "words": [{"text": "the", "box": [1100, 2152, 1172, 2193]}], "linking": [[]], "id": 207}, {"box": [1202, 2152, 1374, 2193], "text": "invoice", "label": "other", "words": [{"text": "invoice", "box": [1202, 2152, 1374, 2193]}], "linking": [[]], "id": 208}, {"box": [1403, 2153, 1473, 2193], "text": "for", "label": "other", "words": [{"text": "for", "box": [1403, 2153, 1473, 2193]}], "linking": [[]], "id": 209}, {"box": [1500, 2153, 1600, 2192], "text": "your", "label": "other", "words": [{"text": "your", "box": [1500, 2153, 1600, 2192]}], "linking": [[]], "id": 210}, {"box": [1626, 2154, 1827, 2191], "text": "records.", "label": "other", "words": [{"text": "records.", "box": [1626, 2154, 1827, 2191]}], "linking": [[]], "id": 211}, {"box": [129, 2293, 249, 2330], "text": "email", "label": "other", "words": [{"text": "email", "box": [129, 2293, 249, 2330]}], "linking": [[]], "id": 212}, {"box": [271, 2293, 971, 2329], "text": "customer-service-uk@sixt.com", "label": "other", "words": [{"text": "customer-service-uk@sixt.com", "box": [271, 2293, 971, 2329]}], "linking": [[]], "id": 213}, {"box": [128, 2335, 273, 2374], "text": "Branch", "label": "question", "words": [{"text": "Branch", "box": [128, 2335, 273, 2374]}], "linking": [[]], "id": 214}, {"box": [506, 2332, 598, 2370], "text": "Date", "label": "question", "words": [{"text": "Date", "box": [506, 2332, 598, 2370]}], "linking": [[]], "id": 215}, {"box": [653, 2333, 921, 2373], "text": "Timemls/out", "label": "question", "words": [{"text": "Timemls/out", "box": [653, 2333, 921, 2373]}], "linking": [[]], "id": 216}, {"box": [945, 2335, 1096, 2374], "text": "mls/in", "label": "question", "words": [{"text": "mls/in", "box": [945, 2335, 1096, 2374]}], "linking": [[]], "id": 217}, {"box": [1176, 2338, 1237, 2369], "text": "mls", "label": "question", "words": [{"text": "mls", "box": [1176, 2338, 1237, 2369]}], "linking": [[]], "id": 218}, {"box": [1381, 2337, 1491, 2371], "text": "Plate", "label": "question", "words": [{"text": "Plate", "box": [1381, 2337, 1491, 2371]}], "linking": [[]], "id": 219}, {"box": [1704, 2335, 1767, 2370], "text": "CO2", "label": "question", "words": [{"text": "CO2", "box": [1704, 2335, 1767, 2370]}], "linking": [[]], "id": 220}, {"box": [1901, 2333, 1972, 2367], "text": "GLP", "label": "question", "words": [{"text": "GLP", "box": [1901, 2333, 1972, 2367]}], "linking": [[]], "id": 221}, {"box": [1979, 2332, 1999, 2366], "text": "*", "label": "question", "words": [{"text": "*", "box": [1979, 2332, 1999, 2366]}], "linking": [[]], "id": 222}, {"box": [137, 2385, 374, 2422], "text": "Feltham/Ha", "label": "answer", "words": [{"text": "Feltham/Ha", "box": [137, 2385, 374, 2422]}], "linking": [[]], "id": 223}, {"box": [400, 2379, 603, 2421], "text": "23.03.17", "label": "answer", "words": [{"text": "23.03.17", "box": [400, 2379, 603, 2421]}], "linking": [[]], "id": 224}, {"box": [626, 2378, 748, 2421], "text": "18:00", "label": "answer", "words": [{"text": "18:00", "box": [626, 2378, 748, 2421]}], "linking": [[]], "id": 225}, {"box": [859, 2379, 925, 2414], "text": "559", "label": "answer", "words": [{"text": "559", "box": [859, 2379, 925, 2414]}], "linking": [[]], "id": 226}, {"box": [1032, 2380, 1096, 2415], "text": "721", "label": "answer", "words": [{"text": "721", "box": [1032, 2380, 1096, 2415]}], "linking": [[]], "id": 227}, {"box": [1184, 2384, 1238, 2417], "text": "162", "label": "answer", "words": [{"text": "162", "box": [1184, 2384, 1238, 2417]}], "linking": [[]], "id": 228}, {"box": [1375, 2382, 1546, 2419], "text": "GJ17GLZ", "label": "answer", "words": [{"text": "GJ17GLZ", "box": [1375, 2382, 1546, 2419]}], "linking": [[]], "id": 229}, {"box": [1707, 2379, 1776, 2417], "text": "111", "label": "answer", "words": [{"text": "111", "box": [1707, 2379, 1776, 2417]}], "linking": [[]], "id": 230}, {"box": [1884, 2381, 2000, 2415], "text": "23575", "label": "answer", "words": [{"text": "23575", "box": [1884, 2381, 2000, 2415]}], "linking": [[]], "id": 231}, {"box": [133, 2426, 223, 2466], "text": "*GLP", "label": "question", "words": [{"text": "*GLP", "box": [133, 2426, 223, 2466]}], "linking": [[]], "id": 232}, {"box": [248, 2426, 273, 2466], "text": "=", "label": "question", "words": [{"text": "=", "box": [248, 2426, 273, 2466]}], "linking": [[]], "id": 233}, {"box": [296, 2427, 574, 2465], "text": "On-the-road", "label": "question", "words": [{"text": "On-the-road", "box": [296, 2427, 574, 2465]}], "linking": [[]], "id": 234}, {"box": [597, 2428, 722, 2465], "text": "price", "label": "answer", "words": [{"text": "price", "box": [597, 2428, 722, 2465]}], "linking": [[]], "id": 235}, {"box": [750, 2429, 878, 2465], "text": "incl.", "label": "answer", "words": [{"text": "incl.", "box": [750, 2429, 878, 2465]}], "linking": [[]], "id": 236}, {"box": [897, 2429, 976, 2465], "text": "VAT", "label": "answer", "words": [{"text": "VAT", "box": [897, 2429, 976, 2465]}], "linking": [[]], "id": 237}, {"box": [1000, 2430, 1047, 2465], "text": "in", "label": "answer", "words": [{"text": "in", "box": [1000, 2430, 1047, 2465]}], "linking": [[]], "id": 238}, {"box": [1071, 2430, 1174, 2465], "text": "GBP;", "label": "question", "words": [{"text": "GBP;", "box": [1071, 2430, 1174, 2465]}], "linking": [[]], "id": 239}, {"box": [1195, 2430, 1274, 2465], "text": "CO2", "label": "answer", "words": [{"text": "CO2", "box": [1195, 2430, 1274, 2465]}], "linking": [[]], "id": 240}, {"box": [1301, 2430, 1324, 2465], "text": "=", "label": "answer", "words": [{"text": "=", "box": [1301, 2430, 1324, 2465]}], "linking": [[]], "id": 241}, {"box": [1346, 2430, 1425, 2465], "text": "CO2", "label": "answer", "words": [{"text": "CO2", "box": [1346, 2430, 1425, 2465]}], "linking": [[]], "id": 242}, {"box": [1449, 2430, 1649, 2466], "text": "emission", "label": "answer", "words": [{"text": "emission", "box": [1449, 2430, 1649, 2466]}], "linking": [[]], "id": 243}, {"box": [1673, 2430, 1874, 2466], "text": "combined", "label": "answer", "words": [{"text": "combined", "box": [1673, 2430, 1874, 2466]}], "linking": [[]], "id": 244}, {"box": [1906, 2430, 2047, 2466], "text": "(g/km)", "label": "answer", "words": [{"text": "(g/km)", "box": [1906, 2430, 2047, 2466]}], "linking": [[]], "id": 245}, {"box": [127, 2844, 374, 2885], "text": "Registered", "label": "question", "words": [{"text": "Registered", "box": [127, 2844, 374, 2885]}], "linking": [[]], "id": 246}, {"box": [400, 2844, 448, 2885], "text": "in", "label": "other", "words": [{"text": "in", "box": [400, 2844, 448, 2885]}], "linking": [[]], "id": 247}, {"box": [472, 2843, 682, 2885], "text": "England.", "label": "other", "words": [{"text": "England.", "box": [472, 2843, 682, 2885]}], "linking": [[]], "id": 248}, {"box": [695, 2843, 876, 2885], "text": "Company", "label": "question", "words": [{"text": "Company", "box": [695, 2843, 876, 2885]}], "linking": [[]], "id": 249}, {"box": [896, 2842, 1024, 2885], "text": "House", "label": "question", "words": [{"text": "House", "box": [896, 2842, 1024, 2885]}], "linking": [[]], "id": 250}, {"box": [1045, 2842, 1300, 2885], "text": "Registered", "label": "question", "words": [{"text": "Registered", "box": [1045, 2842, 1300, 2885]}], "linking": [[]], "id": 251}, {"box": [1321, 2840, 1505, 2884], "text": "Number:", "label": "question", "words": [{"text": "Number:", "box": [1321, 2840, 1505, 2884]}], "linking": [[]], "id": 252}, {"box": [1525, 2839, 1697, 2882], "text": "440897.", "label": "answer", "words": [{"text": "440897.", "box": [1525, 2839, 1697, 2882]}], "linking": [[]], "id": 253}, {"box": [128, 2889, 200, 2930], "text": "VAT", "label": "question", "words": [{"text": "VAT", "box": [128, 2889, 200, 2930]}], "linking": [[]], "id": 254}, {"box": [220, 2889, 523, 2928], "text": "Registration", "label": "question", "words": [{"text": "Registration", "box": [220, 2889, 523, 2928]}], "linking": [[]], "id": 255}, {"box": [546, 2888, 595, 2928], "text": "No", "label": "question", "words": [{"text": "No", "box": [546, 2888, 595, 2928]}], "linking": [[]], "id": 256}, {"box": [603, 2888, 651, 2928], "text": ".:", "label": "header", "words": [{"text": ".:", "box": [603, 2888, 651, 2928]}], "linking": [[]], "id": 257}, {"box": [671, 2887, 801, 2928], "text": "GB646", "label": "answer", "words": [{"text": "GB646", "box": [671, 2887, 801, 2928]}], "linking": [[]], "id": 258}, {"box": [826, 2886, 929, 2929], "text": "9183", "label": "answer", "words": [{"text": "9183", "box": [826, 2886, 929, 2929]}], "linking": [[]], "id": 259}, {"box": [948, 2885, 1029, 2930], "text": "03.", "label": "answer", "words": [{"text": "03.", "box": [948, 2885, 1029, 2930]}], "linking": [[]], "id": 260}]}