{"form": [{"box": [288, 70, 351, 87], "text": "sewell", "label": "other", "words": [{"text": "sewell", "box": [288, 70, 351, 87]}], "linking": [[]], "id": 0}, {"box": [287, 87, 424, 117], "text": "onthego", "label": "other", "words": [{"text": "onthego", "box": [287, 87, 424, 117]}], "linking": [[]], "id": 1}, {"box": [286, 106, 319, 121], "text": "MAJOR", "label": "other", "words": [{"text": "MAJOR", "box": [286, 106, 319, 121]}], "linking": [[]], "id": 2}, {"box": [321, 109, 369, 121], "text": "PARTNER", "label": "other", "words": [{"text": "PARTNER", "box": [321, 109, 369, 121]}], "linking": [[]], "id": 3}, {"box": [499, 102, 501, 116], "text": "I", "label": "other", "words": [{"text": "I", "box": [499, 102, 501, 116]}], "linking": [[]], "id": 4}, {"box": [505, 103, 542, 117], "text": "Culture", "label": "other", "words": [{"text": "Culture", "box": [505, 103, 542, 117]}], "linking": [[]], "id": 5}, {"box": [309, 146, 380, 164], "text": "SEWELL", "label": "header", "words": [{"text": "SEWELL", "box": [309, 146, 380, 164]}], "linking": [[]], "id": 6}, {"box": [394, 148, 417, 164], "text": "ON", "label": "header", "words": [{"text": "ON", "box": [394, 148, 417, 164]}], "linking": [[]], "id": 7}, {"box": [435, 149, 469, 164], "text": "THE", "label": "header", "words": [{"text": "THE", "box": [435, 149, 469, 164]}], "linking": [[]], "id": 8}, {"box": [483, 149, 506, 165], "text": "GO", "label": "other", "words": [{"text": "GO", "box": [483, 149, 506, 165]}], "linking": [[]], "id": 9}, {"box": [359, 164, 457, 179], "text": "WILLERBY", "label": "other", "words": [{"text": "WILLERBY", "box": [359, 164, 457, 179]}], "linking": [[]], "id": 10}, {"box": [319, 179, 419, 195], "text": "BEVERLEY", "label": "answer", "words": [{"text": "BEVERLEY", "box": [319, 179, 419, 195]}], "linking": [[]], "id": 11}, {"box": [432, 180, 480, 195], "text": "ROAD", "label": "other", "words": [{"text": "ROAD", "box": [432, 180, 480, 195]}], "linking": [[]], "id": 12}, {"box": [383, 196, 411, 210], "text": "HU10", "label": "other", "words": [{"text": "HU10", "box": [383, 196, 411, 210]}], "linking": [[]], "id": 13}, {"box": [414, 196, 437, 209], "text": "6AW", "label": "other", "words": [{"text": "6AW", "box": [414, 196, 437, 209]}], "linking": [[]], "id": 14}, {"box": [362, 211, 376, 226], "text": "TEL", "label": "other", "words": [{"text": "TEL", "box": [362, 211, 376, 226]}], "linking": [[]], "id": 15}, {"box": [378, 211, 418, 226], "text": ":01482", "label": "other", "words": [{"text": ":01482", "box": [378, 211, 418, 226]}], "linking": [[]], "id": 16}, {"box": [422, 211, 462, 225], "text": "307954", "label": "other", "words": [{"text": "307954", "box": [422, 211, 462, 225]}], "linking": [[]], "id": 17}, {"box": [362, 227, 405, 242], "text": "VAT:647", "label": "answer", "words": [{"text": "VAT:647", "box": [362, 227, 405, 242]}], "linking": [[]], "id": 18}, {"box": [409, 227, 438, 242], "text": "3966", "label": "answer", "words": [{"text": "3966", "box": [409, 227, 438, 242]}], "linking": [[]], "id": 19}, {"box": [442, 227, 457, 242], "text": "92", "label": "answer", "words": [{"text": "92", "box": [442, 227, 457, 242]}], "linking": [[]], "id": 20}, {"box": [282, 244, 350, 256], "text": "===========", "label": "other", "words": [{"text": "===========", "box": [282, 244, 350, 256]}], "linking": [[]], "id": 21}, {"box": [282, 260, 308, 274], "text": "P:04", "label": "answer", "words": [{"text": "P:04", "box": [282, 260, 308, 274]}], "linking": [[]], "id": 22}, {"box": [337, 259, 379, 275], "text": "DIESEL", "label": "answer", "words": [{"text": "DIESEL", "box": [337, 259, 379, 275]}], "linking": [[]], "id": 23}, {"box": [383, 259, 391, 275], "text": "(", "label": "answer", "words": [{"text": "(", "box": [383, 259, 391, 275]}], "linking": [[]], "id": 24}, {"box": [351, 276, 392, 292], "text": "32.03L", "label": "answer", "words": [{"text": "32.03L", "box": [351, 276, 392, 292]}], "linking": [[]], "id": 25}, {"box": [395, 276, 405, 292], "text": "@", "label": "answer", "words": [{"text": "@", "box": [395, 276, 405, 292]}], "linking": [[]], "id": 26}, {"box": [411, 260, 420, 275], "text": "1", "label": "answer", "words": [{"text": "1", "box": [411, 260, 420, 275]}], "linking": [[]], "id": 27}, {"box": [421, 276, 430, 292], "text": "\u00a3", "label": "answer", "words": [{"text": "\u00a3", "box": [421, 276, 430, 292]}], "linking": [[]], "id": 28}, {"box": [437, 275, 471, 292], "text": "1.249", "label": "answer", "words": [{"text": "1.249", "box": [437, 275, 471, 292]}], "linking": [[]], "id": 29}, {"box": [500, 275, 541, 291], "text": "\u00a340.01", "label": "answer", "words": [{"text": "\u00a340.01", "box": [500, 275, 541, 291]}], "linking": [[]], "id": 30}, {"box": [282, 293, 341, 311], "text": "METCALFES", "label": "answer", "words": [{"text": "METCALFES", "box": [282, 293, 341, 311]}], "linking": [[]], "id": 31}, {"box": [344, 294, 386, 310], "text": "SKINNY", "label": "answer", "words": [{"text": "SKINNY", "box": [344, 294, 386, 310]}], "linking": [[]], "id": 32}, {"box": [393, 313, 404, 327], "text": "20", "label": "answer", "words": [{"text": "20", "box": [393, 313, 404, 327]}], "linking": [[]], "id": 33}, {"box": [437, 311, 470, 327], "text": "\u00a31.49", "label": "answer", "words": [{"text": "\u00a31.49", "box": [437, 311, 470, 327]}], "linking": [[]], "id": 34}, {"box": [510, 311, 542, 327], "text": "\u00a32.98", "label": "answer", "words": [{"text": "\u00a32.98", "box": [510, 311, 542, 327]}], "linking": [[]], "id": 35}, {"box": [284, 349, 355, 366], "text": "Total:", "label": "question", "words": [{"text": "Total:", "box": [284, 349, 355, 366]}], "linking": [[]], "id": 36}, {"box": [465, 348, 537, 365], "text": "\u00a342.99", "label": "answer", "words": [{"text": "\u00a342.99", "box": [465, 348, 537, 365]}], "linking": [[]], "id": 37}, {"box": [336, 383, 369, 401], "text": "VAT", "label": "answer", "words": [{"text": "VAT", "box": [336, 383, 369, 401]}], "linking": [[]], "id": 38}, {"box": [383, 384, 484, 401], "text": "ANALYSIS", "label": "header", "words": [{"text": "ANALYSIS", "box": [383, 384, 484, 401]}], "linking": [[]], "id": 39}, {"box": [318, 421, 342, 435], "text": "Rate", "label": "question", "words": [{"text": "Rate", "box": [318, 421, 342, 435]}], "linking": [[]], "id": 40}, {"box": [367, 420, 395, 435], "text": "Nett", "label": "question", "words": [{"text": "Nett", "box": [367, 420, 395, 435]}], "linking": [[]], "id": 41}, {"box": [424, 419, 449, 434], "text": "Vai:", "label": "question", "words": [{"text": "Vai:", "box": [424, 419, 449, 434]}], "linking": [[]], "id": 42}, {"box": [471, 420, 500, 435], "text": "Fuel", "label": "question", "words": [{"text": "Fuel", "box": [471, 420, 500, 435]}], "linking": [[]], "id": 43}, {"box": [522, 419, 543, 434], "text": "Vat", "label": "question", "words": [{"text": "Vat", "box": [522, 419, 543, 434]}], "linking": [[]], "id": 44}, {"box": [282, 455, 297, 472], "text": "2>", "label": "answer", "words": [{"text": "2>", "box": [282, 455, 297, 472]}], "linking": [[]], "id": 45}, {"box": [300, 456, 344, 472], "text": "20.00%", "label": "answer", "words": [{"text": "20.00%", "box": [300, 456, 344, 472]}], "linking": [[]], "id": 46}, {"box": [360, 455, 393, 471], "text": "35.82", "label": "answer", "words": [{"text": "35.82", "box": [360, 455, 393, 471]}], "linking": [[]], "id": 47}, {"box": [419, 454, 448, 471], "text": "7.17", "label": "answer", "words": [{"text": "7.17", "box": [419, 454, 448, 471]}], "linking": [[]], "id": 48}, {"box": [464, 455, 500, 472], "text": "33.34", "label": "answer", "words": [{"text": "33.34", "box": [464, 455, 500, 472]}], "linking": [[]], "id": 49}, {"box": [515, 455, 542, 472], "text": "6.67", "label": "answer", "words": [{"text": "6.67", "box": [515, 455, 542, 472]}], "linking": [[]], "id": 50}, {"box": [278, 507, 307, 526], "text": "Paid", "label": "question", "words": [{"text": "Paid", "box": [278, 507, 307, 526]}], "linking": [[]], "id": 51}, {"box": [311, 509, 332, 526], "text": "by:", "label": "question", "words": [{"text": "by:", "box": [311, 509, 332, 526]}], "linking": [[]], "id": 52}, {"box": [419, 508, 439, 526], "text": "EFT", "label": "answer", "words": [{"text": "EFT", "box": [419, 508, 439, 526]}], "linking": [[]], "id": 53}, {"box": [506, 508, 546, 525], "text": "\u00a342.99", "label": "answer", "words": [{"text": "\u00a342.99", "box": [506, 508, 546, 525]}], "linking": [[]], "id": 54}, {"box": [386, 544, 400, 560], "text": "NO", "label": "question", "words": [{"text": "NO", "box": [386, 544, 400, 560]}], "linking": [[]], "id": 55}, {"box": [404, 544, 449, 560], "text": "CHANGE", "label": "question", "words": [{"text": "CHANGE", "box": [404, 544, 449, 560]}], "linking": [[]], "id": 56}, {"box": [385, 579, 441, 596], "text": "Purchase", "label": "question", "words": [{"text": "Purchase", "box": [385, 579, 441, 596]}], "linking": [[]], "id": 57}, {"box": [408, 598, 427, 612], "text": "isa", "label": "question", "words": [{"text": "isa", "box": [408, 598, 427, 612]}], "linking": [[]], "id": 58}, {"box": [274, 614, 344, 630], "text": "06.11.2017", "label": "answer", "words": [{"text": "06.11.2017", "box": [274, 614, 344, 630]}], "linking": [[]], "id": 59}, {"box": [438, 614, 497, 632], "text": "07:01:00", "label": "answer", "words": [{"text": "07:01:00", "box": [438, 614, 497, 632]}], "linking": [[]], "id": 60}, {"box": [274, 632, 309, 649], "text": "Term.", "label": "question", "words": [{"text": "Term.", "box": [274, 632, 309, 649]}], "linking": [[]], "id": 61}, {"box": [313, 632, 393, 650], "text": "ID:71044413", "label": "question", "words": [{"text": "ID:71044413", "box": [313, 632, 393, 650]}], "linking": [[]], "id": 62}, {"box": [404, 632, 420, 650], "text": "TA", "label": "question", "words": [{"text": "TA", "box": [404, 632, 420, 650]}], "linking": [[]], "id": 63}, {"box": [424, 632, 438, 650], "text": "no", "label": "question", "words": [{"text": "no", "box": [424, 632, 438, 650]}], "linking": [[]], "id": 64}, {"box": [442, 632, 450, 649], "text": ".:", "label": "question", "words": [{"text": ".:", "box": [442, 632, 450, 649]}], "linking": [[]], "id": 65}, {"box": [454, 632, 497, 649], "text": "565544", "label": "answer", "words": [{"text": "565544", "box": [454, 632, 497, 649]}], "linking": [[]], "id": 66}, {"box": [274, 651, 302, 668], "text": "Trx.", "label": "question", "words": [{"text": "Trx.", "box": [274, 651, 302, 668]}], "linking": [[]], "id": 67}, {"box": [306, 651, 326, 668], "text": "no.", "label": "question", "words": [{"text": "no.", "box": [306, 651, 326, 668]}], "linking": [[]], "id": 68}, {"box": [330, 651, 332, 668], "text": ":", "label": "question", "words": [{"text": ":", "box": [330, 651, 332, 668]}], "linking": [[]], "id": 69}, {"box": [336, 651, 365, 668], "text": "8428", "label": "answer", "words": [{"text": "8428", "box": [336, 651, 365, 668]}], "linking": [[]], "id": 70}, {"box": [369, 651, 400, 668], "text": "Act.", "label": "question", "words": [{"text": "Act.", "box": [369, 651, 400, 668]}], "linking": [[]], "id": 71}, {"box": [403, 651, 498, 669], "text": "code:00000000", "label": "question", "words": [{"text": "code:00000000", "box": [403, 651, 498, 669]}], "linking": [[]], "id": 72}, {"box": [274, 670, 332, 686], "text": "Receipt:", "label": "question", "words": [{"text": "Receipt:", "box": [274, 670, 332, 686]}], "linking": [[]], "id": 73}, {"box": [414, 669, 496, 688], "text": "01/0488/0061", "label": "answer", "words": [{"text": "01/0488/0061", "box": [414, 669, 496, 688]}], "linking": [[]], "id": 74}, {"box": [275, 689, 301, 706], "text": "Auth", "label": "question", "words": [{"text": "Auth", "box": [275, 689, 301, 706]}], "linking": [[]], "id": 75}, {"box": [305, 690, 320, 706], "text": ".:", "label": "question", "words": [{"text": ".:", "box": [305, 690, 320, 706]}], "linking": [[]], "id": 76}, {"box": [457, 689, 498, 706], "text": "009772", "label": "answer", "words": [{"text": "009772", "box": [457, 689, 498, 706]}], "linking": [[]], "id": 77}, {"box": [275, 708, 324, 726], "text": "App-ID:", "label": "question", "words": [{"text": "App-ID:", "box": [275, 708, 324, 726]}], "linking": [[]], "id": 78}, {"box": [400, 707, 495, 726], "text": "A0000000031010", "label": "answer", "words": [{"text": "A0000000031010", "box": [400, 707, 495, 726]}], "linking": [[]], "id": 79}, {"box": [274, 727, 312, 743], "text": "Card:", "label": "question", "words": [{"text": "Card:", "box": [274, 727, 312, 743]}], "linking": [[]], "id": 80}, {"box": [384, 730, 496, 745], "text": "xxxxxxxxxxxx0190", "label": "answer", "words": [{"text": "xxxxxxxxxxxx0190", "box": [384, 730, 496, 745]}], "linking": [[]], "id": 81}, {"box": [276, 747, 325, 765], "text": "Expiry:", "label": "question", "words": [{"text": "Expiry:", "box": [276, 747, 325, 765]}], "linking": [[]], "id": 82}, {"box": [460, 746, 496, 764], "text": "03/19", "label": "answer", "words": [{"text": "03/19", "box": [460, 746, 496, 764]}], "linking": [[]], "id": 83}, {"box": [273, 766, 317, 784], "text": "Issuer", "label": "question", "words": [{"text": "Issuer", "box": [273, 766, 317, 784]}], "linking": [[]], "id": 84}, {"box": [321, 766, 345, 784], "text": "No:", "label": "question", "words": [{"text": "No:", "box": [321, 766, 345, 784]}], "linking": [[]], "id": 85}, {"box": [349, 766, 358, 784], "text": "5", "label": "answer", "words": [{"text": "5", "box": [349, 766, 358, 784]}], "linking": [[]], "id": 86}, {"box": [442, 766, 469, 784], "text": "TDS:", "label": "question", "words": [{"text": "TDS:", "box": [442, 766, 469, 784]}], "linking": [[]], "id": 87}, {"box": [472, 766, 497, 784], "text": "ICC", "label": "answer", "words": [{"text": "ICC", "box": [472, 766, 497, 784]}], "linking": [[]], "id": 88}, {"box": [274, 786, 476, 804], "text": "Amount:42.99GBP", "label": "question", "words": [{"text": "Amount:42.99GBP", "box": [274, 786, 476, 804]}], "linking": [[]], "id": 89}, {"box": [357, 807, 462, 825], "text": "Approved", "label": "answer", "words": [{"text": "Approved", "box": [357, 807, 462, 825]}], "linking": [[]], "id": 90}, {"box": [273, 825, 293, 844], "text": "EMV", "label": "question", "words": [{"text": "EMV", "box": [273, 825, 293, 844]}], "linking": [[]], "id": 91}, {"box": [297, 825, 325, 844], "text": "DATA", "label": "question", "words": [{"text": "DATA", "box": [297, 825, 325, 844]}], "linking": [[]], "id": 92}, {"box": [329, 825, 343, 844], "text": "::", "label": "question", "words": [{"text": "::", "box": [329, 825, 343, 844]}], "linking": [[]], "id": 93}, {"box": [347, 825, 450, 845], "text": "FC00/410302/05", "label": "answer", "words": [{"text": "FC00/410302/05", "box": [347, 825, 450, 845]}], "linking": [[]], "id": 94}, {"box": [271, 845, 313, 866], "text": "Please", "label": "question", "words": [{"text": "Please", "box": [271, 845, 313, 866]}], "linking": [[]], "id": 95}, {"box": [318, 846, 356, 866], "text": "debit", "label": "question", "words": [{"text": "debit", "box": [318, 846, 356, 866]}], "linking": [[]], "id": 96}, {"box": [360, 847, 378, 866], "text": "my", "label": "question", "words": [{"text": "my", "box": [360, 847, 378, 866]}], "linking": [[]], "id": 97}, {"box": [382, 847, 433, 866], "text": "account", "label": "question", "words": [{"text": "account", "box": [382, 847, 433, 866]}], "linking": [[]], "id": 98}, {"box": [437, 847, 469, 866], "text": "with", "label": "question", "words": [{"text": "with", "box": [437, 847, 469, 866]}], "linking": [[]], "id": 99}, {"box": [473, 848, 498, 866], "text": "the", "label": "question", "words": [{"text": "the", "box": [473, 848, 498, 866]}], "linking": [[]], "id": 100}, {"box": [271, 887, 305, 907], "text": "total", "label": "question", "words": [{"text": "total", "box": [271, 887, 305, 907]}], "linking": [[]], "id": 101}, {"box": [309, 888, 356, 906], "text": "amount", "label": "question", "words": [{"text": "amount", "box": [309, 888, 356, 906]}], "linking": [[]], "id": 102}, {"box": [270, 907, 312, 928], "text": "Please", "label": "question", "words": [{"text": "Please", "box": [270, 907, 312, 928]}], "linking": [[]], "id": 103}, {"box": [316, 907, 363, 928], "text": "retain", "label": "question", "words": [{"text": "retain", "box": [316, 907, 363, 928]}], "linking": [[]], "id": 104}, {"box": [367, 908, 421, 929], "text": "receipt", "label": "question", "words": [{"text": "receipt", "box": [367, 908, 421, 929]}], "linking": [[]], "id": 105}, {"box": [265, 969, 339, 990], "text": "06-11-2017", "label": "answer", "words": [{"text": "06-11-2017", "box": [265, 969, 339, 990]}], "linking": [[]], "id": 106}, {"box": [343, 970, 383, 991], "text": "07:01", "label": "other", "words": [{"text": "07:01", "box": [343, 970, 383, 991]}], "linking": [[]], "id": 107}, {"box": [451, 972, 549, 992], "text": "001-01-781804", "label": "answer", "words": [{"text": "001-01-781804", "box": [451, 972, 549, 992]}], "linking": [[]], "id": 108}, {"box": [265, 991, 305, 1011], "text": "00385:", "label": "question", "words": [{"text": "00385:", "box": [265, 991, 305, 1011]}], "linking": [[]], "id": 109}, {"box": [309, 992, 360, 1012], "text": "Justine", "label": "answer", "words": [{"text": "Justine", "box": [309, 992, 360, 1012]}], "linking": [[]], "id": 110}, {"box": [365, 992, 376, 1013], "text": "M", "label": "answer", "words": [{"text": "M", "box": [365, 992, 376, 1013]}], "linking": [[]], "id": 111}, {"box": [468, 993, 512, 1013], "text": "Items:", "label": "question", "words": [{"text": "Items:", "box": [468, 993, 512, 1013]}], "linking": [[]], "id": 112}, {"box": [547, 996, 556, 1012], "text": "3", "label": "answer", "words": [{"text": "3", "box": [547, 996, 556, 1012]}], "linking": [[]], "id": 113}, {"box": [263, 1039, 549, 1060], "text": "www.sewellonthego.co", "label": "answer", "words": [{"text": "www.sewellonthego.co", "box": [263, 1039, 549, 1060]}], "linking": [[]], "id": 114}, {"box": [301, 1060, 521, 1082], "text": "www.facebook.com/sewell.retail", "label": "other", "words": [{"text": "www.facebook.com/sewell.retail", "box": [301, 1060, 521, 1082]}], "linking": [[]], "id": 115}, {"box": [315, 1080, 350, 1101], "text": "Tweet", "label": "other", "words": [{"text": "Tweet", "box": [315, 1080, 350, 1101]}], "linking": [[]], "id": 116}, {"box": [355, 1080, 373, 1101], "text": "us", "label": "other", "words": [{"text": "us", "box": [355, 1080, 373, 1101]}], "linking": [[]], "id": 117}, {"box": [378, 1081, 394, 1102], "text": "at", "label": "other", "words": [{"text": "at", "box": [378, 1081, 394, 1102]}], "linking": [[]], "id": 118}, {"box": [399, 1081, 506, 1104], "text": "@sewellonthego", "label": "other", "words": [{"text": "@sewellonthego", "box": [399, 1081, 506, 1104]}], "linking": [[]], "id": 119}]}