{"form": [{"box": [977, 52, 1343, 125], "text": "Questions?", "label": "header", "words": [{"text": "Questions?", "box": [977, 52, 1343, 125]}], "linking": [[]], "id": 0}, {"box": [54, 177, 357, 234], "text": "vodafone", "label": "other", "words": [{"text": "vodafone", "box": [54, 177, 357, 234]}], "linking": [[]], "id": 1}, {"box": [976, 155, 1112, 190], "text": "Contact", "label": "question", "words": [{"text": "Contact", "box": [976, 155, 1112, 190]}], "linking": [[]], "id": 2}, {"box": [1599, 157, 1740, 192], "text": "Account", "label": "question", "words": [{"text": "Account", "box": [1599, 157, 1740, 192]}], "linking": [[]], "id": 3}, {"box": [1942, 156, 2066, 193], "text": "Invoice", "label": "question", "words": [{"text": "Invoice", "box": [1942, 156, 2066, 193]}], "linking": [[]], "id": 4}, {"box": [2254, 156, 2335, 191], "text": "Date", "label": "question", "words": [{"text": "Date", "box": [2254, 156, 2335, 191]}], "linking": [[]], "id": 5}, {"box": [987, 200, 1013, 228], "text": "us", "label": "question", "words": [{"text": "us", "box": [987, 200, 1013, 228]}], "linking": [[]], "id": 6}, {"box": [1017, 198, 1057, 226], "text": "at", "label": "question", "words": [{"text": "at", "box": [1017, 198, 1057, 226]}], "linking": [[]], "id": 7}, {"box": [1596, 198, 1729, 230], "text": "number", "label": "question", "words": [{"text": "number", "box": [1596, 198, 1729, 230]}], "linking": [[]], "id": 8}, {"box": [1942, 199, 2075, 232], "text": "number", "label": "question", "words": [{"text": "number", "box": [1942, 199, 2075, 232]}], "linking": [[]], "id": 9}, {"box": [117, 299, 319, 330], "text": "www.vcol.co.uk", "label": "other", "words": [{"text": "www.vcol.co.uk", "box": [117, 299, 319, 330]}], "linking": [[]], "id": 10}, {"box": [976, 298, 1413, 334], "text": "accenture@help.vodafone.co.uk", "label": "other", "words": [{"text": "accenture@help.vodafone.co.uk", "box": [976, 298, 1413, 334]}], "linking": [[]], "id": 11}, {"box": [1581, 298, 1739, 330], "text": "670206064", "label": "answer", "words": [{"text": "670206064", "box": [1581, 298, 1739, 330]}], "linking": [[]], "id": 12}, {"box": [1747, 297, 1761, 330], "text": "/", "label": "other", "words": [{"text": "/", "box": [1747, 297, 1761, 330]}], "linking": [[]], "id": 13}, {"box": [1768, 297, 1864, 329], "text": "00001", "label": "other", "words": [{"text": "00001", "box": [1768, 297, 1864, 329]}], "linking": [[]], "id": 14}, {"box": [1937, 298, 1987, 330], "text": "897", "label": "other", "words": [{"text": "897", "box": [1937, 298, 1987, 330]}], "linking": [[]], "id": 15}, {"box": [1993, 298, 2077, 330], "text": "19378", "label": "other", "words": [{"text": "19378", "box": [1993, 298, 2077, 330]}], "linking": [[]], "id": 16}, {"box": [2245, 297, 2275, 332], "text": "14", "label": "answer", "words": [{"text": "14", "box": [2245, 297, 2275, 332]}], "linking": [[]], "id": 17}, {"box": [2281, 298, 2342, 331], "text": "Nov", "label": "answer", "words": [{"text": "Nov", "box": [2281, 298, 2342, 331]}], "linking": [[]], "id": 18}, {"box": [2347, 297, 2382, 329], "text": "18", "label": "answer", "words": [{"text": "18", "box": [2347, 297, 2382, 329]}], "linking": [[]], "id": 19}, {"box": [308, 558, 413, 599], "text": "COSMO", "label": "answer", "words": [{"text": "COSMO", "box": [308, 558, 413, 599]}], "linking": [[]], "id": 20}, {"box": [421, 558, 539, 599], "text": "MARCH", "label": "answer", "words": [{"text": "MARCH", "box": [421, 558, 539, 599]}], "linking": [[]], "id": 21}, {"box": [2327, 569, 2401, 696], "text": "Copy", "label": "other", "words": [{"text": "Copy", "box": [2327, 569, 2401, 696]}], "linking": [[]], "id": 22}, {"box": [2328, 712, 2405, 803], "text": "bill", "label": "other", "words": [{"text": "bill", "box": [2328, 712, 2405, 803]}], "linking": [[]], "id": 23}, {"box": [306, 606, 388, 645], "text": "ATTN:", "label": "answer", "words": [{"text": "ATTN:", "box": [306, 606, 388, 645]}], "linking": [[]], "id": 24}, {"box": [396, 606, 511, 644], "text": "COSMO", "label": "answer", "words": [{"text": "COSMO", "box": [396, 606, 511, 644]}], "linking": [[]], "id": 25}, {"box": [519, 606, 633, 645], "text": "MARCH", "label": "answer", "words": [{"text": "MARCH", "box": [519, 606, 633, 645]}], "linking": [[]], "id": 26}, {"box": [310, 649, 479, 692], "text": "ACCENTURE", "label": "answer", "words": [{"text": "ACCENTURE", "box": [310, 649, 479, 692]}], "linking": [[]], "id": 27}, {"box": [490, 649, 651, 693], "text": "SOFTWARE", "label": "answer", "words": [{"text": "SOFTWARE", "box": [490, 649, 651, 693]}], "linking": [[]], "id": 28}, {"box": [661, 649, 852, 696], "text": "PLANTATION", "label": "answer", "words": [{"text": "PLANTATION", "box": [661, 649, 852, 696]}], "linking": [[]], "id": 29}, {"box": [307, 698, 338, 740], "text": "30", "label": "answer", "words": [{"text": "30", "box": [307, 698, 338, 740]}], "linking": [[]], "id": 30}, {"box": [346, 697, 533, 739], "text": "FENCHURCH", "label": "answer", "words": [{"text": "FENCHURCH", "box": [346, 697, 533, 739]}], "linking": [[]], "id": 31}, {"box": [541, 696, 657, 740], "text": "STREET", "label": "answer", "words": [{"text": "STREET", "box": [541, 696, 657, 740]}], "linking": [[]], "id": 32}, {"box": [308, 746, 427, 786], "text": "LONDON", "label": "answer", "words": [{"text": "LONDON", "box": [308, 746, 427, 786]}], "linking": [[]], "id": 33}, {"box": [307, 791, 384, 833], "text": "EC3M", "label": "answer", "words": [{"text": "EC3M", "box": [307, 791, 384, 833]}], "linking": [[]], "id": 34}, {"box": [399, 792, 462, 834], "text": "3BD", "label": "answer", "words": [{"text": "3BD", "box": [399, 792, 462, 834]}], "linking": [[]], "id": 35}, {"box": [594, 1038, 799, 1140], "text": "Your", "label": "header", "words": [{"text": "Your", "box": [594, 1038, 799, 1140]}], "linking": [[]], "id": 36}, {"box": [818, 1037, 1270, 1140], "text": "vodafone", "label": "header", "words": [{"text": "vodafone", "box": [818, 1037, 1270, 1140]}], "linking": [[]], "id": 37}, {"box": [1292, 1036, 1448, 1140], "text": "bill", "label": "header", "words": [{"text": "bill", "box": [1292, 1036, 1448, 1140]}], "linking": [[]], "id": 38}, {"box": [581, 1230, 764, 1311], "text": "Quick", "label": "header", "words": [{"text": "Quick", "box": [581, 1230, 764, 1311]}], "linking": [[]], "id": 39}, {"box": [777, 1229, 1126, 1309], "text": "breakdown", "label": "header", "words": [{"text": "breakdown", "box": [777, 1229, 1126, 1309]}], "linking": [[]], "id": 40}, {"box": [592, 1382, 651, 1426], "text": "Cost", "label": "answer", "words": [{"text": "Cost", "box": [592, 1382, 651, 1426]}], "linking": [[]], "id": 41}, {"box": [659, 1381, 759, 1427], "text": "centre", "label": "answer", "words": [{"text": "centre", "box": [659, 1381, 759, 1427]}], "linking": [[]], "id": 42}, {"box": [767, 1380, 923, 1427], "text": "11091664", "label": "answer", "words": [{"text": "11091664", "box": [767, 1380, 923, 1427]}], "linking": [[]], "id": 43}, {"box": [932, 1379, 952, 1427], "text": ">", "label": "answer", "words": [{"text": ">", "box": [932, 1379, 952, 1427]}], "linking": [[]], "id": 44}, {"box": [961, 1378, 1040, 1427], "text": "3001", "label": "answer", "words": [{"text": "3001", "box": [961, 1378, 1040, 1427]}], "linking": [[]], "id": 45}, {"box": [1049, 1378, 1090, 1427], "text": "for", "label": "answer", "words": [{"text": "for", "box": [1049, 1378, 1090, 1427]}], "linking": [[]], "id": 46}, {"box": [1099, 1378, 1202, 1427], "text": "07964", "label": "answer", "words": [{"text": "07964", "box": [1099, 1378, 1202, 1427]}], "linking": [[]], "id": 47}, {"box": [1211, 1378, 1272, 1427], "text": "909", "label": "answer", "words": [{"text": "909", "box": [1211, 1378, 1272, 1427]}], "linking": [[]], "id": 48}, {"box": [1281, 1378, 1347, 1427], "text": "278", "label": "answer", "words": [{"text": "278", "box": [1281, 1378, 1347, 1427]}], "linking": [[]], "id": 49}, {"box": [588, 1430, 646, 1466], "text": "used", "label": "question", "words": [{"text": "used", "box": [588, 1430, 646, 1466]}], "linking": [[]], "id": 50}, {"box": [654, 1428, 679, 1467], "text": "by", "label": "other", "words": [{"text": "by", "box": [654, 1428, 679, 1467]}], "linking": [[]], "id": 51}, {"box": [687, 1428, 729, 1466], "text": "MR", "label": "answer", "words": [{"text": "MR", "box": [687, 1428, 729, 1466]}], "linking": [[]], "id": 52}, {"box": [737, 1427, 829, 1465], "text": "COSMO", "label": "answer", "words": [{"text": "COSMO", "box": [737, 1427, 829, 1465]}], "linking": [[]], "id": 53}, {"box": [836, 1427, 932, 1463], "text": "MARCH", "label": "answer", "words": [{"text": "MARCH", "box": [836, 1427, 932, 1463]}], "linking": [[]], "id": 54}, {"box": [591, 1484, 695, 1522], "text": "Service", "label": "question", "words": [{"text": "Service", "box": [591, 1484, 695, 1522]}], "linking": [[]], "id": 55}, {"box": [704, 1484, 832, 1526], "text": "charges", "label": "question", "words": [{"text": "charges", "box": [704, 1484, 832, 1526]}], "linking": [[]], "id": 56}, {"box": [658, 1540, 809, 1581], "text": "Accenture", "label": "answer", "words": [{"text": "Accenture", "box": [658, 1540, 809, 1581]}], "linking": [[]], "id": 57}, {"box": [819, 1538, 949, 1580], "text": "760mins", "label": "answer", "words": [{"text": "760mins", "box": [819, 1538, 949, 1580]}], "linking": [[]], "id": 58}, {"box": [959, 1538, 1021, 1580], "text": "Low", "label": "answer", "words": [{"text": "Low", "box": [959, 1538, 1021, 1580]}], "linking": [[]], "id": 59}, {"box": [1235, 1535, 1348, 1579], "text": "\u00a319.52", "label": "answer", "words": [{"text": "\u00a319.52", "box": [1235, 1535, 1348, 1579]}], "linking": [[]], "id": 60}, {"box": [659, 1584, 778, 1631], "text": "handset", "label": "answer", "words": [{"text": "handset", "box": [659, 1584, 778, 1631]}], "linking": [[]], "id": 61}, {"box": [788, 1590, 802, 1631], "text": "1", "label": "answer", "words": [{"text": "1", "box": [788, 1590, 802, 1631]}], "linking": [[]], "id": 62}, {"box": [812, 1591, 857, 1631], "text": "Nov", "label": "answer", "words": [{"text": "Nov", "box": [812, 1591, 857, 1631]}], "linking": [[]], "id": 63}, {"box": [867, 1592, 893, 1631], "text": "to", "label": "answer", "words": [{"text": "to", "box": [867, 1592, 893, 1631]}], "linking": [[]], "id": 64}, {"box": [903, 1592, 930, 1631], "text": "30", "label": "answer", "words": [{"text": "30", "box": [903, 1592, 930, 1631]}], "linking": [[]], "id": 65}, {"box": [939, 1592, 991, 1631], "text": "Nov", "label": "answer", "words": [{"text": "Nov", "box": [939, 1592, 991, 1631]}], "linking": [[]], "id": 66}, {"box": [658, 1642, 808, 1684], "text": "Accenture", "label": "answer", "words": [{"text": "Accenture", "box": [658, 1642, 808, 1684]}], "linking": [[]], "id": 67}, {"box": [817, 1640, 865, 1684], "text": "HH", "label": "answer", "words": [{"text": "HH", "box": [817, 1640, 865, 1684]}], "linking": [[]], "id": 68}, {"box": [876, 1640, 918, 1684], "text": "4G", "label": "answer", "words": [{"text": "4G", "box": [876, 1640, 918, 1684]}], "linking": [[]], "id": 69}, {"box": [929, 1639, 1012, 1684], "text": "20GB", "label": "answer", "words": [{"text": "20GB", "box": [929, 1639, 1012, 1684]}], "linking": [[]], "id": 70}, {"box": [1238, 1640, 1347, 1680], "text": "\u00a337.00", "label": "answer", "words": [{"text": "\u00a337.00", "box": [1238, 1640, 1347, 1680]}], "linking": [[]], "id": 71}, {"box": [664, 1685, 812, 1731], "text": "WiFi&Teth", "label": "answer", "words": [{"text": "WiFi&Teth", "box": [664, 1685, 812, 1731]}], "linking": [[]], "id": 72}, {"box": [820, 1691, 839, 1731], "text": "1", "label": "answer", "words": [{"text": "1", "box": [820, 1691, 839, 1731]}], "linking": [[]], "id": 73}, {"box": [847, 1692, 893, 1731], "text": "Nov", "label": "answer", "words": [{"text": "Nov", "box": [847, 1692, 893, 1731]}], "linking": [[]], "id": 74}, {"box": [902, 1693, 930, 1731], "text": "to", "label": "answer", "words": [{"text": "to", "box": [902, 1693, 930, 1731]}], "linking": [[]], "id": 75}, {"box": [938, 1693, 969, 1731], "text": "30", "label": "answer", "words": [{"text": "30", "box": [938, 1693, 969, 1731]}], "linking": [[]], "id": 76}, {"box": [977, 1694, 1024, 1732], "text": "Nov", "label": "answer", "words": [{"text": "Nov", "box": [977, 1694, 1024, 1732]}], "linking": [[]], "id": 77}, {"box": [592, 1746, 659, 1787], "text": "Extra", "label": "question", "words": [{"text": "Extra", "box": [592, 1746, 659, 1787]}], "linking": [[]], "id": 78}, {"box": [668, 1747, 759, 1788], "text": "usage", "label": "question", "words": [{"text": "usage", "box": [668, 1747, 759, 1788]}], "linking": [[]], "id": 79}, {"box": [768, 1747, 891, 1789], "text": "charges", "label": "question", "words": [{"text": "charges", "box": [768, 1747, 891, 1789]}], "linking": [[]], "id": 80}, {"box": [899, 1750, 931, 1789], "text": "up", "label": "question", "words": [{"text": "up", "box": [899, 1750, 931, 1789]}], "linking": [[]], "id": 81}, {"box": [939, 1750, 962, 1789], "text": "to", "label": "question", "words": [{"text": "to", "box": [939, 1750, 962, 1789]}], "linking": [[]], "id": 82}, {"box": [970, 1750, 999, 1788], "text": "31", "label": "question", "words": [{"text": "31", "box": [970, 1750, 999, 1788]}], "linking": [[]], "id": 83}, {"box": [1007, 1751, 1058, 1788], "text": "Oct", "label": "question", "words": [{"text": "Oct", "box": [1007, 1751, 1058, 1788]}], "linking": [[]], "id": 84}, {"box": [659, 1799, 738, 1840], "text": "Calls", "label": "question", "words": [{"text": "Calls", "box": [659, 1799, 738, 1840]}], "linking": [[]], "id": 85}, {"box": [880, 1776, 1010, 1804], "text": "........................", "label": "question", "words": [{"text": "........................", "box": [880, 1776, 1010, 1804]}], "linking": [[]], "id": 86}, {"box": [1258, 1802, 1345, 1838], "text": "\u00a30.00", "label": "answer", "words": [{"text": "\u00a30.00", "box": [1258, 1802, 1345, 1838]}], "linking": [[]], "id": 87}, {"box": [666, 1855, 829, 1902], "text": "Messaging,", "label": "answer", "words": [{"text": "Messaging,", "box": [666, 1855, 829, 1902]}], "linking": [[]], "id": 88}, {"box": [837, 1859, 939, 1903], "text": "mobile", "label": "answer", "words": [{"text": "mobile", "box": [837, 1859, 939, 1903]}], "linking": [[]], "id": 89}, {"box": [946, 1860, 1071, 1902], "text": "internet", "label": "answer", "words": [{"text": "internet", "box": [946, 1860, 1071, 1902]}], "linking": [[]], "id": 90}, {"box": [1260, 1860, 1346, 1900], "text": "\u00a30.00", "label": "answer", "words": [{"text": "\u00a30.00", "box": [1260, 1860, 1346, 1900]}], "linking": [[]], "id": 91}, {"box": [597, 1911, 662, 1955], "text": "Total", "label": "question", "words": [{"text": "Total", "box": [597, 1911, 662, 1955]}], "linking": [[]], "id": 92}, {"box": [672, 1912, 767, 1956], "text": "before", "label": "question", "words": [{"text": "before", "box": [672, 1912, 767, 1956]}], "linking": [[]], "id": 93}, {"box": [776, 1912, 834, 1957], "text": "VAT", "label": "question", "words": [{"text": "VAT", "box": [776, 1912, 834, 1957]}], "linking": [[]], "id": 94}, {"box": [1239, 1914, 1354, 1956], "text": "\u00a356.52", "label": "answer", "words": [{"text": "\u00a356.52", "box": [1239, 1914, 1354, 1956]}], "linking": [[]], "id": 95}, {"box": [592, 1963, 644, 2008], "text": "VAT", "label": "question", "words": [{"text": "VAT", "box": [592, 1963, 644, 2008]}], "linking": [[]], "id": 96}, {"box": [653, 1964, 684, 2008], "text": "at", "label": "question", "words": [{"text": "at", "box": [653, 1964, 684, 2008]}], "linking": [[]], "id": 97}, {"box": [693, 1964, 764, 2009], "text": "20%", "label": "question", "words": [{"text": "20%", "box": [693, 1964, 764, 2009]}], "linking": [[]], "id": 98}, {"box": [773, 1966, 809, 2009], "text": "on", "label": "question", "words": [{"text": "on", "box": [773, 1966, 809, 2009]}], "linking": [[]], "id": 99}, {"box": [819, 1966, 934, 2006], "text": "\u00a356.52", "label": "question", "words": [{"text": "\u00a356.52", "box": [819, 1966, 934, 2006]}], "linking": [[]], "id": 100}, {"box": [1243, 1966, 1348, 2007], "text": "\u00a311.30", "label": "answer", "words": [{"text": "\u00a311.30", "box": [1243, 1966, 1348, 2007]}], "linking": [[]], "id": 101}, {"box": [594, 2024, 663, 2062], "text": "Total", "label": "question", "words": [{"text": "Total", "box": [594, 2024, 663, 2062]}], "linking": [[]], "id": 102}, {"box": [1116, 2042, 1338, 2116], "text": "\u00a367.82", "label": "answer", "words": [{"text": "\u00a367.82", "box": [1116, 2042, 1338, 2116]}], "linking": [[]], "id": 103}, {"box": [929, 2139, 970, 2194], "text": "by", "label": "other", "words": [{"text": "by", "box": [929, 2139, 970, 2194]}], "linking": [[]], "id": 104}, {"box": [983, 2138, 1109, 2194], "text": "Credit", "label": "other", "words": [{"text": "Credit", "box": [983, 2138, 1109, 2194]}], "linking": [[]], "id": 105}, {"box": [1122, 2138, 1221, 2193], "text": "Card", "label": "other", "words": [{"text": "Card", "box": [1122, 2138, 1221, 2193]}], "linking": [[]], "id": 106}, {"box": [1235, 2140, 1287, 2193], "text": "on", "label": "other", "words": [{"text": "on", "box": [1235, 2140, 1287, 2193]}], "linking": [[]], "id": 107}, {"box": [1301, 2142, 1342, 2193], "text": "or", "label": "other", "words": [{"text": "or", "box": [1301, 2142, 1342, 2193]}], "linking": [[]], "id": 108}, {"box": [827, 2204, 925, 2257], "text": "after", "label": "other", "words": [{"text": "after", "box": [827, 2204, 925, 2257]}], "linking": [[]], "id": 109}, {"box": [936, 2204, 985, 2257], "text": "14", "label": "other", "words": [{"text": "14", "box": [936, 2204, 985, 2257]}], "linking": [[]], "id": 110}, {"box": [996, 2204, 1219, 2257], "text": "December", "label": "other", "words": [{"text": "December", "box": [996, 2204, 1219, 2257]}], "linking": [[]], "id": 111}, {"box": [1231, 2202, 1345, 2257], "text": "2018", "label": "other", "words": [{"text": "2018", "box": [1231, 2202, 1345, 2257]}], "linking": [[]], "id": 112}, {"box": [2327, 2828, 2398, 2967], "text": "Page", "label": "other", "words": [{"text": "Page", "box": [2327, 2828, 2398, 2967]}], "linking": [[]], "id": 113}, {"box": [2327, 2982, 2399, 3010], "text": "1", "label": "other", "words": [{"text": "1", "box": [2327, 2982, 2399, 3010]}], "linking": [[]], "id": 114}, {"box": [2328, 3024, 2400, 3087], "text": "of", "label": "other", "words": [{"text": "of", "box": [2328, 3024, 2400, 3087]}], "linking": [[]], "id": 115}, {"box": [2329, 3099, 2401, 3144], "text": "4", "label": "other", "words": [{"text": "4", "box": [2329, 3099, 2401, 3144]}], "linking": [[]], "id": 116}]}